id,player_id,team,opponent,match_date,season,round,disposals,goals,fantasy_points,disposals_last3_avg,disposals_last5_avg,disposals_last10_avg,goals_last3_avg,goals_last5_avg,goals_last10_avg,fantasy_points_last3_avg,fantasy_points_last5_avg,fantasy_points_last10_avg
517248,45439,St Kilda Saints,Brisbane Lions,1999-03-27,1999,1,6.0,1.0,30,9.0,5.666666666666667,6.875,1.0,1.0,1.3333333333333333,26.666666666666668,25.2,36.9
517432,45586,West Coast Eagles,Fremantle Dockers,1999-03-28,1999,1,1.0,,2,17.5,12.5,14.88888888888889,2.5,2.333333333333333,1.875,56.333333333333336,48.2,62.3
538057,45690,Melbourne Demons,Geelong Cats,1999-04-10,1999,3,15.0,1.0,56,13.666666666666666,15.8,18.8,,,1.0,41.333333333333336,49.2,61.2
528036,45789,Fremantle Dockers,Hawthorn Hawks,1999-04-10,1999,3,7.0,,26,7.666666666666667,6.2,5.333333333333333,,,,34.666666666666664,27.6,24.3
533862,45866,Brisbane Lions,Port Adelaide Power,1999-04-10,1999,3,3.0,,11,5.0,5.0,7.3,1.0,1.0,1.0,23.33333333333333,23.4,33.6
503831,45718,Collingwood Magpies,Richmond Tigers,1999-04-17,1999,4,10.0,,33,18.0,13.6,12.0,,1.0,1.5,59.0,48.2,44.8
527708,45571,Fremantle Dockers,Carlton Blues,1999-04-17,1999,4,,,0,2.0,3.6666666666666665,5.125,,2.0,2.0,8.333333333333334,14.8,24.5
530177,45808,Port Adelaide Power,Geelong Cats,1999-04-18,1999,4,4.0,,16,7.333333333333333,6.6,8.9,,1.0,1.0,27.666666666666668,26.4,36.9
570336,45515,Port Adelaide Power,Melbourne Demons,1999-04-24,1999,5,,,2,7.666666666666667,7.4,8.3,1.0,1.0,1.0,30.0,32.0,34.9
507532,45740,North Melbourne Kangaroos,St Kilda Saints,1999-04-24,1999,5,3.0,,10,4.666666666666667,5.0,4.6,1.0,1.0,1.0,24.33333333333333,27.6,23.0
593604,45376,Carlton Blues,Geelong Cats,1999-04-24,1999,5,3.0,,16,3.5,3.5,3.5,,,,10.0,10.0,10.0
597205,45421,Sydney Swans,Adelaide Crows,1999-04-25,1999,5,5.0,,20,9.333333333333334,10.6,8.9,1.0,1.0,1.1428571428571428,40.0,44.2,39.5
508548,45364,Richmond Tigers,Carlton Blues,1999-05-07,1999,7,1.0,1.0,9,12.0,12.8,11.4,2.0,1.6666666666666667,1.5,53.333333333333336,53.6,45.0
564690,45541,Collingwood Magpies,Brisbane Lions,1999-05-08,1999,7,7.0,,29,7.0,4.75,5.0,,,1.0,29.33333333333333,21.4,23.0
593189,45411,Port Adelaide Power,Western Bulldogs,1999-05-08,1999,7,6.0,,33,4.0,4.5,4.5,,,,15.0,18.5,18.5
574078,45349,Essendon Bombers,St Kilda Saints,1999-05-14,1999,8,6.0,,36,9.333333333333334,10.8,9.7,1.0,1.0,1.0,41.66666666666666,43.0,39.4
512738,45379,Brisbane Lions,Richmond Tigers,1999-05-16,1999,8,20.0,1.0,73,20.33333333333333,19.6,22.7,1.0,1.0,1.75,77.0,73.8,84.6
589489,45920,Melbourne Demons,Carlton Blues,1999-05-22,1999,9,18.0,,54,16.0,17.6,17.7,1.0,1.3333333333333333,1.4285714285714286,57.0,62.8,67.6
522728,45769,Port Adelaide Power,St Kilda Saints,1999-05-23,1999,9,9.0,,28,8.0,8.6,10.4,1.5,1.3333333333333333,1.3333333333333333,38.0,34.6,40.7
558247,45840,North Melbourne Kangaroos,West Coast Eagles,1999-06-14,1999,11,2.0,,4,12.333333333333334,13.0,15.7,1.3333333333333333,1.3333333333333333,1.6666666666666667,61.333333333333336,57.8,65.2
535899,45698,Melbourne Demons,Collingwood Magpies,1999-06-14,1999,11,10.0,2.0,49,8.666666666666666,8.0,9.7,1.3333333333333333,1.4,2.5,45.0,39.6,56.9
510681,45490,Essendon Bombers,Brisbane Lions,1999-06-19,1999,12,7.0,,18,13.666666666666666,11.2,12.3,,,,42.66666666666666,34.8,41.4
560362,45479,Hawthorn Hawks,Port Adelaide Power,1999-06-26,1999,13,4.0,,10,4.666666666666667,4.5,4.5,,,,20.666666666666668,17.75,17.75
503418,45964,Carlton Blues,North Melbourne Kangaroos,1999-06-26,1999,13,7.0,,20,13.333333333333334,12.8,14.8,1.5,2.25,1.8333333333333333,52.0,57.2,56.0
539647,45494,Adelaide Crows,Geelong Cats,1999-07-04,1999,14,11.0,,42,5.666666666666667,5.2,6.777777777777778,1.0,1.0,1.5,33.0,25.6,30.6
512829,45535,Collingwood Magpies,Geelong Cats,1999-07-10,1999,15,3.0,,17,8.333333333333334,7.0,6.5,,1.0,1.0,30.0,28.8,24.8
526795,45678,Carlton Blues,Adelaide Crows,1999-07-10,1999,15,3.0,,19,10.0,8.25,10.333333333333334,,,,26.666666666666668,19.6,30.4
504770,45550,Brisbane Lions,St Kilda Saints,1999-07-17,1999,16,3.0,,11,7.333333333333333,9.4,11.3,,,1.0,30.33333333333333,39.6,46.8
527746,45587,St Kilda Saints,Brisbane Lions,1999-07-17,1999,16,,,0,11.0,9.2,9.333333333333334,1.0,1.0,1.25,39.0,31.8,34.0
522567,45702,West Coast Eagles,Brisbane Lions,1999-07-25,1999,17,15.0,,71,11.0,11.0,11.0,1.0,1.0,1.0,43.333333333333336,38.6,42.0
513458,45676,Hawthorn Hawks,Adelaide Crows,1999-07-25,1999,17,9.0,,28,15.0,10.0,10.25,,,1.0,41.0,34.6,40.4
544224,45967,Collingwood Magpies,Carlton Blues,1999-07-25,1999,17,15.0,,46,10.333333333333334,14.0,15.2,1.0,1.0,1.6666666666666667,38.0,48.2,56.1
553890,45546,Collingwood Magpies,Carlton Blues,1999-07-25,1999,17,13.0,,37,14.5,16.5,17.0,,,,44.333333333333336,52.4,54.8
534962,45822,Collingwood Magpies,West Coast Eagles,1999-07-31,1999,18,2.0,,4,10.333333333333334,8.6,8.333333333333334,,,,34.666666666666664,28.6,27.0
512360,45918,St Kilda Saints,Western Bulldogs,1999-08-08,1999,19,10.0,1.0,46,14.0,10.8,10.5,,1.0,1.0,56.66666666666666,45.6,40.5
528367,45483,Brisbane Lions,Adelaide Crows,1999-08-08,1999,19,2.0,,9,7.666666666666667,9.0,10.444444444444445,,,,34.0,38.0,41.0
568849,45930,Hawthorn Hawks,Melbourne Demons,1999-08-08,1999,19,6.0,,15,9.666666666666666,8.8,7.125,,,,36.333333333333336,32.8,24.444444444444443
512760,45402,St Kilda Saints,Western Bulldogs,1999-08-08,1999,19,12.0,,51,8.5,9.25,9.555555555555555,,,1.0,25.33333333333333,31.0,36.6
529739,45655,Melbourne Demons,Port Adelaide Power,1999-08-14,1999,20,3.0,,7,13.666666666666666,13.25,9.666666666666666,1.0,1.3333333333333333,1.2857142857142858,44.333333333333336,44.2,37.5
531830,45805,Adelaide Crows,Sydney Swans,1999-08-15,1999,20,5.0,,36,8.333333333333334,7.8,7.777777777777778,,,1.5,45.66666666666666,47.4,47.9
572876,45700,Fremantle Dockers,Brisbane Lions,1999-08-15,1999,20,2.0,,13,6.333333333333333,8.0,8.0,2.0,1.6666666666666667,1.6666666666666667,37.0,45.25,45.25
574947,45704,Fremantle Dockers,Brisbane Lions,1999-08-15,1999,20,3.0,1.0,24,7.333333333333333,7.4,9.6,,,,28.33333333333333,28.4,35.0
553464,45801,Geelong Cats,Carlton Blues,1999-08-15,1999,20,20.0,,75,15.666666666666666,13.0,17.88888888888889,1.0,1.0,1.0,61.0,49.2,68.6
579249,45473,Carlton Blues,St Kilda Saints,1999-08-21,1999,21,15.0,,49,11.0,9.5,9.0,1.0,1.0,1.0,40.333333333333336,34.8,33.4
592392,45517,Geelong Cats,Hawthorn Hawks,1999-08-21,1999,21,1.0,,3,5.666666666666667,6.8,8.88888888888889,1.0,1.0,1.0,18.666666666666668,22.8,27.33333333333333
513787,45795,Carlton Blues,St Kilda Saints,1999-08-21,1999,21,3.0,1.0,26,6.0,7.0,6.555555555555555,5.0,5.0,3.0,40.66666666666666,36.0,38.2
525807,45888,Melbourne Demons,Brisbane Lions,1999-08-21,1999,21,,,42,4.666666666666667,6.2,6.2,,1.5,1.25,18.666666666666668,28.8,29.0
521355,45370,Fremantle Dockers,Sydney Swans,1999-08-21,1999,21,,,10,7.0,8.0,7.555555555555555,,,,39.66666666666666,33.2,35.4
541478,45911,Collingwood Magpies,North Melbourne Kangaroos,1999-08-22,1999,21,1.0,,3,12.666666666666666,9.6,12.5,,,,50.0,38.2,48.2
582504,45929,Richmond Tigers,Carlton Blues,1999-08-27,1999,22,5.0,,40,4.333333333333333,4.6,4.8,,,1.0,36.333333333333336,38.2,39.6
512205,45760,Richmond Tigers,Carlton Blues,1999-08-27,1999,22,10.0,1.0,58,2.5,0.75,2.125,1.0,1.0,1.0,35.0,27.4,26.2
593184,45939,Melbourne Demons,Essendon Bombers,1999-08-28,1999,22,7.0,,32,12.333333333333334,15.8,18.0,1.5,2.0,2.0,53.333333333333336,59.8,66.2
581914,45457,Collingwood Magpies,Brisbane Lions,1999-08-28,1999,22,11.0,1.0,57,9.333333333333334,11.6,14.6,2.0,2.0,1.75,35.666666666666664,45.2,55.7
566117,45908,Essendon Bombers,Melbourne Demons,1999-08-28,1999,22,19.0,,56,9.333333333333334,8.2,9.3,,,1.0,40.333333333333336,36.2,37.9
541387,45871,Melbourne Demons,Essendon Bombers,1999-08-28,1999,22,7.0,,22,4.666666666666667,5.6,6.3,,,,15.0,24.8,24.4
553628,45351,St Kilda Saints,West Coast Eagles,1999-08-28,1999,22,21.0,3.0,94,18.33333333333333,14.4,12.2,1.0,1.0,1.4,61.0,48.8,49.7
595483,45787,Adelaide Crows,North Melbourne Kangaroos,1999-08-29,1999,22,18.0,,63,3.333333333333333,5.2,5.7,,,,15.666666666666666,24.0,24.2
595649,45373,Adelaide Crows,North Melbourne Kangaroos,1999-08-29,1999,22,,1.0,74,11.0,11.6,8.8,1.0,1.0,1.3333333333333333,38.333333333333336,41.6,36.0
560029,45431,Fremantle Dockers,Geelong Cats,1999-08-29,1999,22,20.0,,91,8.666666666666666,6.4,6.222222222222222,1.0,1.0,1.0,42.333333333333336,28.4,27.3
528558,45900,North Melbourne Kangaroos,Adelaide Crows,1999-08-29,1999,22,6.0,,17,3.333333333333333,4.5,6.888888888888889,,2.0,1.25,13.666666666666666,17.6,25.9
578698,45621,Adelaide Crows,North Melbourne Kangaroos,1999-08-29,1999,22,13.0,1.0,51,6.333333333333333,8.0,12.4,1.0,1.0,1.0,22.666666666666668,31.0,46.4
561630,45675,Adelaide Crows,North Melbourne Kangaroos,1999-08-29,1999,22,5.0,,12,15.0,12.2,15.0,4.0,4.0,1.8,71.66666666666667,55.0,61.4
547637,45580,Hawthorn Hawks,Sydney Swans,1999-08-29,1999,22,12.0,1.0,42,12.333333333333334,12.8,11.0,1.0,1.0,1.0,36.333333333333336,39.4,35.6
586636,45383,Port Adelaide Power,North Melbourne Kangaroos,1999-09-04,1999,QF,0.0,,28,5.666666666666667,6.0,6.5,1.0,1.0,1.0,40.66666666666666,44.4,43.7
517133,45415,Port Adelaide Power,North Melbourne Kangaroos,1999-09-04,1999,QF,2.0,,17,5.333333333333333,7.2,6.0,3.0,2.0,2.0,24.666666666666668,36.2,29.5
575648,45891,Essendon Bombers,Carlton Blues,1999-09-18,1999,PF,7.0,,44,7.333333333333333,7.8,7.4,,,1.0,49.66666666666666,51.2,44.4
546913,45684,North Melbourne Kangaroos,Carlton Blues,1999-09-25,1999,GF,3.0,,9,5.333333333333333,8.0,9.0,,,,21.0,32.6,39.8
560796,45597,Carlton Blues,North Melbourne Kangaroos,1999-09-25,1999,GF,3.0,,8,5.333333333333333,4.6,7.3,,,1.0,18.666666666666668,18.6,33.1
581839,45423,Melbourne Demons,Richmond Tigers,2000-03-08,2000,1,8.0,,15,10.666666666666666,11.4,15.6,1.6666666666666667,1.5,1.4,40.66666666666666,45.8,57.4
578394,45867,North Melbourne Kangaroos,West Coast Eagles,2000-03-10,2000,1,,,5,3.0,8.0,7.142857142857143,1.0,1.6666666666666667,1.4,4.333333333333333,29.6,27.6
546961,45848,Richmond Tigers,Essendon Bombers,2000-03-16,2000,2,2.0,,4,13.0,11.8,7.8,,,1.0,37.0,34.6,24.0
619098,46247,North Melbourne Kangaroos,Richmond Tigers,2000-03-24,2000,3,8.0,,39,10.0,10.0,10.0,,,,37.0,37.0,37.0
588286,45407,Brisbane Lions,Hawthorn Hawks,2000-03-25,2000,3,2.0,,-1,5.666666666666667,6.6,9.3,1.0,1.0,1.0,28.666666666666668,28.4,40.6
540393,45440,Melbourne Demons,Sydney Swans,2000-03-26,2000,3,2.0,,16,7.333333333333333,5.8,7.666666666666667,4.0,3.0,3.4285714285714284,43.333333333333336,31.4,40.9
617727,46027,Port Adelaide Power,Western Bulldogs,2000-03-26,2000,3,4.0,,14,,,,,,,,,
525555,45778,Sydney Swans,Collingwood Magpies,2000-04-01,2000,4,6.0,,25,7.666666666666667,8.4,10.0,1.5,1.5,1.8,31.666666666666668,36.2,40.6
584246,45502,Adelaide Crows,West Coast Eagles,2000-04-01,2000,4,8.0,,32,8.333333333333334,6.8,6.3,,,1.0,35.666666666666664,29.6,26.5
515021,45657,Hawthorn Hawks,Essendon Bombers,2000-04-01,2000,4,11.0,1.0,46,8.666666666666666,7.6,11.1,1.0,1.0,1.1666666666666667,39.333333333333336,35.6,52.0
619302,46279,Brisbane Lions,Port Adelaide Power,2000-04-02,2000,4,6.0,,21,9.0,9.0,9.0,,,,34.0,34.0,34.0
619296,46276,Hawthorn Hawks,Port Adelaide Power,2000-04-09,2000,5,3.0,,18,,,,,,,,,
522366,45670,West Coast Eagles,Geelong Cats,2000-04-09,2000,5,12.0,1.0,53,10.666666666666666,11.2,10.7,,1.5,2.0,36.66666666666666,42.8,45.4
555554,45868,Melbourne Demons,Geelong Cats,2000-04-16,2000,6,2.0,,3,14.0,10.0,7.625,1.0,1.0,1.0,35.0,28.0,25.0
574831,45516,Sydney Swans,Geelong Cats,2000-04-22,2000,7,9.0,1.0,39,11.333333333333334,12.8,14.3,2.0,2.0,1.5,42.333333333333336,46.8,51.7
528166,45892,Western Bulldogs,Hawthorn Hawks,2000-04-22,2000,7,7.0,1.0,38,7.666666666666667,8.4,8.6,3.0,3.0,1.6666666666666667,30.33333333333333,33.8,35.2
523233,45699,Western Bulldogs,Hawthorn Hawks,2000-04-22,2000,7,4.0,,16,6.0,6.0,6.0,1.5,1.5,1.5,31.666666666666668,28.25,28.25
617629,46013,West Coast Eagles,Melbourne Demons,2000-04-23,2000,7,8.0,,35,,,,,,,,,
514382,45322,North Melbourne Kangaroos,Hawthorn Hawks,2000-04-28,2000,8,2.0,,13,7.0,7.333333333333333,5.125,,1.0,1.0,16.0,20.2,15.2
528543,45762,Port Adelaide Power,Geelong Cats,2000-05-13,2000,10,3.0,,8,8.0,9.8,14.8,,2.5,2.4,22.666666666666668,34.8,59.3
571651,45444,Geelong Cats,Essendon Bombers,2000-05-20,2000,11,4.0,,14,9.333333333333334,10.8,11.4,,,,40.66666666666666,44.2,45.3
586692,45324,Geelong Cats,Essendon Bombers,2000-05-20,2000,11,12.0,,43,15.666666666666666,14.2,19.8,2.0,2.0,1.8,69.33333333333333,60.0,78.1
595555,45697,Geelong Cats,Essendon Bombers,2000-05-20,2000,11,7.0,1.0,28,10.0,11.2,11.9,1.0,1.0,1.0,49.66666666666666,50.4,53.4
535986,45482,North Melbourne Kangaroos,Carlton Blues,2000-05-20,2000,11,4.0,,22,6.0,6.6,7.75,1.5,1.5,2.0,41.333333333333336,38.0,37.4
588633,45792,Collingwood Magpies,West Coast Eagles,2000-05-21,2000,11,3.0,1.0,17,8.0,7.5,12.77777777777778,1.5,1.3333333333333333,1.1666666666666667,38.333333333333336,33.4,46.2
619389,46301,Collingwood Magpies,Geelong Cats,2000-05-27,2000,12,4.0,,25,,,,,,,,,
565354,45708,Brisbane Lions,Richmond Tigers,2000-05-27,2000,12,1.0,,25,5.666666666666667,6.5,10.125,,,,41.333333333333336,50.2,52.1
617612,46006,Collingwood Magpies,Geelong Cats,2000-05-27,2000,12,4.0,,17,,,,,,,,,
583759,45372,Port Adelaide Power,North Melbourne Kangaroos,2000-05-28,2000,12,,,0,15.333333333333334,15.8,16.0,,,1.0,57.66666666666666,56.8,58.3
592951,45601,West Coast Eagles,Brisbane Lions,2000-06-03,2000,13,6.0,,19,6.0,5.666666666666667,6.5,,,,13.0,11.4,13.5
565947,45869,Carlton Blues,Melbourne Demons,2000-06-03,2000,13,15.0,,53,10.666666666666666,10.4,11.5,,,1.0,39.66666666666666,37.2,41.8
560623,45511,Melbourne Demons,Carlton Blues,2000-06-03,2000,13,11.0,,32,22.0,23.8,22.3,1.0,1.0,1.2,74.33333333333333,86.8,81.5
545637,45726,Geelong Cats,Western Bulldogs,2000-06-04,2000,13,3.0,,10,4.0,4.0,4.0,,,,17.0,17.0,17.0
569251,45905,West Coast Eagles,Port Adelaide Power,2000-06-10,2000,14,5.0,,23,4.666666666666667,6.6,7.0,,,,18.33333333333333,30.2,27.6
513463,45776,Collingwood Magpies,Melbourne Demons,2000-06-10,2000,14,7.0,,20,9.0,8.5,8.5,3.0,2.0,2.0,39.333333333333336,37.5,37.5
525027,45615,Collingwood Magpies,Melbourne Demons,2000-06-10,2000,14,8.0,,19,14.0,11.25,7.888888888888889,,,1.0,39.66666666666666,36.6,29.1
617883,46035,St Kilda Saints,Hawthorn Hawks,2000-06-11,2000,14,7.0,,15,7.5,8.333333333333334,7.857142857142857,1.0,1.0,1.2,26.0,28.6,30.3
516863,45320,Sydney Swans,Essendon Bombers,2000-06-11,2000,14,2.0,,8,6.333333333333333,7.0,8.3,1.0,1.6666666666666667,1.8,22.666666666666668,30.0,36.4
568357,45419,Hawthorn Hawks,St Kilda Saints,2000-06-11,2000,14,6.0,1.0,32,9.666666666666666,8.0,6.5,1.0,1.0,1.0,43.333333333333336,31.8,28.2
526516,45755,St Kilda Saints,Collingwood Magpies,2000-06-16,2000,15,3.0,,14,10.0,8.2,9.5,,,,39.0,32.0,39.3
572871,45696,Geelong Cats,Brisbane Lions,2000-06-17,2000,15,3.0,,4,6.666666666666667,8.6,8.88888888888889,2.0,2.0,2.0,24.666666666666668,35.8,36.3
619601,46350,Richmond Tigers,Port Adelaide Power,2000-06-18,2000,15,2.0,,5,7.333333333333333,7.333333333333333,7.333333333333333,1.0,1.0,1.0,24.666666666666668,24.666666666666668,24.666666666666668
503969,45369,Sydney Swans,Fremantle Dockers,2000-06-18,2000,15,5.0,1.0,13,11.666666666666666,11.4,10.6,,,1.0,43.0,41.2,39.5
517276,45506,Richmond Tigers,Melbourne Demons,2000-06-24,2000,16,1.0,,10,5.666666666666667,5.8,7.2,1.0,1.5,1.2857142857142858,27.33333333333333,29.2,33.6
577027,45417,Brisbane Lions,Carlton Blues,2000-06-25,2000,16,3.0,,9,13.0,13.0,11.77777777777778,,1.0,1.5,52.66666666666666,52.4,45.9
618966,46238,West Coast Eagles,North Melbourne Kangaroos,2000-06-25,2000,16,6.0,,27,12.0,12.0,12.0,,,,43.0,43.0,43.0
618964,46237,Geelong Cats,St Kilda Saints,2000-06-30,2000,17,1.0,,5,5.333333333333333,8.0,8.857142857142858,1.0,1.6666666666666667,1.5,19.33333333333333,36.4,38.285714285714285
533594,45565,Geelong Cats,St Kilda Saints,2000-06-30,2000,17,7.0,1.0,60,6.5,6.75,7.0,2.0,2.0,1.4,45.333333333333336,50.8,52.2
556291,45531,Essendon Bombers,Richmond Tigers,2000-07-01,2000,17,9.0,,36,7.666666666666667,6.6,10.9,1.0,1.0,1.3333333333333333,26.0,23.2,38.9
533917,45484,Port Adelaide Power,Fremantle Dockers,2000-07-01,2000,17,3.0,,10,9.666666666666666,8.2,11.6,,,1.0,30.666666666666668,27.8,44.6
523452,45853,Richmond Tigers,Essendon Bombers,2000-07-01,2000,17,5.0,,24,5.0,5.8,7.3,,1.0,1.25,21.0,22.4,29.5
580437,45780,Sydney Swans,West Coast Eagles,2000-07-02,2000,17,7.0,,28,10.666666666666666,8.4,8.5,1.0,1.0,1.0,57.333333333333336,44.6,40.4
585123,45953,Collingwood Magpies,Adelaide Crows,2000-07-02,2000,17,5.0,,22,7.333333333333333,12.8,11.5,,3.0,2.5,31.33333333333333,59.2,53.8
617871,46034,North Melbourne Kangaroos,Richmond Tigers,2000-07-08,2000,18,3.0,,11,5.666666666666667,6.4,7.555555555555555,1.0,1.0,1.5,32.0,30.8,31.1
525246,45661,Brisbane Lions,Hawthorn Hawks,2000-07-09,2000,18,9.0,,32,19.0,18.5,16.555555555555557,,1.0,1.0,34.666666666666664,38.6,42.7
506427,45971,Western Bulldogs,Port Adelaide Power,2000-07-09,2000,18,13.0,,38,5.0,6.2,6.555555555555555,2.0,2.0,1.5,28.33333333333333,28.4,27.9
541225,45951,Collingwood Magpies,Carlton Blues,2000-07-09,2000,18,7.0,,19,11.333333333333334,10.4,10.5,,,1.0,43.333333333333336,37.8,40.3
558455,45730,Brisbane Lions,Hawthorn Hawks,2000-07-09,2000,18,14.0,,59,11.333333333333334,9.2,9.77777777777778,2.0,2.0,1.6,53.0,38.8,43.3
539097,45882,Geelong Cats,North Melbourne Kangaroos,2000-07-14,2000,19,6.0,,31,10.333333333333334,10.0,9.0,,,,44.333333333333336,43.0,35.1
551834,45347,West Coast Eagles,Adelaide Crows,2000-07-14,2000,19,3.0,,14,8.666666666666666,6.6,6.7,,1.0,1.0,39.66666666666666,31.4,30.5
617964,46041,Carlton Blues,Western Bulldogs,2000-07-15,2000,19,8.0,,26,,,,,,,,,
557482,45785,Collingwood Magpies,Western Bulldogs,2000-07-22,2000,20,12.0,,50,11.333333333333334,9.6,12.1,,1.0,1.0,44.333333333333336,38.6,46.7
617547,45996,West Coast Eagles,Geelong Cats,2000-07-22,2000,20,3.0,,21,6.0,6.0,6.0,,,,25.0,25.0,25.0
536672,45751,St Kilda Saints,Richmond Tigers,2000-07-23,2000,20,9.0,1.0,49,6.0,7.4,9.5,1.0,1.0,2.2,26.0,29.8,43.5
593712,45389,St Kilda Saints,Brisbane Lions,2000-07-29,2000,21,12.0,,30,12.0,11.6,10.5,1.5,1.6666666666666667,1.5,54.333333333333336,52.0,45.0
617971,46043,Adelaide Crows,Hawthorn Hawks,2000-07-29,2000,21,4.0,,20,12.0,13.666666666666666,13.666666666666666,,1.0,1.0,33.666666666666664,42.0,42.0
525885,45926,Hawthorn Hawks,Adelaide Crows,2000-07-29,2000,21,13.0,1.0,42,10.333333333333334,16.2,19.88888888888889,1.0,1.0,1.25,42.0,61.8,75.9
541051,45916,Adelaide Crows,Hawthorn Hawks,2000-07-29,2000,21,,,10,6.333333333333333,5.8,6.4,1.0,1.3333333333333333,1.6,49.0,51.8,48.7
501642,45591,Brisbane Lions,St Kilda Saints,2000-07-29,2000,21,9.0,2.0,63,13.666666666666666,14.6,13.1,,1.0,1.0,76.33333333333333,78.8,70.8
588537,45786,Carlton Blues,Port Adelaide Power,2000-07-30,2000,21,7.0,,57,3.333333333333333,3.8,4.777777777777778,,,1.0,39.333333333333336,38.2,39.6
619417,46309,North Melbourne Kangaroos,Collingwood Magpies,2000-07-30,2000,21,3.0,,20,1.0,1.0,1.0,,,,-3.0,-3.0,-3.0
572117,45602,Melbourne Demons,Geelong Cats,2000-07-30,2000,21,2.0,,2,10.666666666666666,15.2,14.6,,,,33.0,48.2,46.0
502569,45960,Carlton Blues,Port Adelaide Power,2000-07-30,2000,21,7.0,,18,2.6666666666666665,3.0,6.1,,,2.0,7.666666666666667,9.2,22.8
536338,45386,Collingwood Magpies,Essendon Bombers,2000-08-05,2000,22,9.0,1.0,49,12.333333333333334,10.6,9.8,1.0,1.0,1.3333333333333333,50.66666666666666,44.6,45.6
536584,45455,Collingwood Magpies,Essendon Bombers,2000-08-05,2000,22,7.0,,31,10.333333333333334,10.2,13.3,,,,36.66666666666666,33.4,43.8
535914,45913,Fremantle Dockers,Brisbane Lions,2000-08-05,2000,22,3.0,,16,8.333333333333334,6.6,7.1,1.5,1.5,1.25,41.0,33.6,33.7
617963,46040,St Kilda Saints,North Melbourne Kangaroos,2000-08-05,2000,22,12.0,2.0,56,13.0,12.2,8.9,2.0,2.0,2.0,51.333333333333336,48.2,34.5
543024,45588,St Kilda Saints,North Melbourne Kangaroos,2000-08-05,2000,22,15.0,2.0,75,7.333333333333333,5.8,7.3,1.6666666666666667,1.75,2.4444444444444446,43.333333333333336,33.4,44.5
523495,45746,Fremantle Dockers,Brisbane Lions,2000-08-05,2000,22,15.0,,65,15.0,12.8,12.5,,1.0,1.0,56.66666666666666,51.8,53.4
583456,45478,Essendon Bombers,Collingwood Magpies,2000-08-05,2000,22,17.0,,46,13.333333333333334,14.2,14.5,,,,46.0,47.6,49.6
517550,45618,Adelaide Crows,Port Adelaide Power,2000-08-06,2000,22,2.0,,8,12.0,9.4,14.3,,,3.0,42.0,32.6,45.7
504109,45489,West Coast Eagles,Melbourne Demons,2000-08-06,2000,22,7.0,4.0,53,6.333333333333333,7.75,15.333333333333334,3.0,2.333333333333333,1.8333333333333333,31.666666666666668,46.0,64.8
574457,45413,Adelaide Crows,Port Adelaide Power,2000-08-06,2000,22,14.0,,49,12.333333333333334,10.25,8.75,1.0,1.0,1.0,45.333333333333336,31.4,32.6
538972,45728,West Coast Eagles,Melbourne Demons,2000-08-06,2000,22,7.0,1.0,26,11.666666666666666,12.4,15.6,,,,47.333333333333336,48.8,56.7
551517,45652,Adelaide Crows,Port Adelaide Power,2000-08-06,2000,22,18.0,,50,11.333333333333334,9.5,10.666666666666666,1.0,1.0,1.0,42.333333333333336,28.4,33.6
573299,45907,West Coast Eagles,Melbourne Demons,2000-08-06,2000,22,3.0,,17,5.333333333333333,6.4,8.3,,1.0,1.0,24.666666666666668,31.2,34.3
560171,45437,Adelaide Crows,Port Adelaide Power,2000-08-06,2000,22,,,66,16.333333333333332,22.4,21.22222222222222,,1.0,1.0,66.66666666666667,91.8,90.5
588344,45466,Port Adelaide Power,Adelaide Crows,2000-08-06,2000,22,2.0,,5,2.0,2.0,2.75,,,,12.333333333333334,6.8,10.3
509818,45906,Geelong Cats,Hawthorn Hawks,2000-08-11,2000,EF,4.0,,17,5.666666666666667,7.8,8.8,,1.0,1.3333333333333333,25.33333333333333,36.6,41.1
517205,45418,North Melbourne Kangaroos,Essendon Bombers,2000-08-12,2000,QF,1.0,,15,3.0,4.6,5.7,,,1.0,16.666666666666668,19.6,24.8
590551,45650,Western Bulldogs,Brisbane Lions,2000-08-12,2000,EF,2.0,,5,7.666666666666667,6.4,7.333333333333333,1.6666666666666667,1.6666666666666667,1.6666666666666667,46.333333333333336,36.0,41.4
583270,45980,Western Bulldogs,Brisbane Lions,2000-08-12,2000,EF,8.0,,56,15.666666666666666,14.4,11.1,,1.0,1.0,82.33333333333333,84.8,60.9
509960,45981,Hawthorn Hawks,North Melbourne Kangaroos,2000-08-18,2000,SF,3.0,,35,13.666666666666666,10.6,11.7,,,,67.33333333333333,55.0,61.0
525790,45877,North Melbourne Kangaroos,Melbourne Demons,2000-08-25,2000,PF,7.0,7.0,99,0.0,2.25,2.7777777777777777,,1.5,1.75,24.33333333333333,38.0,35.2
535139,45385,Carlton Blues,Essendon Bombers,2000-08-26,2000,PF,6.0,,26,12.333333333333334,14.8,16.3,1.5,1.3333333333333333,1.25,55.66666666666666,57.6,55.9
528796,45352,Essendon Bombers,Melbourne Demons,2000-09-02,2000,GF,10.0,1.0,33,15.333333333333334,14.0,14.1,1.5,1.3333333333333333,1.25,58.0,57.0,53.9
598446,45311,North Melbourne Kangaroos,Essendon Bombers,2001-03-30,2001,1,,,0,12.0,9.25,11.125,1.5,1.5,2.0,46.0,40.2,47.2
567258,45935,Carlton Blues,Essendon Bombers,2001-04-12,2001,3,5.0,,13,2.6666666666666665,4.25,4.25,1.0,1.0,1.0,11.666666666666666,18.25,18.25
543897,45889,Geelong Cats,Melbourne Demons,2001-04-16,2001,3,7.0,1.0,25,19.33333333333333,21.4,16.5,1.5,1.3333333333333333,1.2,87.33333333333333,86.4,70.4
533518,45945,Essendon Bombers,Sydney Swans,2001-04-20,2001,4,,,-2,7.333333333333333,6.5,8.222222222222221,,1.0,1.0,29.666666666666668,24.2,32.7
461441,44797,Collingwood Magpies,Richmond Tigers,2001-04-20,2001,4,0.0,0.0,4,,,,,,,,,
619293,46274,Collingwood Magpies,Richmond Tigers,2001-04-20,2001,4,,,4,,,,,,,,,
516881,45326,Carlton Blues,Adelaide Crows,2001-04-21,2001,4,5.0,,20,7.333333333333333,6.6,8.6,2.0,1.5,1.3333333333333333,24.33333333333333,24.0,34.5
568363,45427,Brisbane Lions,Western Bulldogs,2001-04-21,2001,4,7.0,,21,9.0,10.4,10.4,1.0,1.3333333333333333,1.3333333333333333,34.666666666666664,46.2,46.2
539304,45459,Carlton Blues,St Kilda Saints,2001-04-28,2001,5,2.0,,12,8.333333333333334,8.8,7.9,,,1.5,25.666666666666668,26.6,27.4
577321,45784,Adelaide Crows,North Melbourne Kangaroos,2001-04-28,2001,5,3.0,,13,7.333333333333333,5.8,7.0,,1.0,1.0,22.33333333333333,21.0,21.0
619072,46244,North Melbourne Kangaroos,Adelaide Crows,2001-04-28,2001,5,4.0,,13,11.333333333333334,11.4,10.5,,,,48.333333333333336,44.6,37.7
543519,45758,Geelong Cats,Brisbane Lions,2001-05-05,2001,6,13.0,,40,10.0,8.8,8.1,1.0,1.3333333333333333,1.5,40.333333333333336,40.4,39.3
527780,45691,Geelong Cats,Brisbane Lions,2001-05-05,2001,6,7.0,,27,9.333333333333334,10.8,9.5,1.0,1.0,1.0,42.66666666666666,45.8,37.9
553487,45819,Richmond Tigers,Essendon Bombers,2001-05-12,2001,7,4.0,,10,5.5,5.0,5.666666666666667,2.0,2.0,1.5,19.0,21.6,22.4
577388,45315,Sydney Swans,Brisbane Lions,2001-05-13,2001,7,8.0,,37,8.666666666666666,10.6,11.7,1.3333333333333333,1.8,2.0,38.66666666666666,50.0,58.4
458838,44775,Adelaide Crows,Richmond Tigers,2001-05-18,2001,8,0.0,0.0,1,11.0,11.0,11.0,1.0,1.0,1.0,44.0,44.0,44.0
619284,46272,Adelaide Crows,Richmond Tigers,2001-05-18,2001,8,,,1,11.0,11.0,11.0,1.0,1.0,1.0,44.0,44.0,44.0
512383,45947,St Kilda Saints,North Melbourne Kangaroos,2001-05-19,2001,8,5.0,,12,4.666666666666667,7.4,8.9,1.0,1.3333333333333333,1.6,22.666666666666668,34.0,37.0
555414,45800,Brisbane Lions,Adelaide Crows,2001-05-26,2001,9,5.0,,18,17.666666666666668,15.4,11.3,1.0,1.0,1.0,79.0,71.2,51.1
353561,43426,Adelaide Crows,Brisbane Lions,2001-05-26,2001,9,2.0,0.0,12,8.333333333333334,8.333333333333334,8.333333333333334,0.3333333333333333,0.3333333333333333,0.3333333333333333,36.66666666666666,36.66666666666666,36.66666666666666
617676,46019,Adelaide Crows,Brisbane Lions,2001-05-26,2001,9,2.0,,12,8.333333333333334,8.333333333333334,8.333333333333334,1.0,1.0,1.0,36.66666666666666,36.66666666666666,36.66666666666666
555389,45328,Geelong Cats,Richmond Tigers,2001-05-27,2001,9,1.0,,7,4.333333333333333,4.0,4.0,1.0,1.6666666666666667,1.6666666666666667,26.0,28.5,28.5
512810,45488,Fremantle Dockers,Richmond Tigers,2001-06-03,2001,10,2.0,2.0,18,6.333333333333333,10.4,12.2,1.5,1.3333333333333333,1.2,31.33333333333333,46.0,49.0
512653,45374,Fremantle Dockers,Richmond Tigers,2001-06-03,2001,10,5.0,,25,20.33333333333333,20.2,19.7,1.0,1.0,1.0,76.0,80.4,76.3
560072,45436,Melbourne Demons,Collingwood Magpies,2001-06-11,2001,11,2.0,,4,10.0,11.6,11.2,,,1.0,35.0,39.4,40.4
507024,45613,Melbourne Demons,Brisbane Lions,2001-06-17,2001,12,,,26,5.666666666666667,6.75,7.555555555555555,,,,25.33333333333333,31.6,32.2
591032,45804,Melbourne Demons,Brisbane Lions,2001-06-17,2001,12,4.0,,18,3.0,4.8,7.8,2.0,2.0,2.6666666666666665,18.0,25.8,34.5
532848,45637,West Coast Eagles,Collingwood Magpies,2001-06-22,2001,12,8.0,,30,19.0,14.8,14.2,1.0,1.0,1.0,66.0,53.0,52.4
547047,45901,Sydney Swans,Geelong Cats,2001-07-01,2001,13,7.0,,31,9.333333333333334,12.6,11.5,1.0,1.0,1.1666666666666667,43.333333333333336,51.0,47.1
501145,45438,Western Bulldogs,Essendon Bombers,2001-07-06,2001,14,9.0,,40,14.666666666666666,13.0,13.5,1.0,1.0,1.0,59.0,53.8,54.4
556375,45538,St Kilda Saints,Brisbane Lions,2001-07-07,2001,14,10.0,,41,14.5,14.5,14.555555555555555,,,1.5,55.333333333333336,56.0,54.8
580852,45928,West Coast Eagles,Adelaide Crows,2001-07-07,2001,14,7.0,,27,8.0,8.2,11.444444444444445,1.0,1.0,1.25,38.66666666666666,43.8,60.3
508918,45815,Fremantle Dockers,Port Adelaide Power,2001-07-08,2001,14,11.0,,41,9.333333333333334,11.5,10.444444444444445,,,,38.66666666666666,40.2,38.3
526855,45850,St Kilda Saints,Adelaide Crows,2001-07-13,2001,15,7.0,,44,13.666666666666666,11.8,9.9,,1.0,1.0,55.0,50.2,39.7
594517,45752,Fremantle Dockers,Western Bulldogs,2001-07-14,2001,15,5.0,1.0,40,9.333333333333334,9.0,7.4,3.333333333333333,2.8,2.888888888888889,63.0,58.2,48.7
618438,46134,Collingwood Magpies,Brisbane Lions,2001-07-15,2001,15,7.0,,24,,,,,,,,,
400932,44047,Collingwood Magpies,Brisbane Lions,2001-07-15,2001,15,7.0,0.0,24,,,,,,,,,
571796,45491,Western Bulldogs,St Kilda Saints,2001-07-21,2001,16,2.0,,10,2.6666666666666665,3.25,3.7777777777777777,,,1.0,14.666666666666666,19.8,19.8
548030,45849,Western Bulldogs,St Kilda Saints,2001-07-21,2001,16,11.0,,50,13.333333333333334,11.8,18.3,1.0,1.0,1.0,56.333333333333336,43.6,67.0
568660,45896,Port Adelaide Power,Brisbane Lions,2001-07-21,2001,16,7.0,,21,5.333333333333333,5.4,6.3,,,,20.33333333333333,18.2,21.6
592382,45503,St Kilda Saints,Western Bulldogs,2001-07-21,2001,16,3.0,,16,6.333333333333333,6.8,8.1,,,1.5,28.33333333333333,31.0,36.5
510074,45341,Melbourne Demons,Adelaide Crows,2001-07-28,2001,17,5.0,,15,8.666666666666666,8.75,8.555555555555555,1.5,1.3333333333333333,1.4,39.333333333333336,32.2,35.5
512630,45680,Port Adelaide Power,Essendon Bombers,2001-07-29,2001,17,1.0,,3,4.0,9.0,6.9,1.0,2.0,1.8,15.0,42.4,35.1
398662,44021,Hawthorn Hawks,Fremantle Dockers,2001-08-04,2001,18,9.0,1.0,42,5.666666666666667,5.666666666666667,5.666666666666667,0.0,0.5,0.5,20.666666666666668,31.75,31.75
618396,46126,Hawthorn Hawks,Fremantle Dockers,2001-08-04,2001,18,9.0,1.0,42,5.666666666666667,7.5,7.5,,2.0,2.0,20.666666666666668,31.75,31.75
528011,45745,Fremantle Dockers,Hawthorn Hawks,2001-08-04,2001,18,7.0,,28,9.666666666666666,10.8,10.7,1.0,1.0,1.0,42.0,43.0,39.6
556648,45578,Port Adelaide Power,St Kilda Saints,2001-08-11,2001,19,-1.0,,26,1.0,1.25,2.333333333333333,,1.0,2.0,25.0,29.2,39.0
619175,46259,Sydney Swans,Essendon Bombers,2001-08-12,2001,19,1.0,,6,,,,,,,,,
453419,44705,Sydney Swans,Essendon Bombers,2001-08-12,2001,19,1.0,0.0,6,,,,,,,,,
488144,45134,Fremantle Dockers,West Coast Eagles,2001-08-12,2001,19,4.0,0.0,16,6.0,6.0,6.0,0.6666666666666666,0.6666666666666666,0.6666666666666666,23.666666666666668,23.666666666666668,23.666666666666668
587329,45510,Sydney Swans,Essendon Bombers,2001-08-12,2001,19,,,6,5.666666666666667,4.75,6.25,,,1.0,24.33333333333333,14.6,25.3
549111,45659,Essendon Bombers,Sydney Swans,2001-08-12,2001,19,2.0,,11,10.666666666666666,10.25,7.333333333333333,1.0,1.0,1.0,57.66666666666666,46.8,36.7
619545,46330,Fremantle Dockers,West Coast Eagles,2001-08-12,2001,19,4.0,,16,8.5,8.5,8.5,2.0,2.0,2.0,23.666666666666668,23.666666666666668,23.666666666666668
533082,45831,Carlton Blues,St Kilda Saints,2001-08-19,2001,20,9.0,,32,6.666666666666667,7.25,8.11111111111111,,,,24.666666666666668,31.6,31.1
593788,45477,St Kilda Saints,Carlton Blues,2001-08-19,2001,20,10.0,1.0,39,15.333333333333334,15.4,14.0,,,,66.33333333333333,64.2,58.8
473621,44939,Fremantle Dockers,Melbourne Demons,2001-08-26,2001,21,0.0,0.0,4,7.0,7.0,7.0,1.0,1.0,1.0,29.0,29.0,29.0
596080,45693,Sydney Swans,St Kilda Saints,2001-08-26,2001,21,8.0,,32,7.5,5.75,8.444444444444445,,,1.0,29.33333333333333,23.6,33.9
544154,45924,St Kilda Saints,Sydney Swans,2001-08-26,2001,21,8.0,,31,14.666666666666666,12.6,13.3,1.0,1.0,1.25,53.333333333333336,45.6,51.5
517904,45649,St Kilda Saints,Sydney Swans,2001-08-26,2001,21,11.0,1.0,50,8.333333333333334,10.2,11.0,,,,28.0,34.8,34.7
560480,45480,Hawthorn Hawks,Adelaide Crows,2001-08-26,2001,21,9.0,,21,12.0,10.75,14.666666666666666,,,,49.333333333333336,46.2,56.9
619369,46296,Fremantle Dockers,Melbourne Demons,2001-08-26,2001,21,,,4,7.0,7.0,7.0,1.0,1.0,1.0,29.0,29.0,29.0
578149,45811,St Kilda Saints,Sydney Swans,2001-08-26,2001,21,2.0,,6,10.666666666666666,10.2,12.555555555555555,1.0,1.6666666666666667,1.3333333333333333,37.66666666666666,43.8,46.7
547543,45842,Essendon Bombers,Richmond Tigers,2001-08-31,2001,22,2.0,,5,6.666666666666667,8.8,10.4,1.5,1.5,1.3333333333333333,38.333333333333336,44.6,46.6
535673,45596,Geelong Cats,Carlton Blues,2001-09-01,2001,22,7.0,,20,16.0,15.2,15.4,1.0,1.0,1.5,56.66666666666666,59.6,60.4
514355,45973,Fremantle Dockers,Adelaide Crows,2001-09-01,2001,22,5.0,1.0,28,13.666666666666666,12.6,10.6,1.0,1.0,1.0,63.333333333333336,54.4,47.0
563899,45982,St Kilda Saints,Hawthorn Hawks,2001-09-01,2001,22,3.0,,9,13.0,12.4,11.4,1.0,1.0,1.0,52.66666666666666,48.4,41.6
522745,45779,Hawthorn Hawks,St Kilda Saints,2001-09-01,2001,22,12.0,,36,13.666666666666666,12.6,10.1,,,,49.66666666666666,41.0,34.1
518177,45781,Hawthorn Hawks,St Kilda Saints,2001-09-01,2001,22,6.0,,25,5.666666666666667,9.4,8.0,,2.0,1.6666666666666667,23.33333333333333,48.6,41.9
540086,45398,Adelaide Crows,Fremantle Dockers,2001-09-01,2001,22,10.0,,31,8.666666666666666,7.6,8.1,1.0,1.0,1.0,29.33333333333333,29.0,29.7
507996,45846,Hawthorn Hawks,St Kilda Saints,2001-09-01,2001,22,12.0,,45,13.333333333333334,9.8,11.4,,,1.5,57.0,42.8,51.1
503171,45520,Fremantle Dockers,Adelaide Crows,2001-09-01,2001,22,33.0,1.0,107,23.33333333333333,22.8,21.33333333333333,1.0,1.0,1.0,84.33333333333333,83.2,79.2
592944,45463,Western Bulldogs,Melbourne Demons,2001-09-02,2001,22,7.0,,29,10.0,13.2,12.1,,2.0,1.25,38.66666666666666,58.2,53.4
401508,44052,North Melbourne Kangaroos,Collingwood Magpies,2001-09-02,2001,22,4.0,0.0,20,,,,,,,,,
596869,45662,Collingwood Magpies,North Melbourne Kangaroos,2001-09-02,2001,22,6.0,,24,17.333333333333332,16.4,15.0,1.0,1.0,1.0,66.33333333333333,63.6,54.7
538313,45568,West Coast Eagles,Port Adelaide Power,2001-09-02,2001,22,4.0,,16,10.0,8.75,7.428571428571429,,,,27.0,29.0,23.1
545748,45731,North Melbourne Kangaroos,Collingwood Magpies,2001-09-02,2001,22,17.0,2.0,80,6.666666666666667,7.6,9.4,,,1.0,33.666666666666664,33.6,40.1
506163,45931,Collingwood Magpies,North Melbourne Kangaroos,2001-09-02,2001,22,9.0,,39,4.0,6.6,8.7,1.0,1.3333333333333333,1.4,21.33333333333333,33.8,39.3
546969,45893,North Melbourne Kangaroos,Collingwood Magpies,2001-09-02,2001,22,9.0,,36,4.0,5.75,5.0,1.0,1.3333333333333333,1.25,18.666666666666668,29.4,26.571428571428573
618439,46135,North Melbourne Kangaroos,Collingwood Magpies,2001-09-02,2001,22,4.0,,20,,,,,,,,,
590134,45512,Melbourne Demons,Western Bulldogs,2001-09-02,2001,22,15.0,,65,22.33333333333333,25.0,22.8,2.0,1.6666666666666667,1.4,77.0,89.2,83.8
563150,45843,Adelaide Crows,Carlton Blues,2001-09-08,2001,EF,3.0,,11,1.6666666666666667,6.4,8.8,,,1.75,7.333333333333333,22.6,40.2
529634,45622,Adelaide Crows,Carlton Blues,2001-09-08,2001,EF,3.0,2.0,24,8.0,8.6,9.5,1.3333333333333333,1.8,3.1,26.666666666666668,37.0,55.2
526248,45671,Sydney Swans,Hawthorn Hawks,2001-09-09,2001,EF,6.0,,25,6.666666666666667,9.4,13.7,1.5,1.5,1.1666666666666667,39.66666666666666,46.4,66.8
589327,45879,Carlton Blues,Richmond Tigers,2001-09-15,2001,SF,15.0,,48,14.666666666666666,12.4,15.9,1.0,1.0,2.0,65.0,61.2,73.6
514743,45694,Port Adelaide Power,Hawthorn Hawks,2001-09-15,2001,SF,9.0,,32,11.0,10.0,11.3,,,,33.333333333333336,33.6,40.8
534943,45528,Port Adelaide Power,Hawthorn Hawks,2001-09-15,2001,SF,14.0,,61,16.333333333333332,15.0,15.333333333333334,3.0,3.5,2.1666666666666665,62.66666666666666,61.8,64.5
515393,45537,Richmond Tigers,Brisbane Lions,2001-09-22,2001,PF,11.0,,43,10.333333333333334,11.0,11.88888888888889,,,1.0,48.0,54.4,56.1
571318,45384,Richmond Tigers,Brisbane Lions,2001-09-22,2001,PF,14.0,,66,10.666666666666666,12.6,13.1,2.0,2.6666666666666665,2.6666666666666665,45.0,57.4,54.5
565061,45683,Essendon Bombers,Hawthorn Hawks,2001-09-22,2001,PF,1.0,,13,10.0,11.4,13.77777777777778,1.0,1.0,1.0,47.333333333333336,43.4,58.4
560984,45987,Brisbane Lions,Richmond Tigers,2001-09-22,2001,PF,4.0,,27,5.0,6.5,6.777777777777778,,,,12.666666666666666,21.6,25.9
546354,45335,Essendon Bombers,Brisbane Lions,2001-09-29,2001,GF,5.0,,39,8.0,10.2,10.4,1.0,1.0,1.0,45.333333333333336,47.4,51.3
500882,45617,Western Bulldogs,Adelaide Crows,2002-03-31,2002,1,,,7,1.0,1.75,1.2857142857142858,1.0,1.3333333333333333,1.5,23.33333333333333,27.0,30.2
592618,45722,Geelong Cats,Adelaide Crows,2002-04-06,2002,2,9.0,,31,12.666666666666666,14.2,14.5,1.0,1.0,1.0,50.0,59.6,51.1
569417,45464,Sydney Swans,Carlton Blues,2002-04-06,2002,2,5.0,1.0,28,11.5,11.0,11.125,,,1.0,28.0,30.4,35.1
587315,45499,Fremantle Dockers,St Kilda Saints,2002-04-07,2002,2,2.0,,4,9.666666666666666,9.4,8.1,,,1.0,52.0,52.2,44.0
533617,45768,Port Adelaide Power,Melbourne Demons,2002-04-07,2002,2,3.0,,12,10.0,9.8,9.0,,1.0,1.0,47.0,47.0,43.8
520855,45835,Collingwood Magpies,Carlton Blues,2002-04-12,2002,3,10.0,,49,17.0,14.0,12.333333333333334,1.0,1.0,1.0,68.0,57.0,45.5
531393,45741,Geelong Cats,North Melbourne Kangaroos,2002-04-13,2002,3,2.0,,8,7.0,8.6,9.7,,1.0,1.6666666666666667,28.33333333333333,37.4,46.5
594690,45978,Hawthorn Hawks,Fremantle Dockers,2002-04-14,2002,3,5.0,,15,22.0,19.8,18.22222222222222,1.0,1.0,1.0,80.0,75.0,68.8
534834,45814,Richmond Tigers,Hawthorn Hawks,2002-04-27,2002,5,3.0,,15,13.333333333333334,10.75,7.142857142857143,2.5,2.0,2.0,55.0,38.0,27.5
594980,45337,Western Bulldogs,Collingwood Magpies,2002-05-12,2002,7,11.0,,39,8.0,8.2,6.0,1.0,1.0,1.5,38.333333333333336,35.8,26.3
516635,45927,West Coast Eagles,Richmond Tigers,2002-05-18,2002,8,2.0,,20,5.0,5.8,5.9,1.0,1.5,1.75,21.666666666666668,27.2,30.6
502085,45663,North Melbourne Kangaroos,Adelaide Crows,2002-05-19,2002,8,,,2,3.333333333333333,6.0,5.9,1.0,1.0,1.1666666666666667,10.333333333333334,27.2,29.6
618255,46097,Adelaide Crows,North Melbourne Kangaroos,2002-05-19,2002,8,2.0,,5,6.5,7.75,6.555555555555555,,2.5,1.8,26.666666666666668,39.2,36.4
550431,45806,St Kilda Saints,Essendon Bombers,2002-05-19,2002,8,9.0,1.0,48,16.0,13.0,12.77777777777778,,2.0,1.5,68.66666666666667,60.6,56.6
582090,45533,Carlton Blues,Adelaide Crows,2002-05-26,2002,9,9.0,,38,15.333333333333334,15.6,12.4,,1.0,1.0,62.66666666666666,65.2,50.5
531170,45539,Carlton Blues,Adelaide Crows,2002-05-26,2002,9,8.0,,45,5.0,7.2,5.0,,1.0,1.0,35.0,43.6,31.2
554729,45922,Fremantle Dockers,Western Bulldogs,2002-06-09,2002,11,5.0,,21,7.333333333333333,7.4,13.4,1.0,1.0,1.2,34.0,31.6,59.8
618348,46119,Essendon Bombers,Hawthorn Hawks,2002-06-14,2002,12,,,0,,,,,,,,,
394686,43968,Essendon Bombers,Hawthorn Hawks,2002-06-14,2002,12,0.0,0.0,0,,,,,,,,,
594352,45679,Sydney Swans,Geelong Cats,2002-06-15,2002,12,2.0,1.0,23,5.333333333333333,7.4,8.0,2.333333333333333,3.2,3.9,37.66666666666666,53.8,63.6
598311,45862,Sydney Swans,Geelong Cats,2002-06-15,2002,12,6.0,,12,10.0,14.666666666666666,16.25,1.0,1.0,1.0,58.333333333333336,56.8,57.8
527786,45715,Essendon Bombers,Melbourne Demons,2002-06-28,2002,13,3.0,,10,6.0,8.2,8.2,,,,22.33333333333333,28.0,28.0
532003,45860,Melbourne Demons,Essendon Bombers,2002-06-28,2002,13,5.0,1.0,22,10.333333333333334,9.8,10.77777777777778,1.0,1.5,2.25,55.66666666666666,54.0,54.0
572362,45607,Richmond Tigers,Geelong Cats,2002-06-29,2002,13,6.0,,31,4.666666666666667,6.0,8.1,1.0,1.0,1.2857142857142858,26.666666666666668,29.0,39.0
582042,45460,Collingwood Magpies,North Melbourne Kangaroos,2002-06-29,2002,13,1.0,,0,2.0,3.8,4.0,1.0,2.6666666666666665,2.4285714285714284,9.0,26.8,28.6
520431,45468,St Kilda Saints,Hawthorn Hawks,2002-06-30,2002,13,7.0,,20,10.333333333333334,10.0,9.444444444444445,2.0,1.6666666666666667,1.6666666666666667,47.66666666666666,44.0,40.4
526066,45639,Fremantle Dockers,Port Adelaide Power,2002-07-06,2002,14,15.0,1.0,77,8.0,12.0,12.9,1.0,1.0,1.0,28.0,42.4,52.0
557396,45743,West Coast Eagles,Geelong Cats,2002-07-06,2002,14,4.0,,24,10.333333333333334,10.2,13.9,2.0,1.6666666666666667,2.0,46.66666666666666,44.6,61.4
617690,46022,Brisbane Lions,Richmond Tigers,2002-07-13,2002,15,3.0,,7,,,,,,,,,
354087,43433,Brisbane Lions,Richmond Tigers,2002-07-13,2002,15,-2.0,0.0,7,,,,,,,,,
515149,45514,Fremantle Dockers,North Melbourne Kangaroos,2002-07-13,2002,15,10.0,,31,11.0,10.6,10.7,,,1.0,49.0,44.4,43.8
379285,43777,Richmond Tigers,Collingwood Magpies,2002-07-19,2002,16,1.0,0.0,9,11.333333333333334,10.2,11.333333333333334,0.6666666666666666,0.4,0.5,44.66666666666666,41.6,46.66666666666666
618190,46087,Richmond Tigers,Collingwood Magpies,2002-07-19,2002,16,1.0,,9,11.333333333333334,10.2,10.2,2.0,2.0,1.5,44.66666666666666,41.6,46.66666666666666
512257,45771,Adelaide Crows,Western Bulldogs,2002-07-21,2002,16,7.0,,16,7.333333333333333,6.2,5.6,1.0,1.0,1.0,30.33333333333333,26.0,24.3
466874,44861,Western Bulldogs,Adelaide Crows,2002-07-21,2002,16,3.0,0.0,17,2.6666666666666665,3.8,3.888888888888889,1.0,1.4,1.2222222222222223,20.0,29.4,30.11111111111111
520145,45343,St Kilda Saints,Carlton Blues,2002-07-21,2002,16,2.0,,8,5.333333333333333,8.2,11.2,,,1.0,21.666666666666668,31.4,41.2
619319,46284,Western Bulldogs,Adelaide Crows,2002-07-21,2002,16,3.0,,17,4.0,4.75,4.428571428571429,1.5,1.75,1.375,20.0,29.4,30.11111111111111
561263,45647,Richmond Tigers,Essendon Bombers,2002-07-26,2002,17,21.0,,74,15.0,16.2,14.6,,1.0,1.0,47.0,53.8,49.4
504041,45485,Collingwood Magpies,West Coast Eagles,2002-07-27,2002,17,4.0,1.0,17,3.5,10.75,10.555555555555555,,,1.0,29.666666666666668,47.6,48.2
594071,45672,Western Bulldogs,North Melbourne Kangaroos,2002-07-28,2002,17,5.0,,29,8.0,8.0,9.0,,,,35.0,34.8,36.3
524889,45400,St Kilda Saints,Port Adelaide Power,2002-08-03,2002,18,5.0,,16,3.333333333333333,4.0,7.75,,,,16.333333333333332,25.6,38.5
453165,44700,Carlton Blues,Port Adelaide Power,2002-08-10,2002,19,0.0,0.0,0,12.666666666666666,9.2,8.666666666666666,0.0,0.0,0.1666666666666666,47.0,34.4,35.0
537004,45348,Sydney Swans,North Melbourne Kangaroos,2002-08-10,2002,19,11.0,,42,10.0,9.0,6.2,1.0,1.0,1.0,49.0,39.2,28.1
524765,45380,Carlton Blues,Port Adelaide Power,2002-08-10,2002,19,30.0,1.0,100,23.666666666666668,18.8,19.4,2.0,2.0,1.5,91.33333333333331,68.4,69.5
527505,45526,Geelong Cats,St Kilda Saints,2002-08-11,2002,19,-3.0,,-4,2.5,2.5,4.0,,,,33.666666666666664,29.4,35.4
514259,45876,Geelong Cats,St Kilda Saints,2002-08-11,2002,19,10.0,,43,14.0,12.4,12.3,,,1.0,46.333333333333336,39.8,39.9
565747,45818,West Coast Eagles,Melbourne Demons,2002-08-11,2002,19,8.0,,19,13.666666666666666,14.0,13.6,,,1.0,44.333333333333336,49.8,47.4
507488,45719,Melbourne Demons,West Coast Eagles,2002-08-11,2002,19,3.0,,8,8.333333333333334,8.8,11.4,1.0,1.0,1.3333333333333333,38.0,42.4,51.2
537930,45640,Geelong Cats,Fremantle Dockers,2002-08-17,2002,20,7.0,,19,8.0,7.2,8.666666666666666,,,,28.666666666666668,25.2,32.5
617726,46026,Sydney Swans,St Kilda Saints,2002-08-18,2002,20,7.0,,29,5.333333333333333,6.2,6.3,,,,28.0,29.6,30.5
525011,45504,Melbourne Demons,Western Bulldogs,2002-08-18,2002,20,,,0,15.666666666666666,14.6,14.4,,,,67.0,60.0,56.9
472221,44922,Adelaide Crows,Port Adelaide Power,2002-08-18,2002,20,4.0,0.0,21,8.333333333333334,8.0,9.25,0.0,0.2,0.1,32.666666666666664,42.2,37.5
544243,45448,Port Adelaide Power,West Coast Eagles,2002-08-24,2002,21,-2.0,,9,3.5,2.75,4.0,,1.0,1.0,19.33333333333333,22.6,28.2
555560,45979,Geelong Cats,Brisbane Lions,2002-08-24,2002,21,9.0,,29,5.666666666666667,5.8,5.8,,1.0,1.0,31.0,29.2,29.2
579534,45536,Melbourne Demons,Sydney Swans,2002-08-24,2002,21,,,0,7.666666666666667,6.6,9.2,,2.0,1.3333333333333333,33.0,28.2,40.1
505906,45874,Fremantle Dockers,Essendon Bombers,2002-08-25,2002,21,8.0,,26,10.666666666666666,10.2,9.8,1.0,1.0,1.0,46.333333333333336,49.2,45.2
586511,45827,Hawthorn Hawks,Geelong Cats,2002-08-30,2002,22,7.0,,38,8.333333333333334,7.6,9.11111111111111,1.0,1.0,1.0,54.333333333333336,45.6,55.9
617972,46044,Melbourne Demons,St Kilda Saints,2002-08-31,2002,22,4.0,1.0,24,,,,,,,,,
591509,45682,St Kilda Saints,Melbourne Demons,2002-08-31,2002,22,13.0,2.0,86,9.666666666666666,9.2,7.666666666666667,3.0,2.0,1.6,77.0,77.8,64.3
504326,45497,Sydney Swans,Richmond Tigers,2002-08-31,2002,22,10.0,,34,7.333333333333333,7.4,8.0,,,,23.666666666666668,33.2,33.8
558045,45832,Collingwood Magpies,Western Bulldogs,2002-08-31,2002,22,13.0,2.0,60,4.333333333333333,6.4,7.7,,,3.0,22.33333333333333,29.0,34.9
572596,45636,Sydney Swans,Richmond Tigers,2002-08-31,2002,22,16.0,,58,21.0,20.2,19.55555555555556,1.6666666666666667,1.6,1.5714285714285714,98.33333333333331,96.0,78.3
542961,45452,St Kilda Saints,Melbourne Demons,2002-08-31,2002,22,19.0,,65,12.333333333333334,12.8,11.7,,,1.0,37.0,42.2,42.6
363932,43568,Melbourne Demons,St Kilda Saints,2002-08-31,2002,22,4.0,1.0,24,,,,,,,,,
591188,45909,Richmond Tigers,Sydney Swans,2002-08-31,2002,22,,,37,8.0,10.6,11.3,,,1.0,39.0,45.4,43.9
534825,45592,Adelaide Crows,Fremantle Dockers,2002-09-01,2002,22,10.0,,38,7.666666666666667,9.4,8.1,,,1.5,33.0,43.8,40.0
580870,45449,Carlton Blues,Essendon Bombers,2002-09-01,2002,22,9.0,,25,18.33333333333333,17.8,13.0,1.0,1.0,1.0,77.33333333333333,74.8,56.4
619402,46304,Carlton Blues,Essendon Bombers,2002-09-01,2002,22,7.0,,36,5.333333333333333,5.333333333333333,5.333333333333333,1.0,1.0,1.0,25.33333333333333,25.33333333333333,25.33333333333333
577167,45914,West Coast Eagles,North Melbourne Kangaroos,2002-09-01,2002,22,10.0,1.0,44,10.0,11.6,13.3,,,,45.0,45.4,46.6
376257,43734,Carlton Blues,Essendon Bombers,2002-09-01,2002,22,18.0,1.0,68,9.0,11.8,14.8,0.6666666666666666,0.4,0.6,43.66666666666666,54.6,60.8
475947,44972,Carlton Blues,Essendon Bombers,2002-09-01,2002,22,7.0,0.0,36,5.333333333333333,5.333333333333333,5.333333333333333,0.3333333333333333,0.3333333333333333,0.3333333333333333,25.33333333333333,25.33333333333333,25.33333333333333
565296,45705,Carlton Blues,Essendon Bombers,2002-09-01,2002,22,7.0,,25,4.333333333333333,6.4,7.7,1.5,1.6666666666666667,1.6666666666666667,25.666666666666668,35.6,34.2
595358,45603,Carlton Blues,Essendon Bombers,2002-09-01,2002,22,19.0,1.0,95,11.333333333333334,11.6,10.3,1.0,1.0,1.0,56.66666666666666,54.0,48.1
506578,45424,Carlton Blues,Essendon Bombers,2002-09-01,2002,22,19.0,,71,14.5,11.75,13.11111111111111,,,1.0,59.66666666666666,48.4,54.0
543667,45774,Fremantle Dockers,Adelaide Crows,2002-09-01,2002,22,16.0,,48,13.666666666666666,14.0,12.2,,,,52.0,51.8,45.8
529861,45739,Port Adelaide Power,Collingwood Magpies,2002-09-06,2002,QF,,,1,4.0,5.0,9.8,,,,20.666666666666668,23.0,41.4
575200,45711,West Coast Eagles,Essendon Bombers,2002-09-07,2002,EF,16.0,,76,17.666666666666668,15.6,16.2,1.0,1.0,1.1666666666666667,84.33333333333333,69.6,68.9
546713,45361,North Melbourne Kangaroos,Melbourne Demons,2002-09-08,2002,EF,13.0,,61,14.0,11.2,9.7,2.0,1.5,1.5,53.0,44.2,37.9
573200,45852,Essendon Bombers,Port Adelaide Power,2002-09-13,2002,SF,6.0,,33,9.333333333333334,10.0,8.777777777777779,1.0,1.0,1.2857142857142858,52.333333333333336,63.0,55.3
518795,45345,Adelaide Crows,Collingwood Magpies,2002-09-21,2002,PF,1.0,,6,4.333333333333333,6.2,6.444444444444445,1.5,1.6666666666666667,1.6666666666666667,25.0,32.8,30.7
520108,45897,Collingwood Magpies,Brisbane Lions,2002-09-28,2002,GF,2.0,,12,11.0,10.6,9.3,1.0,1.0,1.0,57.333333333333336,56.6,48.9
507106,45630,Fremantle Dockers,Adelaide Crows,2003-03-30,2003,1,,,11,8.333333333333334,7.75,5.571428571428571,,,,55.333333333333336,42.0,36.2
505690,45744,Carlton Blues,Essendon Bombers,2003-04-11,2003,3,1.0,,-4,6.333333333333333,8.0,8.7,1.0,1.0,1.3333333333333333,30.0,41.0,43.8
567072,45963,Geelong Cats,Collingwood Magpies,2003-04-12,2003,3,3.0,1.0,15,13.666666666666666,11.4,10.77777777777778,1.5,1.3333333333333333,1.1428571428571428,65.33333333333333,54.4,53.2
528063,45857,Adelaide Crows,Sydney Swans,2003-04-13,2003,3,2.0,,10,5.333333333333333,4.6,4.888888888888889,2.5,2.0,1.8,35.666666666666664,30.2,28.2
527897,45736,Sydney Swans,Hawthorn Hawks,2003-04-19,2003,4,11.0,,40,12.666666666666666,11.6,11.6,1.5,1.5,1.25,62.333333333333336,54.8,47.0
537784,45532,Collingwood Magpies,Essendon Bombers,2003-04-25,2003,5,8.0,,29,14.333333333333334,13.2,12.5,1.0,1.0,1.0,64.33333333333333,57.0,53.5
531036,45375,North Melbourne Kangaroos,Adelaide Crows,2003-05-02,2003,6,8.0,1.0,36,4.666666666666667,5.6,6.1,,,1.5,22.0,23.0,27.9
536084,45759,Melbourne Demons,West Coast Eagles,2003-05-03,2003,6,11.0,1.0,49,7.666666666666667,9.4,11.1,1.0,2.0,2.4,38.333333333333336,48.0,52.2
619559,46336,Essendon Bombers,Fremantle Dockers,2003-05-04,2003,6,,,16,11.0,11.0,11.0,,,,30.0,30.0,30.0
490659,45166,Essendon Bombers,Fremantle Dockers,2003-05-04,2003,6,2.0,0.0,16,11.0,11.0,11.0,0.0,0.0,0.0,30.0,30.0,30.0
515717,45558,Geelong Cats,Sydney Swans,2003-05-18,2003,8,8.0,,25,9.5,9.75,8.444444444444445,1.0,1.0,1.0,41.66666666666666,42.8,37.2
558809,45405,St Kilda Saints,Collingwood Magpies,2003-05-24,2003,9,5.0,,23,6.5,8.75,9.77777777777778,,1.0,1.0,37.66666666666666,43.0,47.1
504013,45458,Adelaide Crows,Western Bulldogs,2003-05-25,2003,9,8.0,,32,4.666666666666667,6.8,8.4,,1.0,1.6666666666666667,19.666666666666668,31.2,39.9
617731,46029,Western Bulldogs,North Melbourne Kangaroos,2003-05-31,2003,10,,,6,1.0,1.0,1.0,,,,-1.0,-1.0,-1.0
579836,45938,Richmond Tigers,Sydney Swans,2003-05-31,2003,10,6.0,,31,9.666666666666666,7.2,6.2,1.0,1.0,1.0,57.0,42.2,32.3
518432,45823,Carlton Blues,Fremantle Dockers,2003-05-31,2003,10,2.0,,6,21.0,22.0,20.8,1.5,1.5,1.6666666666666667,89.66666666666667,90.6,85.1
357232,43472,Western Bulldogs,North Melbourne Kangaroos,2003-05-31,2003,10,-5.0,0.0,6,-4.0,-4.0,-4.0,0.0,0.0,0.0,-1.0,-1.0,-1.0
373362,43691,Essendon Bombers,West Coast Eagles,2003-06-01,2003,10,1.0,1.0,9,3.0,3.0,3.0,0.0,0.0,0.0,10.0,10.0,10.0
543390,45717,North Melbourne Kangaroos,Richmond Tigers,2003-06-06,2003,11,3.0,1.0,20,6.0,8.2,7.777777777777778,1.0,1.0,1.5,24.0,35.8,36.9
394225,43962,Fremantle Dockers,Port Adelaide Power,2003-06-08,2003,11,9.0,0.0,34,5.0,9.75,10.666666666666666,0.3333333333333333,0.4,0.4,35.333333333333336,47.8,49.6
447518,44629,St Kilda Saints,Port Adelaide Power,2003-06-14,2003,12,-3.0,0.0,24,1.0,-0.4,-1.1111111111111112,0.0,0.0,0.1111111111111111,27.0,22.8,19.77777777777778
522151,45660,Melbourne Demons,Adelaide Crows,2003-06-15,2003,12,3.0,,7,5.333333333333333,6.4,7.2,,,,16.0,23.4,26.0
106153,43840,Essendon Bombers,Adelaide Crows,2003-07-11,2003,15,9.0,0.0,34,10.0,8.8,8.5,0.0,0.0,0.0,42.0,33.6,33.8
524191,45354,Richmond Tigers,Geelong Cats,2003-07-12,2003,15,6.0,,19,7.666666666666667,7.8,7.6,,,2.0,30.33333333333333,32.2,33.9
503355,45593,Carlton Blues,Sydney Swans,2003-07-19,2003,16,8.0,2.0,55,12.5,10.75,11.444444444444445,1.0,1.0,2.25,32.666666666666664,33.2,44.7
505088,45668,Melbourne Demons,Hawthorn Hawks,2003-07-19,2003,16,7.0,,26,9.0,14.4,17.22222222222222,,,2.0,42.333333333333336,63.2,71.8
504380,45500,Carlton Blues,Sydney Swans,2003-07-19,2003,16,-2.0,,17,8.666666666666666,8.6,7.666666666666667,,2.0,2.0,54.333333333333336,56.0,53.1
590930,45666,St Kilda Saints,North Melbourne Kangaroos,2003-07-20,2003,16,14.0,1.0,60,17.333333333333332,17.2,14.0,,1.0,1.3333333333333333,68.33333333333333,71.6,58.3
551151,45611,Hawthorn Hawks,West Coast Eagles,2003-07-25,2003,17,4.0,,18,6.666666666666667,9.8,10.3,1.0,1.0,1.0,27.666666666666668,38.2,44.3
587286,45447,Hawthorn Hawks,West Coast Eagles,2003-07-25,2003,17,13.0,,49,14.333333333333334,16.4,14.5,,1.0,1.0,46.66666666666666,56.0,53.8
579921,45350,Collingwood Magpies,Geelong Cats,2003-08-02,2003,18,5.0,,17,11.333333333333334,11.4,10.2,1.0,2.0,1.6,44.333333333333336,50.6,45.4
523747,45641,Richmond Tigers,Fremantle Dockers,2003-08-02,2003,18,5.0,,12,6.0,8.6,6.8,,,,20.33333333333333,29.8,22.8
566898,45709,Carlton Blues,Essendon Bombers,2003-08-02,2003,18,4.0,,14,7.0,7.0,6.9,,,,25.33333333333333,25.2,25.3
498543,45288,St Kilda Saints,West Coast Eagles,2003-08-03,2003,18,3.0,1.0,23,10.333333333333334,10.6,10.2,0.6666666666666666,0.6,0.9,36.0,42.6,44.3
618347,46118,Port Adelaide Power,Hawthorn Hawks,2003-08-03,2003,18,4.0,,12,3.0,3.0,3.0,,,,8.0,8.0,8.0
394684,43967,Port Adelaide Power,Hawthorn Hawks,2003-08-03,2003,18,4.0,0.0,12,3.0,3.0,3.0,0.0,0.0,0.0,8.0,8.0,8.0
618459,46142,Melbourne Demons,Geelong Cats,2003-08-08,2003,19,3.0,,20,2.0,2.0,2.0,,,,-2.0,-2.0,-2.0
405657,44106,Melbourne Demons,Geelong Cats,2003-08-08,2003,19,3.0,0.0,20,2.0,2.0,2.0,0.0,0.0,0.0,-2.0,-2.0,-2.0
130747,45262,West Coast Eagles,Adelaide Crows,2003-08-09,2003,19,4.0,1.0,31,5.0,5.8,6.7,1.0,1.2,1.7,31.33333333333333,36.8,42.2
568281,45393,St Kilda Saints,Richmond Tigers,2003-08-09,2003,19,14.0,1.0,80,8.666666666666666,9.2,12.5,,,1.0,34.333333333333336,38.4,47.4
550681,45765,West Coast Eagles,Adelaide Crows,2003-08-09,2003,19,2.0,,8,9.0,9.75,8.555555555555555,1.0,1.0,1.2857142857142858,39.0,41.4,40.7
589673,45317,Essendon Bombers,Richmond Tigers,2003-08-17,2003,20,5.0,,17,9.0,9.6,9.3,1.5,1.5,2.0,52.333333333333336,51.0,49.1
618818,46209,Richmond Tigers,Essendon Bombers,2003-08-17,2003,20,5.0,,18,8.666666666666666,8.666666666666666,8.666666666666666,3.0,3.0,3.0,48.0,48.0,48.0
433007,44424,Richmond Tigers,Essendon Bombers,2003-08-17,2003,20,5.0,0.0,18,8.666666666666666,8.666666666666666,8.666666666666666,2.0,2.0,2.0,48.0,48.0,48.0
545070,45807,Carlton Blues,Hawthorn Hawks,2003-08-22,2003,21,9.0,,37,4.0,5.8,9.2,,,1.5,14.333333333333334,18.4,36.2
447499,44628,Carlton Blues,Hawthorn Hawks,2003-08-22,2003,21,2.0,0.0,9,4.333333333333333,4.8,4.8,0.3333333333333333,0.2,0.2,20.666666666666668,19.4,19.4
360295,43520,Carlton Blues,Hawthorn Hawks,2003-08-22,2003,21,9.0,1.0,34,2.6666666666666665,5.0,8.11111111111111,0.0,0.2,0.2,15.333333333333334,30.0,40.1
542164,45754,Collingwood Magpies,Sydney Swans,2003-08-23,2003,21,2.0,,4,7.333333333333333,6.5,9.0,2.0,3.0,2.5,35.333333333333336,42.8,51.0
564452,45435,West Coast Eagles,Melbourne Demons,2003-08-24,2003,21,6.0,,42,3.6666666666666665,3.8,3.7,,,1.0,42.333333333333336,40.4,43.6
571782,45486,Western Bulldogs,St Kilda Saints,2003-08-24,2003,21,13.0,,52,15.666666666666666,17.8,16.0,1.0,1.0,1.0,62.0,65.8,59.6
590810,45656,Western Bulldogs,Brisbane Lions,2003-08-30,2003,22,9.0,,69,1.0,3.8,4.3,,,,23.666666666666668,34.8,36.8
480636,45043,Sydney Swans,Melbourne Demons,2003-08-30,2003,22,4.0,0.0,8,3.333333333333333,4.8,4.875,0.3333333333333333,0.2,0.125,17.333333333333332,21.8,21.875
501032,45687,Geelong Cats,St Kilda Saints,2003-08-30,2003,22,6.0,,17,8.0,7.6,8.7,1.5,1.3333333333333333,1.6666666666666667,39.66666666666666,37.0,36.6
570905,45966,Western Bulldogs,Brisbane Lions,2003-08-30,2003,22,4.0,,29,6.0,4.666666666666667,3.0,2.0,2.0,1.6666666666666667,23.33333333333333,15.0,11.2
505332,45725,Carlton Blues,North Melbourne Kangaroos,2003-08-31,2003,22,16.0,,47,13.333333333333334,15.0,13.875,,,,40.66666666666666,54.0,47.5
343827,43292,Carlton Blues,North Melbourne Kangaroos,2003-08-31,2003,22,10.0,2.0,43,8.333333333333334,8.333333333333334,8.333333333333334,1.3333333333333333,1.3333333333333333,1.3333333333333333,46.66666666666666,46.66666666666666,46.66666666666666
553115,45401,Richmond Tigers,Hawthorn Hawks,2003-08-31,2003,22,8.0,,41,11.666666666666666,9.8,12.1,,,2.5,42.333333333333336,35.4,52.5
617544,45995,Carlton Blues,North Melbourne Kangaroos,2003-08-31,2003,22,10.0,2.0,43,8.333333333333334,8.333333333333334,8.333333333333334,2.0,2.0,2.0,46.66666666666666,46.66666666666666,46.66666666666666
538235,45706,Carlton Blues,North Melbourne Kangaroos,2003-08-31,2003,22,4.0,,14,8.666666666666666,6.6,6.888888888888889,,,,33.666666666666664,28.0,28.7
505704,45749,Richmond Tigers,Hawthorn Hawks,2003-08-31,2003,22,4.0,,16,4.333333333333333,4.4,4.4,1.0,1.0,1.0,16.666666666666668,18.0,18.5
506866,45527,Carlton Blues,North Melbourne Kangaroos,2003-08-31,2003,22,7.0,,34,5.0,6.0,5.666666666666667,,,1.0,19.0,25.8,24.5
512349,45837,North Melbourne Kangaroos,Carlton Blues,2003-08-31,2003,22,20.0,,83,12.333333333333334,13.2,15.3,1.0,1.0,1.0,50.66666666666666,51.6,62.3
559598,45397,North Melbourne Kangaroos,Carlton Blues,2003-08-31,2003,22,10.0,2.0,59,5.0,4.0,6.8,,,1.0,31.0,25.8,40.2
508790,45724,West Coast Eagles,Adelaide Crows,2003-09-06,2003,EF,,,4,11.333333333333334,8.6,9.555555555555555,,,,42.333333333333336,33.6,34.4
532106,45878,West Coast Eagles,Adelaide Crows,2003-09-06,2003,EF,11.0,,45,8.666666666666666,10.6,9.9,,1.0,1.25,43.66666666666666,50.8,46.7
514088,45870,Sydney Swans,Port Adelaide Power,2003-09-07,2003,QF,2.0,,8,9.666666666666666,11.8,12.3,2.0,1.5,1.5,43.66666666666666,53.2,47.0
555891,45353,Adelaide Crows,Brisbane Lions,2003-09-12,2003,SF,17.0,,67,14.333333333333334,13.8,15.3,,,1.0,59.0,56.8,60.9
571056,45334,Essendon Bombers,Port Adelaide Power,2003-09-13,2003,SF,7.0,,25,7.0,8.0,11.333333333333334,1.0,1.0,1.3333333333333333,33.333333333333336,34.8,43.6
588873,45794,Port Adelaide Power,Collingwood Magpies,2003-09-20,2003,PF,7.0,,37,13.666666666666666,12.8,13.333333333333334,,1.0,1.0,56.66666666666666,57.0,51.7
521192,45433,Port Adelaide Power,Collingwood Magpies,2003-09-20,2003,PF,11.0,1.0,49,10.333333333333334,9.8,9.11111111111111,1.0,1.3333333333333333,1.7142857142857142,38.333333333333336,41.6,42.6
530950,45451,Sydney Swans,Brisbane Lions,2003-09-20,2003,PF,13.0,1.0,55,18.0,17.75,19.0,1.5,1.25,1.5555555555555556,76.66666666666667,72.0,78.1
555384,45325,Brisbane Lions,Collingwood Magpies,2003-09-27,2003,GF,4.0,,15,11.0,12.6,14.11111111111111,,,,40.333333333333336,45.8,49.7
373221,43688,Collingwood Magpies,Western Bulldogs,2004-04-03,2004,2,4.0,0.0,22,,,,,,,,,
618077,46067,Collingwood Magpies,Western Bulldogs,2004-04-03,2004,2,4.0,,22,,,,,,,,,
518156,45764,St Kilda Saints,Adelaide Crows,2004-04-17,2004,4,5.0,,23,8.0,9.2,11.0,,,1.0,26.0,36.2,46.9
579403,45394,Adelaide Crows,Geelong Cats,2004-05-02,2004,6,10.0,,35,15.666666666666666,10.4,9.4,1.0,1.0,2.0,51.66666666666666,35.4,39.5
364056,43570,North Melbourne Kangaroos,Brisbane Lions,2004-05-08,2004,7,6.0,0.0,19,7.5,8.5,7.333333333333333,1.3333333333333333,1.2,0.8571428571428571,44.66666666666666,45.6,38.142857142857146
554028,45716,Hawthorn Hawks,Geelong Cats,2004-05-09,2004,7,11.0,,80,12.0,11.0,13.11111111111111,,,,52.66666666666666,46.2,47.4
511928,45645,Collingwood Magpies,St Kilda Saints,2004-05-15,2004,8,5.0,,24,9.666666666666666,10.8,9.7,1.0,1.0,1.0,43.66666666666666,50.2,46.1
619298,46277,Sydney Swans,West Coast Eagles,2004-05-15,2004,8,3.0,,4,1.0,1.0,1.0,,,,0.0,0.0,0.0
462593,44810,Sydney Swans,West Coast Eagles,2004-05-15,2004,8,3.0,0.0,4,1.0,1.0,1.0,0.0,0.0,0.0,0.0,0.0,0.0
537335,45616,West Coast Eagles,Sydney Swans,2004-05-15,2004,8,13.0,3.0,66,9.666666666666666,11.0,11.88888888888889,1.0,1.0,1.0,48.0,50.2,48.8
414555,44212,Carlton Blues,Brisbane Lions,2004-05-15,2004,8,6.0,0.0,18,6.333333333333333,6.75,6.75,0.6666666666666666,0.75,0.75,31.0,31.5,31.5
618580,46166,Carlton Blues,Brisbane Lions,2004-05-15,2004,8,6.0,,18,6.333333333333333,6.333333333333333,6.333333333333333,1.0,1.0,1.0,31.0,31.5,31.5
442516,44550,Collingwood Magpies,Adelaide Crows,2004-05-21,2004,9,5.0,0.0,23,8.0,8.0,8.0,0.0,0.0,0.0,35.0,35.0,35.0
618913,46226,Collingwood Magpies,Adelaide Crows,2004-05-21,2004,9,5.0,,23,8.0,8.0,8.0,,,,35.0,35.0,35.0
579802,45950,Sydney Swans,Hawthorn Hawks,2004-05-23,2004,9,1.0,,6,6.0,6.0,6.2,,,,20.33333333333333,23.0,23.6
529404,45608,Carlton Blues,Western Bulldogs,2004-05-23,2004,9,4.0,,18,10.333333333333334,11.6,12.555555555555555,2.0,1.6666666666666667,1.5,55.0,53.2,60.3
523853,45952,Fremantle Dockers,Essendon Bombers,2004-05-28,2004,10,11.0,2.0,58,6.333333333333333,8.6,7.8,2.0,1.6666666666666667,1.3333333333333333,30.666666666666668,40.8,36.6
442283,44545,Carlton Blues,Adelaide Crows,2004-06-05,2004,11,1.0,0.0,8,4.333333333333333,4.0,6.0,0.3333333333333333,0.2,0.3,39.333333333333336,35.4,43.8
618893,46223,Carlton Blues,Adelaide Crows,2004-06-05,2004,11,1.0,,8,3.5,3.5,5.75,1.0,1.0,1.0,39.333333333333336,35.4,43.8
467936,44877,Adelaide Crows,West Coast Eagles,2004-06-12,2004,12,5.0,0.0,11,6.666666666666667,8.0,7.5,1.0,0.6,0.6666666666666666,38.0,39.4,39.66666666666666
436478,44468,Sydney Swans,Port Adelaide Power,2004-06-12,2004,12,2.0,0.0,22,2.0,2.0,2.0,0.0,0.0,0.0,18.0,14.4,14.4
598029,45408,Adelaide Crows,West Coast Eagles,2004-06-12,2004,12,6.0,,28,10.0,11.75,10.666666666666666,2.6666666666666665,3.4,2.6,64.33333333333333,78.4,65.3
454777,44724,Sydney Swans,Port Adelaide Power,2004-06-12,2004,12,5.0,0.0,20,4.666666666666667,3.8,3.571428571428572,0.0,0.0,0.0,15.333333333333334,17.8,16.285714285714285
534362,45635,Richmond Tigers,Fremantle Dockers,2004-06-13,2004,12,7.0,,36,10.333333333333334,10.0,8.9,,,,49.0,46.4,41.4
421754,44292,Geelong Cats,North Melbourne Kangaroos,2004-06-13,2004,12,3.0,0.0,16,7.666666666666667,6.5,6.5,0.3333333333333333,0.4,0.3,43.0,44.6,44.8
510377,45461,Fremantle Dockers,Port Adelaide Power,2004-06-19,2004,13,0.0,,20,5.0,4.8,6.5,2.0,2.0,1.25,42.333333333333336,40.4,46.0
587419,45523,Richmond Tigers,Carlton Blues,2004-06-19,2004,13,6.0,,30,7.666666666666667,8.0,9.1,,,,26.666666666666668,32.2,34.6
570893,45884,Adelaide Crows,Western Bulldogs,2004-06-20,2004,13,12.0,1.0,55,9.333333333333334,8.8,10.8,2.0,2.0,2.0,40.66666666666666,39.6,43.0
595058,45412,West Coast Eagles,North Melbourne Kangaroos,2004-06-20,2004,13,5.0,,16,11.333333333333334,10.8,9.6,,,,40.0,40.4,34.4
348292,43360,Carlton Blues,Sydney Swans,2004-07-03,2004,14,1.0,0.0,11,3.333333333333333,4.8,4.9,0.3333333333333333,0.8,0.6,21.0,33.4,33.3
563347,45847,Richmond Tigers,Essendon Bombers,2004-07-10,2004,15,15.0,1.0,72,7.666666666666667,8.5,10.75,1.0,1.0,1.0,31.33333333333333,34.6,41.1
430862,44404,Carlton Blues,North Melbourne Kangaroos,2004-07-17,2004,16,8.0,0.0,31,6.333333333333333,9.4,12.5,0.0,0.0,0.2,23.33333333333333,33.8,47.3
575785,45937,Melbourne Demons,Richmond Tigers,2004-07-25,2004,17,4.0,,17,9.333333333333334,9.25,10.11111111111111,1.5,1.3333333333333333,2.0,45.0,47.8,49.8
617624,46010,West Coast Eagles,Port Adelaide Power,2004-07-25,2004,17,5.0,,39,,,,,,,,,
348431,43364,West Coast Eagles,Port Adelaide Power,2004-07-25,2004,17,5.0,0.0,39,,,,,,,,,
397675,44008,North Melbourne Kangaroos,Adelaide Crows,2004-07-30,2004,18,6.0,0.0,29,8.333333333333334,7.2,7.5,1.3333333333333333,0.8,0.9,43.0,37.2,39.6
557592,45809,North Melbourne Kangaroos,Adelaide Crows,2004-07-30,2004,18,3.0,,20,5.0,7.0,7.5,,,,31.0,34.6,39.0
555066,45496,Richmond Tigers,Collingwood Magpies,2004-07-31,2004,18,5.0,,21,4.666666666666667,5.4,7.2,,1.0,1.0,19.0,21.6,28.3
470447,44900,Collingwood Magpies,Richmond Tigers,2004-07-31,2004,18,5.0,0.0,27,,,,,,,,,
619342,46290,Collingwood Magpies,Richmond Tigers,2004-07-31,2004,18,5.0,,27,,,,,,,,,
539322,45619,Sydney Swans,Brisbane Lions,2004-07-31,2004,18,5.0,,19,8.333333333333334,8.2,10.11111111111111,1.0,1.0,1.0,42.0,38.2,45.3
369696,43650,Collingwood Magpies,Fremantle Dockers,2004-08-06,2004,19,2.0,0.0,13,,,,,,,,,
618048,46062,Collingwood Magpies,Fremantle Dockers,2004-08-06,2004,19,2.0,,13,,,,,,,,,
56487,43861,Adelaide Crows,St Kilda Saints,2004-08-07,2004,19,7.0,0.0,26,8.666666666666666,9.6,10.7,0.0,0.0,0.2,28.666666666666668,34.0,41.6
483788,45075,Sydney Swans,North Melbourne Kangaroos,2004-08-07,2004,19,1.0,0.0,2,5.0,5.0,5.0,0.0,0.0,0.0,17.0,17.0,17.0
583876,45428,North Melbourne Kangaroos,Sydney Swans,2004-08-07,2004,19,1.0,,6,9.333333333333334,10.8,11.7,,,,34.333333333333336,41.4,43.6
545984,45750,Essendon Bombers,Carlton Blues,2004-08-07,2004,19,4.0,,10,18.33333333333333,19.2,13.8,,2.0,1.3333333333333333,60.0,65.8,48.7
619470,46319,Sydney Swans,North Melbourne Kangaroos,2004-08-07,2004,19,,,2,0.0,0.0,0.0,,,,17.0,17.0,17.0
591014,45727,Collingwood Magpies,Essendon Bombers,2004-08-13,2004,20,4.0,,30,7.0,7.4,6.7,,,1.0,34.333333333333336,40.2,38.8
551253,45333,Hawthorn Hawks,Brisbane Lions,2004-08-14,2004,20,3.0,,15,14.666666666666666,13.0,14.22222222222222,1.0,1.0,1.0,67.33333333333333,57.6,62.0
501736,45604,Richmond Tigers,Adelaide Crows,2004-08-15,2004,20,-3.0,,11,3.6666666666666665,3.2,2.8,1.5,2.6666666666666665,2.6666666666666665,46.0,47.4,41.2
416229,44226,Collingwood Magpies,Port Adelaide Power,2004-08-20,2004,21,-3.0,0.0,10,6.0,2.6,1.625,2.0,1.4,1.0,59.66666666666666,41.2,34.125
618593,46168,Collingwood Magpies,Port Adelaide Power,2004-08-20,2004,21,2.0,,10,11.0,7.6,6.625,2.0,1.75,1.6,59.66666666666666,41.2,34.125
587600,45542,Western Bulldogs,North Melbourne Kangaroos,2004-08-21,2004,21,14.0,2.0,67,7.666666666666667,7.6,8.1,1.0,1.0,1.0,36.66666666666666,34.6,37.5
560357,45454,Western Bulldogs,North Melbourne Kangaroos,2004-08-21,2004,21,8.0,5.0,73,6.333333333333333,6.6,7.444444444444445,2.0,2.0,1.8,35.666666666666664,33.6,38.7
576374,45910,Hawthorn Hawks,Richmond Tigers,2004-08-22,2004,21,8.0,,40,10.0,9.4,11.3,1.0,1.0,1.0,41.333333333333336,37.4,46.3
527667,45570,Carlton Blues,Collingwood Magpies,2004-08-27,2004,22,7.0,,24,10.333333333333334,7.8,9.666666666666666,1.0,1.0,1.0,50.66666666666666,36.2,41.7
12146,44596,Richmond Tigers,Sydney Swans,2004-08-28,2004,22,8.0,0.0,25,10.666666666666666,9.4,8.7,0.3333333333333333,0.2,0.2,42.333333333333336,38.0,36.0
508288,45899,North Melbourne Kangaroos,Brisbane Lions,2004-08-28,2004,22,31.0,1.0,115,9.0,11.8,16.6,,,,38.333333333333336,45.0,63.1
619592,46347,Richmond Tigers,Sydney Swans,2004-08-28,2004,22,12.0,,47,9.666666666666666,9.8,7.9,1.5,1.5,1.3333333333333333,51.0,47.4,38.3
493165,45210,Richmond Tigers,Sydney Swans,2004-08-28,2004,22,12.0,0.0,47,9.666666666666666,9.8,7.9,1.0,0.6,0.4,51.0,47.4,38.3
382819,43828,Richmond Tigers,Sydney Swans,2004-08-28,2004,22,12.0,0.0,51,17.0,15.2,14.1,1.0,0.6,0.5,67.66666666666667,63.6,55.1
524113,45729,North Melbourne Kangaroos,Brisbane Lions,2004-08-28,2004,22,14.0,1.0,85,11.0,8.8,8.0,2.0,2.0,1.7142857142857142,88.33333333333333,70.4,55.6
549584,45363,Richmond Tigers,Sydney Swans,2004-08-28,2004,22,5.0,,30,10.0,9.6,9.3,1.0,1.0,1.0,32.0,35.8,37.0
511983,45707,Richmond Tigers,Sydney Swans,2004-08-28,2004,22,6.0,,37,5.333333333333333,5.2,4.6,1.0,1.0,1.0,31.666666666666668,28.4,24.8
581242,45339,Western Bulldogs,Essendon Bombers,2004-08-29,2004,22,6.0,,26,7.0,7.8,8.9,,,1.0,25.666666666666668,29.4,36.3
502894,45446,Hawthorn Hawks,Geelong Cats,2004-08-29,2004,22,4.0,,16,13.0,12.2,9.6,1.5,1.5,1.25,56.333333333333336,52.6,40.1
590640,45651,Western Bulldogs,Essendon Bombers,2004-08-29,2004,22,7.0,,46,6.5,10.75,10.88888888888889,,,,39.0,47.4,47.4
23745,44245,Adelaide Crows,Port Adelaide Power,2004-08-29,2004,22,5.0,1.0,25,7.333333333333333,8.2,10.4,0.6666666666666666,0.4,0.7,32.666666666666664,36.4,48.4
130464,43447,Melbourne Demons,Essendon Bombers,2004-09-04,2004,EF,12.0,0.0,59,7.0,8.2,9.6,0.0,0.0,0.0,33.333333333333336,34.8,43.5
583668,45955,Essendon Bombers,Geelong Cats,2004-09-11,2004,SF,2.0,,42,9.0,8.2,9.0,,,,61.0,55.8,55.7
557295,45742,Essendon Bombers,Geelong Cats,2004-09-11,2004,SF,10.0,,44,6.0,7.0,9.6,,,3.0,14.0,29.2,40.6
586116,45575,Brisbane Lions,Geelong Cats,2004-09-18,2004,PF,4.0,,17,10.333333333333334,11.4,13.8,,2.0,2.0,44.66666666666666,47.6,55.5
510954,45551,Geelong Cats,Brisbane Lions,2004-09-18,2004,PF,18.0,,80,14.666666666666666,13.2,12.3,2.0,1.5,1.8888888888888888,73.33333333333333,68.2,69.2
503724,45695,Brisbane Lions,Port Adelaide Power,2004-09-25,2004,GF,,,-3,4.0,3.75,3.625,3.0,3.75,3.625,54.0,51.8,48.6
526777,45569,Port Adelaide Power,Brisbane Lions,2004-09-25,2004,GF,12.0,,43,9.0,11.6,11.3,,1.0,1.0,38.66666666666666,48.4,43.4
525441,45737,Brisbane Lions,Port Adelaide Power,2004-09-25,2004,GF,9.0,,43,10.666666666666666,10.2,9.5,3.0,2.5,2.0,52.0,47.4,48.3
559193,45319,Essendon Bombers,Melbourne Demons,2005-03-26,2005,1,6.0,,35,6.666666666666667,6.8,9.7,,,1.0,32.0,34.8,45.6
558369,45902,Adelaide Crows,Collingwood Magpies,2005-04-03,2005,2,,,9,6.666666666666667,8.0,9.11111111111111,2.0,3.0,3.0,36.0,50.0,52.0
541789,45810,Port Adelaide Power,Adelaide Crows,2005-04-10,2005,3,4.0,,20,6.666666666666667,7.8,11.4,1.0,1.0,1.0,27.0,30.6,44.9
37186,45275,Fremantle Dockers,Richmond Tigers,2005-04-17,2005,4,14.0,0.0,54,7.666666666666667,9.4,11.3,0.6666666666666666,0.4,0.3,36.333333333333336,38.4,47.4
446781,44604,Carlton Blues,Fremantle Dockers,2005-04-23,2005,5,7.0,0.0,30,7.333333333333333,6.2,7.0,0.0,0.0,0.1,34.333333333333336,26.2,31.8
506279,45968,Collingwood Magpies,Essendon Bombers,2005-04-25,2005,5,-2.0,,17,1.6666666666666667,3.4,3.111111111111111,1.5,1.6666666666666667,1.5,36.0,41.2,35.5
511452,45583,Essendon Bombers,Brisbane Lions,2005-04-30,2005,6,7.0,,22,11.333333333333334,10.6,12.555555555555555,,1.0,1.25,46.66666666666666,44.8,52.8
592108,45714,Sydney Swans,West Coast Eagles,2005-04-30,2005,6,12.0,,57,10.666666666666666,11.4,12.1,1.0,1.0,1.0,43.66666666666666,43.4,47.8
540062,45344,Adelaide Crows,Melbourne Demons,2005-05-06,2005,7,0.0,,15,2.0,0.6,3.3,1.0,1.0,1.0,25.666666666666668,21.6,33.9
532175,45894,Sydney Swans,Essendon Bombers,2005-05-07,2005,7,8.0,,28,11.666666666666666,11.2,11.2,,,2.0,47.333333333333336,41.6,47.3
619560,46337,Western Bulldogs,North Melbourne Kangaroos,2005-05-14,2005,8,3.0,1.0,27,,,,,,,,,
490732,45168,Western Bulldogs,North Melbourne Kangaroos,2005-05-14,2005,8,3.0,1.0,27,,,,,,,,,
479555,45026,St Kilda Saints,West Coast Eagles,2005-05-14,2005,8,5.0,0.0,22,5.666666666666667,6.8,6.6,0.0,0.0,0.0,20.666666666666668,27.8,24.4
472906,44928,Fremantle Dockers,Hawthorn Hawks,2005-05-22,2005,9,4.0,0.0,35,10.0,10.4,7.5,0.6666666666666666,0.6,0.4,60.0,62.4,49.6
558702,45803,Brisbane Lions,North Melbourne Kangaroos,2005-05-28,2005,10,,,18,12.0,9.4,10.2,1.0,1.0,1.5,47.0,36.4,43.8
379239,43774,Port Adelaide Power,West Coast Eagles,2005-05-29,2005,10,1.0,0.0,4,9.0,9.0,9.0,0.0,0.0,0.0,32.666666666666664,32.666666666666664,32.666666666666664
618180,46085,Port Adelaide Power,West Coast Eagles,2005-05-29,2005,10,,,4,4.0,4.0,4.0,,,,32.666666666666664,32.666666666666664,32.666666666666664
505871,45856,Sydney Swans,Carlton Blues,2005-06-04,2005,11,7.0,,30,7.666666666666667,8.2,9.333333333333334,,,1.0,33.666666666666664,35.2,37.8
531137,45425,Carlton Blues,Sydney Swans,2005-06-04,2005,11,4.0,,23,7.333333333333333,8.2,7.888888888888889,,1.0,1.0,30.666666666666668,33.6,29.5
465474,44848,Brisbane Lions,Fremantle Dockers,2005-06-04,2005,11,4.0,0.0,21,,,,,,,,,
619308,46282,Brisbane Lions,Fremantle Dockers,2005-06-04,2005,11,4.0,,21,,,,,,,,,
562075,45773,Sydney Swans,Carlton Blues,2005-06-04,2005,11,-1.0,,15,5.0,4.2,4.6,1.0,1.0,1.0,46.66666666666666,44.6,47.8
570086,45600,Hawthorn Hawks,Western Bulldogs,2005-06-05,2005,11,10.0,1.0,52,9.333333333333334,9.4,10.4,1.0,1.3333333333333333,1.25,45.0,45.8,53.1
597154,45984,Essendon Bombers,West Coast Eagles,2005-06-10,2005,12,7.0,,33,15.666666666666666,15.4,13.8,,,,64.33333333333333,64.8,54.7
555619,45321,Essendon Bombers,West Coast Eagles,2005-06-10,2005,12,5.0,,20,15.666666666666666,12.6,11.4,,,1.0,64.0,55.2,50.2
511115,45573,Western Bulldogs,St Kilda Saints,2005-07-03,2005,14,6.0,,27,9.0,11.2,13.1,1.0,1.0,1.5,32.666666666666664,44.4,53.7
120238,43931,Hawthorn Hawks,Geelong Cats,2005-07-03,2005,14,22.0,0.0,86,12.0,15.2,14.2,0.0,0.0,0.0,45.0,56.6,56.6
586871,45342,Hawthorn Hawks,Geelong Cats,2005-07-03,2005,14,1.0,,6,8.666666666666666,10.8,11.88888888888889,1.0,1.0,1.3333333333333333,37.333333333333336,49.4,55.7
491962,45189,North Melbourne Kangaroos,West Coast Eagles,2005-07-08,2005,15,3.0,0.0,7,5.0,7.5,7.4,0.3333333333333333,0.2,0.1666666666666666,21.0,29.6,27.83333333333333
618345,46117,Collingwood Magpies,Essendon Bombers,2005-07-15,2005,16,3.0,,28,,,,,,,,,
394681,43966,Collingwood Magpies,Essendon Bombers,2005-07-15,2005,16,-2.0,0.0,28,,,,,,,,,
526570,45312,West Coast Eagles,Brisbane Lions,2005-07-16,2005,16,5.0,,14,8.0,9.4,9.7,1.0,1.0,1.1666666666666667,35.666666666666664,45.8,48.3
441445,44531,Richmond Tigers,St Kilda Saints,2005-07-16,2005,16,11.0,0.0,41,9.333333333333334,9.2,8.7,0.3333333333333333,0.4,0.3,42.0,42.2,40.2
554780,45969,Melbourne Demons,Sydney Swans,2005-07-16,2005,16,2.0,,12,9.333333333333334,7.0,8.4,,2.0,1.5,44.66666666666666,36.4,37.2
446567,44602,Hawthorn Hawks,North Melbourne Kangaroos,2005-07-17,2005,16,11.0,0.0,39,3.0,3.0,3.0,0.0,0.0,0.0,15.666666666666666,15.666666666666666,15.666666666666666
475612,44965,Fremantle Dockers,Carlton Blues,2005-07-17,2005,16,12.0,0.0,31,11.666666666666666,11.8,12.555555555555555,0.3333333333333333,0.2,0.3,45.333333333333336,43.6,49.4
443289,44556,Western Bulldogs,Adelaide Crows,2005-07-17,2005,16,8.0,0.0,48,7.333333333333333,7.4,10.333333333333334,0.6666666666666666,0.8,1.0,32.333333333333336,38.4,49.333333333333336
537059,45378,Carlton Blues,Fremantle Dockers,2005-07-17,2005,16,8.0,,29,12.0,9.2,8.6,,,,41.66666666666666,34.8,31.8
517620,45625,Carlton Blues,Fremantle Dockers,2005-07-17,2005,16,11.0,,47,14.333333333333334,12.4,14.8,2.0,2.0,1.3333333333333333,59.0,50.8,58.6
527005,45330,Western Bulldogs,Adelaide Crows,2005-07-17,2005,16,4.0,,18,12.333333333333334,11.4,11.1,3.0,2.0,2.0,69.33333333333333,60.4,59.3
618950,46234,Hawthorn Hawks,North Melbourne Kangaroos,2005-07-17,2005,16,11.0,,39,4.5,4.5,4.5,,,,15.666666666666666,15.666666666666666,15.666666666666666
130596,45162,Collingwood Magpies,St Kilda Saints,2005-07-22,2005,17,-3.0,0.0,7,2.0,2.4,3.2,0.3333333333333333,0.4,0.4,43.66666666666666,42.8,43.3
541000,45820,Geelong Cats,Western Bulldogs,2005-07-23,2005,17,7.0,,33,16.333333333333332,12.4,13.4,,,,65.0,51.2,54.6
526301,45462,Essendon Bombers,Geelong Cats,2005-07-29,2005,18,5.0,,38,10.0,10.2,10.4,1.0,1.3333333333333333,1.2,50.333333333333336,51.0,49.2
578845,45620,Port Adelaide Power,North Melbourne Kangaroos,2005-07-31,2005,18,14.0,,60,13.0,11.6,13.3,,,1.0,47.333333333333336,38.6,50.3
531235,45584,Geelong Cats,St Kilda Saints,2005-08-05,2005,19,13.0,1.0,63,10.333333333333334,11.0,10.5,1.0,1.3333333333333333,1.4,48.333333333333336,52.4,49.9
591613,45432,Port Adelaide Power,Adelaide Crows,2005-08-13,2005,20,15.0,,49,10.666666666666666,12.2,11.9,,,,41.66666666666666,48.4,48.3
619123,46253,North Melbourne Kangaroos,St Kilda Saints,2005-08-13,2005,20,6.0,,26,8.0,8.0,8.0,,,,33.0,33.0,33.0
451038,44677,North Melbourne Kangaroos,St Kilda Saints,2005-08-13,2005,20,6.0,0.0,26,8.0,8.0,8.0,0.0,0.0,0.0,33.0,33.0,33.0
550135,45766,Essendon Bombers,Hawthorn Hawks,2005-08-14,2005,20,6.0,,26,8.0,14.0,18.11111111111111,,,1.5,28.33333333333333,45.8,62.8
84112,43482,Essendon Bombers,Hawthorn Hawks,2005-08-14,2005,20,5.0,0.0,19,6.333333333333333,5.4,8.9,0.0,0.0,0.2,27.33333333333333,26.0,41.5
554364,45797,St Kilda Saints,Fremantle Dockers,2005-08-19,2005,21,,,-3,4.666666666666667,5.8,6.5,,1.0,1.0,25.33333333333333,30.2,29.0
89627,44300,Collingwood Magpies,Adelaide Crows,2005-08-20,2005,21,7.0,1.0,28,4.666666666666667,5.2,6.3,0.0,0.2,0.6,22.33333333333333,24.4,31.9
619405,46305,Brisbane Lions,Port Adelaide Power,2005-08-20,2005,21,5.0,,19,3.5,3.5,3.5,1.0,1.0,1.0,18.0,18.0,18.0
476648,44983,Brisbane Lions,Port Adelaide Power,2005-08-20,2005,21,5.0,0.0,19,3.5,3.5,3.5,0.5,0.5,0.5,18.0,18.0,18.0
556618,45552,Richmond Tigers,Hawthorn Hawks,2005-08-21,2005,21,11.0,,61,8.333333333333334,7.4,6.0,,,,51.0,49.2,43.3
345872,43324,North Melbourne Kangaroos,Sydney Swans,2005-08-21,2005,21,11.0,0.0,53,9.0,8.4,7.7,0.3333333333333333,0.2,0.1,39.333333333333336,38.0,33.3
585323,45975,Collingwood Magpies,Western Bulldogs,2005-08-26,2005,22,20.0,2.0,88,18.33333333333333,18.5,14.625,,1.0,1.0,77.66666666666667,74.4,61.6
530706,45961,Brisbane Lions,St Kilda Saints,2005-08-27,2005,22,15.0,,70,7.333333333333333,7.6,9.6,2.0,2.0,1.5,34.666666666666664,37.0,43.0
506758,45667,Hawthorn Hawks,Sydney Swans,2005-08-27,2005,22,13.0,,48,15.333333333333334,15.75,14.88888888888889,1.5,1.5,2.0,74.0,66.8,65.1
562585,45817,Port Adelaide Power,Fremantle Dockers,2005-08-27,2005,22,1.0,,8,6.333333333333333,8.0,9.7,,1.5,1.75,51.0,56.2,58.6
579494,45594,Richmond Tigers,Geelong Cats,2005-08-28,2005,22,16.0,,58,15.0,14.0,11.1,1.0,1.0,1.3333333333333333,65.0,62.4,56.2
37127,44530,Carlton Blues,North Melbourne Kangaroos,2005-08-28,2005,22,1.0,0.0,5,8.666666666666666,8.4,8.5,1.3333333333333333,1.2,0.8,49.333333333333336,46.8,42.6
373438,43692,Carlton Blues,North Melbourne Kangaroos,2005-08-28,2005,22,17.0,2.0,81,9.0,8.4,9.5,0.3333333333333333,0.2,0.6,44.0,40.6,47.3
619478,46320,Essendon Bombers,Melbourne Demons,2005-08-28,2005,22,9.0,,26,10.0,12.0,12.0,1.0,1.0,1.0,38.333333333333336,42.2,39.285714285714285
500828,45590,Essendon Bombers,Melbourne Demons,2005-08-28,2005,22,4.0,,24,3.6666666666666665,6.0,6.1,,,1.5,19.0,32.6,38.6
484529,45084,Essendon Bombers,Melbourne Demons,2005-08-28,2005,22,4.0,0.0,26,5.0,4.6,5.285714285714286,0.3333333333333333,0.2,0.1428571428571428,38.333333333333336,42.2,39.285714285714285
597757,45403,Richmond Tigers,Geelong Cats,2005-08-28,2005,22,25.0,1.0,103,15.666666666666666,17.8,18.1,1.0,1.0,1.3333333333333333,53.333333333333336,59.6,64.2
110629,44112,Essendon Bombers,Melbourne Demons,2005-08-28,2005,22,3.0,0.0,9,6.0,8.8,8.0,0.0,0.0,0.1666666666666666,26.0,35.6,33.5
576103,45712,West Coast Eagles,Sydney Swans,2005-09-02,2005,QF,3.0,,14,5.666666666666667,6.2,9.1,2.0,1.6666666666666667,3.5,35.333333333333336,32.8,55.3
539079,45834,Melbourne Demons,Geelong Cats,2005-09-03,2005,EF,5.0,,20,18.666666666666668,15.25,14.11111111111111,1.0,1.0,2.0,79.66666666666667,69.4,60.6
503941,45772,Melbourne Demons,Geelong Cats,2005-09-03,2005,EF,9.0,,29,7.666666666666667,7.0,6.6,,,,39.66666666666666,33.8,28.8
566008,45903,North Melbourne Kangaroos,Port Adelaide Power,2005-09-04,2005,EF,4.0,,32,6.0,6.6,7.1,,1.0,1.0,45.0,46.8,47.2
552325,45434,North Melbourne Kangaroos,Port Adelaide Power,2005-09-04,2005,EF,6.0,,23,16.0,17.4,19.77777777777778,,,,57.66666666666666,69.4,79.1
551594,45799,North Melbourne Kangaroos,Port Adelaide Power,2005-09-04,2005,EF,1.0,1.0,38,6.0,5.2,6.9,1.0,1.0,1.0,40.0,40.4,47.0
516613,45854,Geelong Cats,Sydney Swans,2005-09-09,2005,SF,14.0,,71,16.333333333333332,14.6,15.6,,,1.0,61.333333333333336,57.2,62.5
548393,45529,Port Adelaide Power,Adelaide Crows,2005-09-10,2005,SF,14.0,,43,17.5,18.25,18.875,,1.0,1.5,69.66666666666667,69.4,68.1
509155,45631,St Kilda Saints,Sydney Swans,2005-09-16,2005,PF,17.0,,66,18.0,20.0,16.77777777777778,1.0,1.0,1.0,67.0,74.8,64.6
129600,43876,West Coast Eagles,Sydney Swans,2005-09-24,2005,GF,,0.0,15,8.0,7.8,7.222222222222222,0.6666666666666666,0.4,0.5,39.0,35.8,33.1
542682,45329,Sydney Swans,West Coast Eagles,2005-09-24,2005,GF,4.0,,37,7.666666666666667,5.8,8.666666666666666,,1.0,1.0,46.66666666666666,38.8,54.7
492090,45194,St Kilda Saints,West Coast Eagles,2006-03-30,2006,1,5.0,1.0,24,2.6666666666666665,3.6,3.6,0.3333333333333333,0.4,0.4,13.666666666666666,18.8,18.8
619578,46344,St Kilda Saints,West Coast Eagles,2006-03-30,2006,1,5.0,1.0,24,4.0,3.6666666666666665,3.6666666666666665,1.0,1.0,1.0,13.666666666666666,18.8,18.8
536972,45948,Port Adelaide Power,North Melbourne Kangaroos,2006-04-01,2006,1,9.0,,22,14.333333333333334,16.2,15.2,1.0,1.6666666666666667,1.4,55.333333333333336,64.8,55.1
519315,45416,Carlton Blues,Sydney Swans,2006-04-15,2006,3,6.0,,28,10.666666666666666,10.4,8.8,1.0,1.0,1.0,45.0,47.6,39.4
64946,44104,Richmond Tigers,West Coast Eagles,2006-04-15,2006,3,14.0,0.0,48,7.333333333333333,6.8,8.1,0.0,0.0,0.0,24.666666666666668,24.8,29.9
441276,44528,Western Bulldogs,Essendon Bombers,2006-04-16,2006,3,2.0,0.0,11,3.333333333333333,6.0,6.7,0.6666666666666666,0.6,0.5,22.0,37.4,34.7
474567,44952,Geelong Cats,Melbourne Demons,2006-05-05,2006,6,11.0,0.0,40,8.333333333333334,10.4,9.7,0.0,0.2,0.2,24.33333333333333,36.0,37.4
549094,45977,West Coast Eagles,Fremantle Dockers,2006-05-06,2006,6,,,57,13.333333333333334,15.6,17.2,1.0,1.0,1.0,61.333333333333336,72.0,74.9
501100,45872,Port Adelaide Power,Adelaide Crows,2006-05-06,2006,6,18.0,,78,10.666666666666666,11.0,12.0,,,1.0,40.333333333333336,37.6,48.7
549811,45669,Brisbane Lions,Sydney Swans,2006-05-07,2006,6,1.0,,19,10.0,12.0,10.8,1.0,1.0,1.0,60.0,67.6,67.3
4772,44563,St Kilda Saints,Geelong Cats,2006-05-12,2006,7,5.0,0.0,19,8.333333333333334,6.2,6.7,0.3333333333333333,0.6,0.7,41.66666666666666,33.0,35.8
619570,46342,Fremantle Dockers,Melbourne Demons,2006-05-13,2006,7,5.0,,32,,,,,,,,,
491711,45185,Fremantle Dockers,Melbourne Demons,2006-05-13,2006,7,,0.0,32,,,,,,,,,
419598,44267,North Melbourne Kangaroos,Adelaide Crows,2006-05-14,2006,7,3.0,0.0,14,8.333333333333334,8.6,8.6,0.3333333333333333,0.2,0.2,40.0,37.4,37.4
572617,45653,Geelong Cats,Richmond Tigers,2006-05-27,2006,9,14.0,,51,15.0,16.6,13.7,,1.0,1.0,59.333333333333336,65.6,55.4
547460,45581,North Melbourne Kangaroos,St Kilda Saints,2006-05-28,2006,9,4.0,,16,10.0,10.2,10.5,,,,37.0,41.4,42.3
541995,45859,Fremantle Dockers,Brisbane Lions,2006-05-28,2006,9,10.0,,42,12.666666666666666,12.0,14.2,,1.0,1.0,44.66666666666666,43.6,55.4
595433,45648,Richmond Tigers,Fremantle Dockers,2006-06-03,2006,10,4.0,,30,3.0,4.4,6.9,,,1.0,27.0,30.2,42.9
512580,45406,Collingwood Magpies,Brisbane Lions,2006-06-03,2006,10,5.0,,15,21.33333333333333,20.8,14.5,,,1.5,76.0,81.2,59.6
595925,45686,Carlton Blues,Port Adelaide Power,2006-06-04,2006,10,1.0,,10,5.0,6.2,5.7,1.5,1.5,1.4285714285714286,30.0,36.0,34.9
485651,45096,North Melbourne Kangaroos,Richmond Tigers,2006-06-10,2006,11,5.0,0.0,14,7.0,7.4,9.0,0.0,0.0,1.0,36.333333333333336,35.8,46.3
432262,44417,St Kilda Saints,Sydney Swans,2006-06-10,2006,11,15.0,0.0,53,12.333333333333334,12.2,12.7,0.3333333333333333,0.2,0.2,45.333333333333336,43.6,47.2
619500,46323,North Melbourne Kangaroos,Richmond Tigers,2006-06-10,2006,11,5.0,,14,7.0,7.4,9.4,,,2.5,36.333333333333336,35.8,46.3
381234,43802,Port Adelaide Power,Hawthorn Hawks,2006-06-11,2006,11,2.0,0.0,8,10.0,10.0,10.0,0.3333333333333333,0.3333333333333333,0.3333333333333333,48.0,48.0,48.0
47869,44730,Carlton Blues,West Coast Eagles,2006-06-11,2006,11,6.0,0.0,47,14.0,13.8,11.5,0.0,0.2,0.1,66.66666666666667,68.6,56.1
421384,44288,Carlton Blues,West Coast Eagles,2006-06-11,2006,11,6.0,0.0,33,8.0,7.4,7.7,0.0,0.0,0.0,38.333333333333336,37.6,37.0
618210,46091,Port Adelaide Power,Hawthorn Hawks,2006-06-11,2006,11,2.0,,8,10.0,10.0,10.0,1.0,1.0,1.0,48.0,48.0,48.0
407070,44121,Collingwood Magpies,Melbourne Demons,2006-06-12,2006,11,8.0,0.0,34,11.0,11.0,11.0,0.0,0.0,0.0,34.666666666666664,34.666666666666664,34.666666666666664
476933,44989,Geelong Cats,Fremantle Dockers,2006-06-17,2006,12,4.0,0.0,24,5.0,5.0,5.0,0.0,0.0,0.0,12.0,12.0,12.0
619407,46306,Geelong Cats,Fremantle Dockers,2006-06-17,2006,12,-1.0,,24,0.0,0.0,0.0,,,,12.0,12.0,12.0
362195,43542,Sydney Swans,Collingwood Magpies,2006-06-24,2006,12,5.0,0.0,36,2.0,1.6,2.5,0.0,0.0,0.0,16.333333333333332,17.6,21.1
596290,45861,St Kilda Saints,Hawthorn Hawks,2006-07-01,2006,13,7.0,,16,8.333333333333334,10.2,9.4,2.0,1.5,1.5,41.0,52.0,51.6
491269,45178,Port Adelaide Power,Melbourne Demons,2006-07-01,2006,13,9.0,0.0,45,5.0,5.0,5.0,1.0,1.0,1.0,35.0,35.0,35.0
619568,46340,Port Adelaide Power,Melbourne Demons,2006-07-01,2006,13,9.0,,45,5.0,5.0,5.0,1.0,1.0,1.0,35.0,35.0,35.0
38838,44447,Carlton Blues,Geelong Cats,2006-07-08,2006,14,-1.0,0.0,18,4.0,3.0,3.0,0.3333333333333333,0.2,0.2,42.0,42.2,47.5
573740,45970,Sydney Swans,Adelaide Crows,2006-07-09,2006,14,12.0,1.0,60,11.666666666666666,15.4,15.0,1.0,1.0,1.0,57.333333333333336,67.8,62.7
619131,46254,North Melbourne Kangaroos,Brisbane Lions,2006-07-15,2006,15,8.0,,56,7.333333333333333,6.6,7.142857142857143,,,,42.0,42.0,42.0
438410,44496,Hawthorn Hawks,Adelaide Crows,2006-07-15,2006,15,3.0,0.0,15,11.0,11.4,10.4,0.6666666666666666,1.4,1.0,44.0,48.0,47.6
451300,44679,North Melbourne Kangaroos,Brisbane Lions,2006-07-15,2006,15,13.0,0.0,56,12.333333333333334,11.6,12.142857142857142,0.0,0.0,0.0,42.0,42.0,42.0
381281,43804,Collingwood Magpies,Fremantle Dockers,2006-07-16,2006,15,5.0,0.0,27,10.333333333333334,9.4,8.3,0.6666666666666666,0.6,0.4,53.66666666666666,47.6,43.9
504942,45634,Richmond Tigers,Sydney Swans,2006-07-22,2006,16,16.0,,60,17.666666666666668,17.4,16.8,1.0,1.0,1.0,100.33333333333331,90.8,86.0
520779,45761,Collingwood Magpies,West Coast Eagles,2006-07-22,2006,16,14.0,,43,18.33333333333333,18.4,17.4,,,,74.66666666666667,70.6,64.6
576211,45826,Melbourne Demons,Fremantle Dockers,2006-07-23,2006,16,15.0,,60,10.666666666666666,11.8,12.9,1.0,1.0,1.0,57.0,57.6,59.3
346367,43335,Hawthorn Hawks,Collingwood Magpies,2006-07-28,2006,17,16.0,0.0,65,16.333333333333332,12.2,13.6,0.0,0.0,0.0,63.0,47.8,50.4
459827,44784,Hawthorn Hawks,Collingwood Magpies,2006-07-28,2006,17,7.0,0.0,37,12.666666666666666,14.8,13.7,0.0,0.0,0.2,45.66666666666666,57.2,54.7
430364,44395,Geelong Cats,North Melbourne Kangaroos,2006-07-30,2006,17,-2.0,0.0,15,3.6666666666666665,1.6,1.0,2.0,1.4,1.0,59.333333333333336,42.8,39.1
430802,44403,Western Bulldogs,Richmond Tigers,2006-08-05,2006,18,,0.0,18,9.333333333333334,9.333333333333334,9.333333333333334,0.0,0.0,0.0,39.0,39.0,39.0
617592,46001,Western Bulldogs,Richmond Tigers,2006-08-05,2006,18,11.0,2.0,76,3.6666666666666665,4.75,4.75,2.0,1.5,1.5,28.666666666666668,32.25,32.25
345871,43325,Western Bulldogs,Richmond Tigers,2006-08-05,2006,18,11.0,2.0,76,4.5,5.666666666666667,5.666666666666667,0.6666666666666666,0.75,0.75,28.666666666666668,32.25,32.25
618811,46207,Western Bulldogs,Richmond Tigers,2006-08-05,2006,18,5.0,,18,9.333333333333334,9.333333333333334,9.333333333333334,,,,39.0,39.0,39.0
20613,45137,North Melbourne Kangaroos,Port Adelaide Power,2006-08-06,2006,18,6.0,0.0,25,7.666666666666667,7.6,7.0,0.3333333333333333,0.2,0.1428571428571428,43.66666666666666,40.8,35.857142857142854
433075,44426,Western Bulldogs,Port Adelaide Power,2006-08-12,2006,19,8.0,0.0,32,8.666666666666666,6.8,6.5,0.0,0.0,0.1,32.666666666666664,28.2,26.1
575488,45829,Geelong Cats,St Kilda Saints,2006-08-13,2006,19,4.0,,15,12.0,13.4,12.9,3.0,3.0,2.0,55.66666666666666,59.2,59.3
62024,43579,Collingwood Magpies,Port Adelaide Power,2006-08-18,2006,20,18.0,0.0,74,14.666666666666666,12.6,11.4,0.0,0.0,0.4,73.66666666666667,63.8,61.7
618527,46158,Essendon Bombers,Hawthorn Hawks,2006-08-19,2006,20,13.0,,33,10.0,10.0,10.0,,,,49.66666666666666,49.66666666666666,49.66666666666666
410849,44168,Essendon Bombers,Hawthorn Hawks,2006-08-19,2006,20,13.0,0.0,33,10.5,10.5,10.5,0.0,0.0,0.0,49.66666666666666,49.66666666666666,49.66666666666666
596219,45703,North Melbourne Kangaroos,Melbourne Demons,2006-08-20,2006,20,11.0,,45,17.666666666666668,18.2,16.3,1.0,1.0,1.3333333333333333,76.66666666666667,80.2,72.9
540001,45825,North Melbourne Kangaroos,Hawthorn Hawks,2006-08-26,2006,21,1.0,,36,8.0,7.2,7.0,1.0,1.0,1.3333333333333333,64.33333333333333,60.2,58.4
576473,45566,Richmond Tigers,Essendon Bombers,2006-08-26,2006,21,12.0,,50,13.333333333333334,13.4,13.0,,,,64.33333333333333,63.4,54.6
458802,44772,Essendon Bombers,Richmond Tigers,2006-08-26,2006,21,5.0,0.0,34,3.333333333333333,3.2,3.4,0.6666666666666666,0.6,0.6,37.66666666666666,39.2,39.9
533182,45836,Essendon Bombers,Richmond Tigers,2006-08-26,2006,21,8.0,1.0,38,8.0,7.8,10.9,1.0,1.0,1.0,37.333333333333336,32.8,44.5
413195,44196,Hawthorn Hawks,North Melbourne Kangaroos,2006-08-26,2006,21,12.0,0.0,51,14.333333333333334,12.4,13.3,0.0,0.0,0.0,58.66666666666666,50.4,50.1
65485,44967,Carlton Blues,Collingwood Magpies,2006-08-27,2006,21,-3.0,0.0,13,0.0,0.0,0.0,0.0,0.0,0.0,19.0,19.0,19.0
464465,44831,Collingwood Magpies,Carlton Blues,2006-08-27,2006,21,8.0,0.0,24,11.0,12.2,12.1,0.0,0.2,0.2,41.333333333333336,49.4,52.1
8919,44854,West Coast Eagles,Fremantle Dockers,2006-08-27,2006,21,6.0,0.0,46,7.333333333333333,8.2,8.1,1.0,1.2,1.1,38.66666666666666,42.8,43.0
511426,45574,Adelaide Crows,Port Adelaide Power,2006-08-27,2006,21,6.0,,26,11.333333333333334,8.6,14.2,,,,39.0,31.8,55.7
619398,46303,Carlton Blues,Collingwood Magpies,2006-08-27,2006,21,2.0,,13,5.0,5.0,5.0,,,,19.0,19.0,19.0
618663,46177,Essendon Bombers,Western Bulldogs,2006-09-01,2006,22,4.0,,23,3.0,3.5,3.5,1.0,1.0,1.0,18.666666666666668,22.25,22.25
419640,44269,Essendon Bombers,Western Bulldogs,2006-09-01,2006,22,4.0,0.0,23,4.0,4.333333333333333,4.333333333333333,0.3333333333333333,0.5,0.5,18.666666666666668,22.25,22.25
619640,46362,Port Adelaide Power,Fremantle Dockers,2006-09-02,2006,22,7.0,1.0,49,8.0,8.0,8.0,,,,33.0,33.0,33.0
556181,45414,Richmond Tigers,West Coast Eagles,2006-09-02,2006,22,13.0,,47,16.333333333333332,15.8,13.4,,,1.0,63.66666666666666,61.8,57.3
559343,45356,Port Adelaide Power,Fremantle Dockers,2006-09-02,2006,22,8.0,,27,11.333333333333334,10.0,10.8,,,,43.0,40.0,41.5
538517,45895,Richmond Tigers,West Coast Eagles,2006-09-02,2006,22,7.0,3.0,52,6.333333333333333,8.4,7.4,3.0,2.333333333333333,1.8,45.66666666666666,53.4,45.0
523372,45633,Brisbane Lions,St Kilda Saints,2006-09-02,2006,22,6.0,,30,8.0,8.2,8.0,,1.0,1.0,38.0,39.8,44.2
566406,45941,Brisbane Lions,St Kilda Saints,2006-09-02,2006,22,34.0,,135,20.33333333333333,21.6,22.5,1.0,1.0,1.0,68.0,73.2,75.8
502057,45643,Port Adelaide Power,Fremantle Dockers,2006-09-02,2006,22,,,0,10.666666666666666,10.0,11.7,,,1.25,57.66666666666666,56.2,63.1
513955,45864,Brisbane Lions,St Kilda Saints,2006-09-02,2006,22,4.0,,33,13.0,11.4,9.0,,,1.0,73.33333333333333,69.0,57.5
461470,44798,Richmond Tigers,West Coast Eagles,2006-09-02,2006,22,0.0,0.0,21,1.6666666666666667,2.2,2.5,0.0,0.0,0.1,23.666666666666668,24.2,26.9
449486,44657,Brisbane Lions,St Kilda Saints,2006-09-02,2006,22,4.0,0.0,9,8.333333333333334,8.8,7.714285714285714,0.6666666666666666,0.6,0.5714285714285714,42.333333333333336,44.2,37.85714285714285
585688,45763,Melbourne Demons,Adelaide Crows,2006-09-02,2006,22,9.0,,39,12.666666666666666,13.6,12.5,,1.0,1.6666666666666667,48.66666666666666,51.6,52.1
496178,45252,Port Adelaide Power,Fremantle Dockers,2006-09-02,2006,22,7.0,1.0,49,9.0,9.0,9.0,0.0,0.0,0.0,33.0,33.0,33.0
619115,46250,Brisbane Lions,St Kilda Saints,2006-09-02,2006,22,4.0,,9,8.333333333333334,8.8,7.714285714285714,1.0,1.0,1.0,42.333333333333336,44.2,37.85714285714285
575924,45946,Port Adelaide Power,Fremantle Dockers,2006-09-02,2006,22,18.0,,58,18.33333333333333,16.2,18.666666666666668,1.0,1.0,1.0,62.66666666666666,57.8,73.2
34823,45071,Carlton Blues,Sydney Swans,2006-09-03,2006,22,6.0,0.0,54,3.0,4.2,3.6,0.0,0.0,0.0,43.66666666666666,46.4,41.6
581212,45845,North Melbourne Kangaroos,Collingwood Magpies,2006-09-03,2006,22,6.0,3.0,53,11.333333333333334,10.4,9.22222222222222,2.6666666666666665,2.5,3.0,77.66666666666667,69.0,59.1
618807,46206,North Melbourne Kangaroos,Collingwood Magpies,2006-09-03,2006,22,19.0,,80,17.0,14.0,14.0,,,,66.0,54.0,54.0
502940,45476,Carlton Blues,Sydney Swans,2006-09-03,2006,22,9.0,,35,9.333333333333334,10.2,9.8,2.0,2.333333333333333,2.0,56.0,65.6,56.6
423643,44321,Carlton Blues,Sydney Swans,2006-09-03,2006,22,,0.0,35,9.333333333333334,10.2,9.555555555555555,0.6666666666666666,1.4,0.8,56.0,65.6,56.6
477042,44992,Carlton Blues,Sydney Swans,2006-09-03,2006,22,22.0,0.0,101,9.0,8.0,8.9,0.3333333333333333,0.2,0.2,36.333333333333336,35.6,43.9
430780,44402,North Melbourne Kangaroos,Collingwood Magpies,2006-09-03,2006,22,19.0,0.0,80,17.0,14.0,14.0,0.0,0.0,0.0,66.0,54.0,54.0
509288,45534,Carlton Blues,Sydney Swans,2006-09-03,2006,22,13.0,1.0,92,10.333333333333334,9.2,8.9,1.0,1.0,1.0,71.33333333333333,68.0,64.8
619339,46288,North Melbourne Kangaroos,Collingwood Magpies,2006-09-03,2006,22,9.0,,36,11.666666666666666,11.2,12.2,,,1.0,45.333333333333336,45.6,51.6
468297,44882,North Melbourne Kangaroos,Collingwood Magpies,2006-09-03,2006,22,9.0,0.0,36,11.666666666666666,11.2,12.2,0.0,0.0,0.2,45.333333333333336,45.6,51.6
546152,45332,Hawthorn Hawks,Geelong Cats,2006-09-03,2006,22,6.0,1.0,33,5.0,6.6,8.3,2.0,1.5,1.3333333333333333,26.33333333333333,33.8,40.2
26746,44422,Carlton Blues,Sydney Swans,2006-09-03,2006,22,4.0,0.0,17,10.333333333333334,11.2,14.6,0.0,0.0,0.0,37.66666666666666,47.2,66.7
589015,45812,St Kilda Saints,Melbourne Demons,2006-09-08,2006,EF,11.0,,57,13.333333333333334,9.6,8.0,,,,69.33333333333333,56.2,54.0
500770,45567,St Kilda Saints,Melbourne Demons,2006-09-08,2006,EF,5.0,,42,5.666666666666667,8.4,9.4,,2.5,2.0,30.0,45.2,51.9
550387,45796,St Kilda Saints,Melbourne Demons,2006-09-08,2006,EF,13.0,1.0,53,13.333333333333334,13.75,14.75,1.0,1.0,1.0,58.66666666666666,58.0,63.4
98998,44974,Melbourne Demons,Fremantle Dockers,2006-09-15,2006,SF,3.0,0.0,7,2.0,2.0,2.0,0.0,0.0,0.0,8.666666666666666,8.666666666666666,8.666666666666666
579145,45887,Western Bulldogs,West Coast Eagles,2006-09-16,2006,SF,17.0,,69,12.333333333333334,13.4,14.1,1.5,1.6666666666666667,1.8571428571428568,67.33333333333333,68.8,69.4
576607,45355,Adelaide Crows,West Coast Eagles,2006-09-23,2006,PF,1.0,,8,9.666666666666666,9.8,9.5,2.0,2.0,1.6,54.0,59.4,56.4
588391,45495,Sydney Swans,West Coast Eagles,2006-09-30,2006,GF,6.0,,34,5.333333333333333,5.4,5.0,,1.0,1.0,27.0,32.4,34.5
534182,45331,West Coast Eagles,Sydney Swans,2006-09-30,2006,GF,4.0,,42,11.666666666666666,13.0,10.3,1.0,1.0,1.0,68.33333333333333,71.8,60.3
518108,45756,Western Bulldogs,Geelong Cats,2007-04-01,2007,1,2.0,,-1,9.666666666666666,7.8,11.1,3.5,2.6666666666666665,1.8333333333333333,54.66666666666666,43.4,52.5
446427,44597,Collingwood Magpies,West Coast Eagles,2007-04-07,2007,2,3.0,0.0,8,,,,,,,,,
618939,46232,Collingwood Magpies,West Coast Eagles,2007-04-07,2007,2,3.0,,8,,,,,,,,,
559451,45365,Adelaide Crows,Western Bulldogs,2007-04-08,2007,2,,1.0,59,14.333333333333334,14.8,13.3,1.5,2.5,2.4285714285714284,71.66666666666667,78.6,71.7
487177,45117,North Melbourne Kangaroos,Port Adelaide Power,2007-04-08,2007,2,11.0,0.0,36,8.0,6.6,6.166666666666667,0.3333333333333333,0.4,0.3333333333333333,40.333333333333336,32.8,29.5
364782,43588,Port Adelaide Power,North Melbourne Kangaroos,2007-04-08,2007,2,4.0,0.0,8,9.0,9.0,9.0,1.0,1.0,1.0,55.0,55.0,55.0
618021,46054,Port Adelaide Power,North Melbourne Kangaroos,2007-04-08,2007,2,4.0,,8,9.0,9.0,9.0,1.0,1.0,1.0,55.0,55.0,55.0
549950,45685,Fremantle Dockers,West Coast Eagles,2007-04-14,2007,3,7.0,,30,11.333333333333334,11.4,12.2,1.0,1.5,1.8571428571428568,50.66666666666666,50.4,61.1
353435,43422,Richmond Tigers,Western Bulldogs,2007-04-20,2007,4,12.0,1.0,59,16.0,17.333333333333332,19.25,0.0,0.0,0.3,68.0,65.6,78.4
529024,45543,Richmond Tigers,West Coast Eagles,2007-04-28,2007,5,7.0,,38,11.0,12.2,9.9,,,,49.333333333333336,51.0,43.7
618440,46136,Adelaide Crows,Collingwood Magpies,2007-05-05,2007,6,11.0,,36,,,,,,,,,
401969,44057,Adelaide Crows,Collingwood Magpies,2007-05-05,2007,6,6.0,0.0,36,,,,,,,,,
355609,43452,St Kilda Saints,Hawthorn Hawks,2007-05-19,2007,8,3.0,0.0,19,8.666666666666666,6.8,4.555555555555555,1.0,0.6,0.3333333333333333,46.0,36.8,28.11111111111111
619449,46315,St Kilda Saints,Hawthorn Hawks,2007-05-19,2007,8,8.0,,37,,,,,,,,,
481436,45050,St Kilda Saints,Hawthorn Hawks,2007-05-19,2007,8,8.0,0.0,37,,,,,,,,,
618022,46055,Fremantle Dockers,St Kilda Saints,2007-05-25,2007,9,4.0,1.0,29,,,,,,,,,
365047,43594,Fremantle Dockers,St Kilda Saints,2007-05-25,2007,9,4.0,1.0,29,,,,,,,,,
510735,45519,Brisbane Lions,Collingwood Magpies,2007-05-26,2007,9,8.0,,34,8.0,9.2,10.7,,1.0,1.0,41.333333333333336,47.8,51.7
104234,43592,Essendon Bombers,Richmond Tigers,2007-05-26,2007,9,9.0,0.0,36,10.5,7.75,9.11111111111111,0.0,0.0,0.0,35.333333333333336,31.2,31.6
510051,45720,Brisbane Lions,Collingwood Magpies,2007-05-26,2007,9,1.0,,14,5.666666666666667,5.6,5.6,,,,34.666666666666664,36.6,37.5
381630,43810,Western Bulldogs,Sydney Swans,2007-05-27,2007,9,1.0,0.0,14,4.333333333333333,2.6,2.4,0.3333333333333333,0.4,0.6,42.333333333333336,37.6,41.6
83345,45199,Fremantle Dockers,Collingwood Magpies,2007-06-01,2007,10,11.0,0.0,66,12.0,13.2,12.3,0.3333333333333333,0.8,0.5,54.333333333333336,58.2,56.3
342981,43278,Brisbane Lions,Western Bulldogs,2007-06-09,2007,11,9.0,1.0,39,14.0,12.666666666666666,12.666666666666666,0.0,0.0,0.0,51.0,51.0,51.0
404539,44091,St Kilda Saints,North Melbourne Kangaroos,2007-06-10,2007,11,,0.0,17,3.0,3.0,3.0,0.0,0.0,0.0,15.0,15.0,15.0
551051,45644,Richmond Tigers,Fremantle Dockers,2007-06-10,2007,11,8.0,1.0,38,8.0,9.0,7.5,1.0,1.0,1.0,41.333333333333336,40.4,36.6
618455,46140,St Kilda Saints,North Melbourne Kangaroos,2007-06-10,2007,11,3.0,,17,3.0,3.0,3.0,,,,15.0,15.0,15.0
618618,46171,Sydney Swans,Geelong Cats,2007-06-30,2007,13,9.0,,38,,,,,,,,,
618176,46084,Brisbane Lions,Port Adelaide Power,2007-06-30,2007,13,10.0,,33,,,,,,,,,
378703,43770,Brisbane Lions,Port Adelaide Power,2007-06-30,2007,13,10.0,0.0,33,,,,,,,,,
417834,44247,Sydney Swans,Geelong Cats,2007-06-30,2007,13,9.0,0.0,38,,,,,,,,,
618732,46191,Western Bulldogs,North Melbourne Kangaroos,2007-07-01,2007,13,2.0,,12,10.0,10.0,10.0,,,,59.0,59.0,59.0
424123,44327,Western Bulldogs,North Melbourne Kangaroos,2007-07-01,2007,13,2.0,0.0,12,10.0,10.0,10.0,0.0,0.0,0.0,59.0,59.0,59.0
528493,45614,Hawthorn Hawks,Adelaide Crows,2007-07-07,2007,14,8.0,,31,14.0,14.4,15.2,,1.0,1.0,61.333333333333336,67.4,69.0
485627,45097,Hawthorn Hawks,Adelaide Crows,2007-07-07,2007,14,6.0,0.0,54,2.333333333333333,4.2,3.8,0.0,0.0,0.1,31.0,35.2,36.7
548998,45701,Port Adelaide Power,Western Bulldogs,2007-07-07,2007,14,11.0,,36,9.0,13.2,12.5,,2.0,1.75,41.66666666666666,57.2,57.2
584730,45790,Fremantle Dockers,Sydney Swans,2007-07-08,2007,14,8.0,,38,10.333333333333334,10.0,11.5,1.0,1.0,1.0,39.0,40.4,45.2
619680,46373,Carlton Blues,Sydney Swans,2007-07-15,2007,15,11.0,,52,11.333333333333334,11.4,11.4,2.0,1.5,1.5,57.66666666666666,52.8,52.8
541202,45944,Fremantle Dockers,North Melbourne Kangaroos,2007-07-15,2007,15,14.0,,49,14.333333333333334,14.4,16.1,1.0,1.5,1.5,62.0,62.4,65.5
397121,44000,Richmond Tigers,Hawthorn Hawks,2007-07-15,2007,15,5.0,0.0,18,13.666666666666666,13.6,13.5,0.3333333333333333,0.2,0.1,55.66666666666666,56.2,53.1
499333,45300,Carlton Blues,Sydney Swans,2007-07-15,2007,15,11.0,0.0,52,11.333333333333334,11.4,11.4,0.6666666666666666,0.6,0.6,57.66666666666666,52.8,52.8
618697,46182,Hawthorn Hawks,St Kilda Saints,2007-07-21,2007,16,6.0,,29,,,,,,,,,
83682,45153,Sydney Swans,West Coast Eagles,2007-07-21,2007,16,5.0,0.0,28,5.333333333333333,7.0,7.4,1.0,0.8,0.6,30.0,38.2,38.5
421294,44287,Hawthorn Hawks,St Kilda Saints,2007-07-21,2007,16,6.0,0.0,29,,,,,,,,,
394699,43970,Brisbane Lions,Carlton Blues,2007-07-22,2007,16,12.0,1.0,44,8.0,8.0,8.0,0.0,0.0,0.0,29.5,29.5,29.5
618375,46121,Brisbane Lions,Carlton Blues,2007-07-22,2007,16,12.0,1.0,44,8.0,8.0,8.0,,,,29.5,29.5,29.5
507384,45654,Carlton Blues,St Kilda Saints,2007-07-28,2007,17,7.0,,29,16.0,17.8,17.1,1.0,1.0,1.2,65.33333333333333,67.6,63.3
619628,46356,North Melbourne Kangaroos,Brisbane Lions,2007-08-04,2007,18,1.0,,3,6.5,6.5,6.5,2.0,2.0,2.0,40.5,40.5,40.5
494943,45231,North Melbourne Kangaroos,Brisbane Lions,2007-08-04,2007,18,1.0,0.0,3,6.5,6.5,6.5,2.0,2.0,2.0,40.5,40.5,40.5
587705,45547,Melbourne Demons,Sydney Swans,2007-08-05,2007,18,9.0,,35,13.333333333333334,13.2,13.3,1.0,1.0,1.0,51.0,51.4,50.9
572809,45673,Collingwood Magpies,Richmond Tigers,2007-08-10,2007,19,17.0,,65,18.0,18.0,18.0,1.0,1.0,1.0,72.0,68.0,69.2
539763,45798,Adelaide Crows,Geelong Cats,2007-08-12,2007,19,9.0,1.0,44,10.666666666666666,10.0,10.6,1.0,1.0,1.4285714285714286,55.0,51.2,56.8
561514,45664,Carlton Blues,Essendon Bombers,2007-08-18,2007,20,15.0,2.0,66,13.333333333333334,12.6,13.8,2.0,1.6666666666666667,2.4,67.66666666666667,61.4,66.6
351163,43395,Carlton Blues,Essendon Bombers,2007-08-18,2007,20,20.0,0.0,70,15.666666666666666,15.2,15.3,0.0,0.0,0.1,68.0,59.6,61.0
560018,45426,St Kilda Saints,West Coast Eagles,2007-08-24,2007,21,4.0,,21,5.333333333333333,5.8,7.8,,,1.0,34.666666666666664,34.2,43.4
518602,45940,St Kilda Saints,West Coast Eagles,2007-08-24,2007,21,4.0,1.0,39,7.0,7.0,10.875,1.5,1.5,1.75,43.0,39.0,53.7
345160,43315,St Kilda Saints,West Coast Eagles,2007-08-24,2007,21,10.0,0.0,48,6.0,7.2,7.1,0.3333333333333333,0.2,0.2,22.0,31.4,31.0
581758,45404,Essendon Bombers,Richmond Tigers,2007-08-26,2007,21,9.0,,33,22.666666666666668,19.8,19.2,,2.0,1.5,75.33333333333333,69.0,69.5
106339,43960,Fremantle Dockers,Port Adelaide Power,2007-09-01,2007,22,11.0,0.0,49,4.666666666666667,5.8,9.9,0.0,0.0,0.0,22.666666666666668,22.2,40.8
506127,45917,St Kilda Saints,Richmond Tigers,2007-09-01,2007,22,6.0,,37,6.0,8.0,10.555555555555555,,,,22.666666666666668,31.8,43.2
521866,45589,Essendon Bombers,West Coast Eagles,2007-09-01,2007,22,18.0,1.0,60,9.666666666666666,10.8,13.2,1.0,1.0,1.0,43.66666666666666,49.4,55.8
540646,45595,Essendon Bombers,West Coast Eagles,2007-09-01,2007,22,34.0,1.0,126,16.333333333333332,17.2,21.2,1.5,1.3333333333333333,1.5,66.33333333333333,69.4,89.4
595842,45441,Fremantle Dockers,Port Adelaide Power,2007-09-01,2007,22,12.0,,59,10.333333333333334,9.6,10.5,1.0,1.0,1.4285714285714286,46.0,46.2,56.3
89136,43786,Geelong Cats,Brisbane Lions,2007-09-01,2007,22,,0.0,14,13.333333333333334,12.0,12.7,0.0,0.0,0.0,42.0,37.8,44.3
556015,45368,Essendon Bombers,West Coast Eagles,2007-09-01,2007,22,10.0,,51,7.333333333333333,7.0,6.6,1.0,1.5,1.25,35.666666666666664,41.8,36.5
522960,45865,Brisbane Lions,Geelong Cats,2007-09-01,2007,22,6.0,,16,11.0,11.0,11.2,,,3.333333333333333,54.0,53.2,60.7
522130,45986,Brisbane Lions,Geelong Cats,2007-09-01,2007,22,10.0,1.0,60,11.0,9.8,11.4,2.0,1.5,1.6666666666666667,42.66666666666666,43.4,58.6
6169,44412,Western Bulldogs,North Melbourne Kangaroos,2007-09-02,2007,22,20.0,1.0,73,8.666666666666666,10.2,8.1,0.3333333333333333,0.4,0.5,31.33333333333333,42.8,37.2
551810,45965,Carlton Blues,Melbourne Demons,2007-09-02,2007,22,17.0,1.0,87,14.333333333333334,14.0,14.22222222222222,1.3333333333333333,1.4,1.8888888888888888,77.0,73.8,75.3
108208,43814,Melbourne Demons,Carlton Blues,2007-09-02,2007,22,16.0,1.0,66,12.666666666666666,14.0,10.1,0.3333333333333333,0.2,0.1,46.0,53.8,39.2
518999,45802,Melbourne Demons,Carlton Blues,2007-09-02,2007,22,15.0,1.0,67,10.0,9.6,9.7,1.6666666666666667,1.6666666666666667,1.4,65.0,55.0,50.8
521696,45553,Western Bulldogs,North Melbourne Kangaroos,2007-09-02,2007,22,6.0,1.0,29,19.0,13.75,12.5,1.0,1.0,1.0,57.333333333333336,53.8,53.0
523658,45357,Melbourne Demons,Carlton Blues,2007-09-02,2007,22,8.0,,48,8.333333333333334,8.4,9.0,,,,67.33333333333333,58.4,55.8
528302,45949,Melbourne Demons,Carlton Blues,2007-09-02,2007,22,15.0,,55,17.666666666666668,19.4,18.8,,,1.0,67.33333333333333,72.8,72.5
553854,45467,Western Bulldogs,North Melbourne Kangaroos,2007-09-02,2007,22,8.0,,55,7.666666666666667,7.6,11.3,2.5,2.5,2.333333333333333,45.66666666666666,47.2,59.4
563013,45838,Western Bulldogs,North Melbourne Kangaroos,2007-09-02,2007,22,5.0,3.0,49,2.333333333333333,2.25,2.625,2.0,2.0,1.875,48.66666666666666,49.4,42.4
544092,45923,Adelaide Crows,Hawthorn Hawks,2007-09-08,2007,EF,24.0,1.0,105,17.0,17.6,16.6,,2.0,1.25,65.66666666666667,76.8,75.6
557904,45830,Adelaide Crows,Hawthorn Hawks,2007-09-08,2007,EF,4.0,,10,6.0,12.666666666666666,12.875,2.5,3.0,2.4,53.66666666666666,61.8,56.4
527488,45422,West Coast Eagles,Collingwood Magpies,2007-09-14,2007,SF,3.0,,43,6.666666666666667,9.2,8.1,2.0,1.5,1.3333333333333333,44.333333333333336,53.4,50.7
579692,45632,West Coast Eagles,Collingwood Magpies,2007-09-14,2007,SF,20.0,,73,21.0,19.0,18.875,2.5,2.0,1.75,65.0,66.2,66.7
577312,45936,Hawthorn Hawks,North Melbourne Kangaroos,2007-09-15,2007,SF,,,46,13.5,13.25,15.125,,1.0,1.6666666666666667,38.0,39.4,52.4
598693,44969,Hawthorn Hawks,North Melbourne Kangaroos,2007-09-15,2007,SF,14.0,,43,11.666666666666666,14.6,16.8,,,,40.333333333333336,51.6,61.2
510580,45487,Hawthorn Hawks,North Melbourne Kangaroos,2007-09-15,2007,SF,-1.0,,21,3.0,3.2,2.75,2.5,2.75,2.125,47.0,51.2,40.5
43877,44777,Collingwood Magpies,Geelong Cats,2007-09-21,2007,PF,2.0,0.0,29,9.333333333333334,10.6,9.2,0.0,0.0,0.0,49.333333333333336,57.4,48.9
567958,45391,Collingwood Magpies,Geelong Cats,2007-09-21,2007,PF,19.0,,105,18.666666666666668,18.6,19.55555555555556,1.0,1.0,1.4,75.66666666666667,79.4,87.9
540316,45430,Collingwood Magpies,Geelong Cats,2007-09-21,2007,PF,21.0,,107,18.0,16.0,14.666666666666666,,1.0,1.0,87.0,76.8,68.5
550774,45556,North Melbourne Kangaroos,Port Adelaide Power,2007-09-22,2007,PF,10.0,,34,13.666666666666666,16.8,16.333333333333332,,1.0,1.0,58.0,67.4,65.5
537646,45323,North Melbourne Kangaroos,Port Adelaide Power,2007-09-22,2007,PF,15.0,,71,13.0,13.6,15.0,,,1.5,46.0,52.4,62.9
530438,45942,Port Adelaide Power,Geelong Cats,2007-09-29,2007,GF,9.0,,50,9.0,7.4,5.9,,,,67.33333333333333,56.8,48.4
407810,44129,Carlton Blues,Richmond Tigers,2008-03-20,2008,1,10.0,0.0,38,16.5,17.0,14.857142857142858,1.0,0.6,0.375,70.0,71.8,65.625
404704,44094,Richmond Tigers,Carlton Blues,2008-03-20,2008,1,12.0,0.0,42,10.333333333333334,13.2,13.9,0.3333333333333333,0.4,0.3,39.0,56.4,59.5
114793,44838,Collingwood Magpies,Fremantle Dockers,2008-03-22,2008,1,4.0,0.0,18,7.666666666666667,9.6,7.8,1.6666666666666667,2.0,1.6,50.333333333333336,65.2,52.6
23095,43784,Collingwood Magpies,Brisbane Lions,2008-03-28,2008,2,4.0,1.0,35,9.333333333333334,10.6,10.8,0.3333333333333333,1.4,1.2,63.66666666666666,74.0,76.1
619581,46346,Melbourne Demons,Western Bulldogs,2008-03-29,2008,2,2.0,,8,9.0,9.0,9.0,,,,32.0,32.0,32.0
492608,45203,Melbourne Demons,Western Bulldogs,2008-03-29,2008,2,2.0,0.0,8,9.0,9.0,9.0,0.0,0.0,0.0,32.0,32.0,32.0
570615,45665,Brisbane Lions,Port Adelaide Power,2008-04-12,2008,4,17.0,,72,19.0,21.6,24.25,,,,78.33333333333333,88.6,92.7
438815,44499,Brisbane Lions,Port Adelaide Power,2008-04-12,2008,4,3.0,1.0,37,-0.3333333333333333,1.6,3.5,0.0,0.4,0.2,21.33333333333333,32.6,36.7
559760,45410,Fremantle Dockers,Adelaide Crows,2008-04-19,2008,5,12.0,,45,13.666666666666666,13.6,15.3,1.0,1.0,1.0,54.0,55.4,62.2
65483,44968,North Melbourne Kangaroos,Collingwood Magpies,2008-04-19,2008,5,16.0,0.0,61,18.666666666666668,19.0,17.4,0.3333333333333333,0.2,0.2,72.0,69.2,65.5
518757,45599,Collingwood Magpies,North Melbourne Kangaroos,2008-04-19,2008,5,12.0,,35,16.0,16.4,16.3,,,1.6666666666666667,59.333333333333336,65.4,66.3
531699,45770,Melbourne Demons,Carlton Blues,2008-04-20,2008,5,1.0,,6,9.0,8.8,9.1,1.5,1.6666666666666667,1.5714285714285714,48.0,47.8,48.6
583033,45957,Western Bulldogs,West Coast Eagles,2008-04-26,2008,6,18.0,,63,25.0,25.2,25.5,,,,88.33333333333333,90.0,89.9
92475,44796,St Kilda Saints,Port Adelaide Power,2008-04-26,2008,6,4.0,0.0,34,4.0,4.2,5.0,0.0,0.0,0.2,35.0,36.4,36.9
40474,44858,North Melbourne Kangaroos,Sydney Swans,2008-04-27,2008,6,4.0,0.0,17,12.333333333333334,13.25,14.22222222222222,0.0,1.6,1.4,43.0,65.2,64.6
569907,45470,Sydney Swans,North Melbourne Kangaroos,2008-04-27,2008,6,9.0,1.0,45,9.0,10.666666666666666,12.571428571428571,1.3333333333333333,2.0,1.8,46.66666666666666,51.6,57.6
411394,44174,West Coast Eagles,Carlton Blues,2008-05-02,2008,7,3.0,1.0,39,3.0,3.4,2.1,1.3333333333333333,0.8,0.7,49.66666666666666,46.8,39.0
410828,44166,Essendon Bombers,Port Adelaide Power,2008-05-04,2008,7,8.0,0.0,44,7.333333333333333,7.6,8.0,0.3333333333333333,0.8,0.8,34.0,39.2,41.6
535399,45544,St Kilda Saints,Collingwood Magpies,2008-05-16,2008,8,7.0,1.0,37,6.333333333333333,7.8,8.625,1.3333333333333333,2.6,3.4444444444444446,38.0,51.8,53.7
19096,43265,Carlton Blues,Brisbane Lions,2008-05-17,2008,8,11.0,0.0,54,11.0,12.0,9.11111111111111,0.3333333333333333,0.2,0.2,56.0,59.2,49.1
407826,44131,Adelaide Crows,Melbourne Demons,2008-05-18,2008,8,11.0,0.0,59,8.0,8.0,8.0,0.5,0.5,0.5,36.5,36.5,36.5
618491,46148,Adelaide Crows,Melbourne Demons,2008-05-18,2008,8,11.0,,59,8.0,8.0,8.0,1.0,1.0,1.0,36.5,36.5,36.5
467458,44869,Sydney Swans,Port Adelaide Power,2008-05-24,2008,9,11.0,1.0,49,11.333333333333334,10.6,11.8,0.6666666666666666,0.6,0.7,48.66666666666666,47.2,52.5
550926,45723,Adelaide Crows,Richmond Tigers,2008-06-07,2008,11,2.0,,-2,8.333333333333334,7.6,8.0,1.0,1.0,2.4,44.333333333333336,40.2,43.2
89236,43813,St Kilda Saints,Western Bulldogs,2008-06-08,2008,11,2.0,0.0,13,7.666666666666667,7.4,8.555555555555555,0.0,0.0,0.0,40.66666666666666,35.8,38.4
539289,45358,Fremantle Dockers,Brisbane Lions,2008-06-08,2008,11,16.0,,61,20.0,15.4,18.4,1.0,1.0,1.0,79.66666666666667,60.2,68.2
77721,43820,St Kilda Saints,Western Bulldogs,2008-06-08,2008,11,6.0,0.0,23,8.666666666666666,9.0,9.1,0.0,0.2,0.2,36.66666666666666,40.0,39.4
373346,43690,North Melbourne Kangaroos,Fremantle Dockers,2008-06-14,2008,12,23.0,0.0,92,11.666666666666666,12.2,15.2,0.3333333333333333,0.2,0.1,50.333333333333336,49.4,62.7
122612,43430,Hawthorn Hawks,North Melbourne Kangaroos,2008-06-21,2008,13,12.0,1.0,48,6.333333333333333,8.0,7.0,0.3333333333333333,1.0,0.7,24.0,40.4,37.2
566598,45972,Port Adelaide Power,Richmond Tigers,2008-06-21,2008,13,8.0,,23,12.5,8.75,12.875,,,1.0,53.0,40.4,56.9
363610,43561,Hawthorn Hawks,West Coast Eagles,2008-06-27,2008,14,21.0,0.0,85,15.0,12.2,14.4,0.3333333333333333,0.4,0.4,56.0,47.6,54.3
63574,43921,West Coast Eagles,Hawthorn Hawks,2008-06-27,2008,14,13.0,0.0,49,9.0,11.2,11.0,0.0,0.0,0.1,31.666666666666668,41.8,45.0
407214,44120,Richmond Tigers,Carlton Blues,2008-06-28,2008,14,11.0,0.0,48,11.333333333333334,10.6,12.5,0.6666666666666666,0.6,0.8,51.0,40.4,46.8
377943,43759,Fremantle Dockers,Essendon Bombers,2008-06-29,2008,14,2.0,0.0,12,6.0,4.6,4.714285714285714,0.0,0.0,0.0,23.0,18.8,21.714285714285715
352487,43408,Melbourne Demons,Brisbane Lions,2008-06-29,2008,14,5.0,0.0,19,7.333333333333333,9.0,8.125,0.0,0.4,0.375,32.666666666666664,42.4,39.125
574026,45346,Fremantle Dockers,Essendon Bombers,2008-06-29,2008,14,20.0,,94,19.0,20.2,22.0,1.0,1.0,1.0,71.0,75.2,80.8
379390,43780,Carlton Blues,St Kilda Saints,2008-07-11,2008,15,7.0,0.0,35,9.333333333333334,10.0,10.0,1.0,1.0,1.0,56.66666666666666,58.75,58.75
618195,46088,Carlton Blues,St Kilda Saints,2008-07-11,2008,15,7.0,,35,8.0,9.333333333333334,9.333333333333334,1.0,1.0,1.0,56.66666666666666,58.75,58.75
21452,45235,Western Bulldogs,Melbourne Demons,2008-07-13,2008,15,13.0,0.0,50,10.0,10.8,9.1,0.0,0.2,0.4,48.333333333333336,53.6,46.6
405388,44102,Richmond Tigers,Essendon Bombers,2008-07-19,2008,16,2.0,1.0,12,7.666666666666667,8.0,6.111111111111111,3.333333333333333,2.2,1.3,60.0,53.8,41.0
408977,44145,Adelaide Crows,Port Adelaide Power,2008-07-20,2008,16,4.0,0.0,20,9.0,8.0,11.0,2.6666666666666665,2.2,1.6,61.333333333333336,54.4,59.6
446818,44609,Fremantle Dockers,Melbourne Demons,2008-07-20,2008,16,9.0,1.0,35,11.0,11.0,11.0,0.0,0.0,0.0,50.0,50.0,50.0
512181,45713,Sydney Swans,Adelaide Crows,2008-07-26,2008,17,9.0,1.0,43,16.333333333333332,13.4,14.7,1.0,1.0,1.25,64.33333333333333,58.2,64.4
108844,44312,Collingwood Magpies,Hawthorn Hawks,2008-08-01,2008,18,18.0,0.0,51,19.33333333333333,18.4,18.8,0.0,0.0,0.3,74.33333333333333,69.6,72.5
392095,43945,North Melbourne Kangaroos,Brisbane Lions,2008-08-02,2008,18,6.0,0.0,31,10.333333333333334,10.4,9.4,0.0,0.0,0.2,32.333333333333336,36.2,34.3
586344,45734,Fremantle Dockers,West Coast Eagles,2008-08-03,2008,18,16.0,,100,7.333333333333333,7.6,7.0,1.0,1.0,1.3333333333333333,56.0,52.4,53.1
354651,43443,Sydney Swans,Fremantle Dockers,2008-08-09,2008,19,7.0,0.0,47,12.333333333333334,12.8,10.4,0.3333333333333333,0.2,0.4,56.66666666666666,55.0,46.9
374635,43716,Port Adelaide Power,Carlton Blues,2008-08-09,2008,19,6.0,0.0,34,4.333333333333333,5.8,4.7,0.0,0.0,0.1,29.0,31.8,26.3
102805,45030,Western Bulldogs,North Melbourne Kangaroos,2008-08-10,2008,19,4.0,0.0,37,5.333333333333333,6.8,7.7,0.0,0.2,0.2,41.0,49.8,53.1
619637,46361,Port Adelaide Power,Collingwood Magpies,2008-08-15,2008,20,7.0,,30,5.0,5.0,5.0,,,,17.0,17.0,17.0
495979,45247,Port Adelaide Power,Collingwood Magpies,2008-08-15,2008,20,7.0,0.0,30,,,,0.0,0.0,0.0,17.0,17.0,17.0
419577,44265,Essendon Bombers,Adelaide Crows,2008-08-16,2008,20,11.0,1.0,90,1.6666666666666667,3.2,2.7,1.0,1.0,0.8,41.333333333333336,48.4,45.1
569218,45525,Sydney Swans,Geelong Cats,2008-08-16,2008,20,15.0,,58,13.333333333333334,15.4,18.3,1.0,1.0,1.0,50.0,63.0,73.7
360426,43521,Adelaide Crows,Essendon Bombers,2008-08-16,2008,20,6.0,0.0,34,9.333333333333334,8.8,9.285714285714286,0.3333333333333333,0.2,0.1428571428571428,48.66666666666666,44.0,42.0
543829,45851,Carlton Blues,North Melbourne Kangaroos,2008-08-17,2008,20,10.0,,60,4.333333333333333,7.8,8.555555555555555,1.0,1.0,1.0,45.333333333333336,59.4,53.9
105895,43615,Brisbane Lions,Carlton Blues,2008-08-23,2008,21,0.0,0.0,32,2.333333333333333,3.6,5.0,0.6666666666666666,0.4,0.4,35.666666666666664,38.6,45.8
440555,44518,Brisbane Lions,Carlton Blues,2008-08-23,2008,21,10.0,0.0,43,9.666666666666666,10.8,11.1,0.0,0.0,0.0,44.0,42.8,45.4
361295,43534,Richmond Tigers,Fremantle Dockers,2008-08-23,2008,21,6.0,0.0,27,8.333333333333334,6.0,5.125,0.3333333333333333,0.2,0.25,44.0,30.2,28.375
581506,45395,Collingwood Magpies,Sydney Swans,2008-08-23,2008,21,12.0,,56,21.666666666666668,21.0,21.5,,,1.5,70.66666666666667,71.2,82.6
618952,46235,West Coast Eagles,Hawthorn Hawks,2008-08-24,2008,21,7.0,,17,6.0,6.0,6.0,,,,15.0,15.0,15.0
446769,44605,West Coast Eagles,Hawthorn Hawks,2008-08-24,2008,21,7.0,0.0,17,6.0,6.0,6.0,0.0,0.0,0.0,15.0,15.0,15.0
564372,45382,West Coast Eagles,Hawthorn Hawks,2008-08-24,2008,21,23.0,,69,15.666666666666666,17.6,17.8,1.0,1.0,1.0,57.66666666666666,67.2,66.8
544563,45509,Fremantle Dockers,Collingwood Magpies,2008-08-29,2008,22,21.0,3.0,99,21.33333333333333,17.6,16.9,1.0,1.0,1.5,82.66666666666667,69.8,66.8
556856,45628,Fremantle Dockers,Collingwood Magpies,2008-08-29,2008,22,7.0,,22,10.0,11.0,11.0,3.0,2.333333333333333,2.333333333333333,51.333333333333336,55.6,49.2
494513,45223,Port Adelaide Power,North Melbourne Kangaroos,2008-08-30,2008,22,13.0,0.0,50,11.666666666666666,11.8,11.9,1.0,0.6,0.6,45.66666666666666,46.0,55.4
364512,43583,Brisbane Lions,Sydney Swans,2008-08-30,2008,22,13.0,1.0,73,3.0,3.0,3.0,0.0,0.0,0.0,14.0,14.0,14.0
618009,46051,Brisbane Lions,Sydney Swans,2008-08-30,2008,22,13.0,1.0,73,3.0,3.0,3.0,,,,14.0,14.0,14.0
119802,43304,West Coast Eagles,Geelong Cats,2008-08-30,2008,22,8.0,0.0,39,26.0,23.0,18.5,0.6666666666666666,0.4,0.7,102.66666666666669,93.8,78.6
349099,43374,Carlton Blues,Hawthorn Hawks,2008-08-30,2008,22,18.0,0.0,75,11.666666666666666,13.2,18.4,0.0,0.0,0.0,52.66666666666666,52.4,71.7
95980,44309,Port Adelaide Power,North Melbourne Kangaroos,2008-08-30,2008,22,15.0,0.0,59,17.666666666666668,19.0,18.5,0.3333333333333333,0.8,0.6,71.0,80.2,76.3
502840,45983,Melbourne Demons,Richmond Tigers,2008-08-31,2008,22,25.0,,92,19.33333333333333,17.4,17.4,2.0,2.5,2.0,82.33333333333333,76.6,73.0
555018,45747,Essendon Bombers,St Kilda Saints,2008-08-31,2008,22,6.0,,39,8.5,6.5,5.625,2.0,2.0,1.5,43.333333333333336,40.2,36.4
618740,46194,Essendon Bombers,St Kilda Saints,2008-08-31,2008,22,12.0,1.0,68,8.666666666666666,8.666666666666666,8.666666666666666,1.0,1.0,1.0,42.0,42.0,42.0
27880,44690,Essendon Bombers,St Kilda Saints,2008-08-31,2008,22,20.0,0.0,77,26.33333333333333,24.6,22.1,0.0,0.0,0.1,91.33333333333331,95.4,80.1
502219,45821,Essendon Bombers,St Kilda Saints,2008-08-31,2008,22,23.0,,90,14.0,12.4,11.6,1.0,1.0,1.3333333333333333,52.0,50.6,49.9
619633,46359,Essendon Bombers,St Kilda Saints,2008-08-31,2008,22,5.0,,23,,,,,,,,,
544831,45962,Melbourne Demons,Richmond Tigers,2008-08-31,2008,22,17.0,2.0,103,15.333333333333334,16.4,18.6,,1.0,1.0,71.0,79.0,88.4
495728,45243,Essendon Bombers,St Kilda Saints,2008-08-31,2008,22,5.0,0.0,23,,,,,,,,,
95294,43531,Melbourne Demons,Richmond Tigers,2008-08-31,2008,22,13.0,0.0,61,12.0,12.4,12.7,0.0,0.0,0.0,47.333333333333336,46.0,49.1
550663,45627,Richmond Tigers,Melbourne Demons,2008-08-31,2008,22,24.0,,83,25.666666666666668,25.4,21.3,,,1.0,103.66666666666669,101.6,88.8
426468,44350,Essendon Bombers,St Kilda Saints,2008-08-31,2008,22,12.0,1.0,68,8.666666666666666,8.666666666666666,8.666666666666666,0.3333333333333333,0.3333333333333333,0.3333333333333333,42.0,42.0,42.0
543208,45626,Essendon Bombers,St Kilda Saints,2008-08-31,2008,22,22.0,1.0,90,23.0,21.8,21.0,1.0,1.0,1.0,82.0,82.6,83.0
538705,45921,Richmond Tigers,Melbourne Demons,2008-08-31,2008,22,24.0,1.0,95,13.333333333333334,13.2,16.77777777777778,,1.0,1.25,49.66666666666666,58.4,66.3
351169,43394,St Kilda Saints,Essendon Bombers,2008-08-31,2008,22,10.0,0.0,76,9.666666666666666,9.0,10.1,1.0,1.4,0.8,75.66666666666667,72.6,75.3
511643,45598,Melbourne Demons,Richmond Tigers,2008-08-31,2008,22,13.0,1.0,61,12.5,13.75,12.5,3.5,2.75,2.8,65.0,70.0,59.3
568839,45919,North Melbourne Kangaroos,Sydney Swans,2008-09-06,2008,EF,8.0,1.0,49,6.333333333333333,6.4,8.4,1.5,1.3333333333333333,2.0,38.0,38.2,51.9
545023,45883,North Melbourne Kangaroos,Sydney Swans,2008-09-06,2008,EF,14.0,1.0,54,18.33333333333333,15.0,17.8,1.0,1.0,1.0,77.0,61.2,68.5
551384,45710,Adelaide Crows,Collingwood Magpies,2008-09-06,2008,EF,17.0,,61,18.0,19.2,19.0,,1.0,1.0,65.33333333333333,72.0,74.5
567495,45338,Adelaide Crows,Collingwood Magpies,2008-09-06,2008,EF,16.0,1.0,78,15.0,16.0,18.2,,,,53.66666666666666,65.6,71.4
585624,45554,North Melbourne Kangaroos,Sydney Swans,2008-09-06,2008,EF,14.0,2.0,78,15.666666666666666,15.0,15.3,2.5,2.6666666666666665,2.6,75.66666666666667,75.4,72.5
22480,43867,St Kilda Saints,Geelong Cats,2008-09-07,2008,QF,13.0,0.0,55,10.333333333333334,10.6,11.3,0.6666666666666666,0.4,0.9,52.66666666666666,50.6,56.4
574748,45508,Sydney Swans,Western Bulldogs,2008-09-12,2008,SF,5.0,,40,8.333333333333334,8.6,8.8,1.0,1.0,1.0,53.333333333333336,51.0,49.7
60817,43280,St Kilda Saints,Collingwood Magpies,2008-09-13,2008,SF,0.0,0.0,4,7.666666666666667,7.666666666666667,7.666666666666667,0.0,0.0,0.0,31.666666666666668,31.666666666666668,31.666666666666668
584982,45943,Collingwood Magpies,St Kilda Saints,2008-09-13,2008,SF,8.0,,29,9.666666666666666,8.4,11.0,,,,41.66666666666666,34.0,47.1
617536,45993,St Kilda Saints,Collingwood Magpies,2008-09-13,2008,SF,,,4,7.666666666666667,7.666666666666667,7.666666666666667,,,,31.666666666666668,31.666666666666668,31.666666666666668
577771,45577,St Kilda Saints,Hawthorn Hawks,2008-09-20,2008,PF,19.0,,74,21.666666666666668,21.4,22.6,,1.0,1.0,78.0,80.4,80.7
500580,45518,St Kilda Saints,Hawthorn Hawks,2008-09-20,2008,PF,,1.0,45,12.0,11.6,12.4,2.0,2.0,2.0,55.66666666666666,54.0,53.6
584181,45450,Hawthorn Hawks,Geelong Cats,2008-09-27,2008,GF,25.0,,84,24.0,24.0,21.666666666666668,1.0,1.0,1.0,100.33333333333331,99.2,78.6
595280,45453,Hawthorn Hawks,Geelong Cats,2008-09-27,2008,GF,1.0,,7,9.0,9.4,10.0,,,,40.0,37.0,36.6
22847,43473,Collingwood Magpies,Adelaide Crows,2009-03-28,2009,1,6.0,0.0,37,8.333333333333334,7.8,8.4,0.0,0.0,0.1,35.333333333333336,38.4,45.3
485595,45095,Hawthorn Hawks,Sydney Swans,2009-04-04,2009,2,4.0,0.0,25,5.0,5.0,5.0,1.0,1.0,1.0,33.0,33.0,33.0
355959,43458,Fremantle Dockers,Essendon Bombers,2009-04-05,2009,2,11.0,0.0,44,14.333333333333334,12.6,12.1,0.0,0.0,0.0,64.33333333333333,55.4,48.2
97698,43894,Adelaide Crows,Fremantle Dockers,2009-04-12,2009,3,12.0,1.0,48,9.333333333333334,11.6,10.8,0.3333333333333333,1.6,1.2,45.0,61.0,58.2
58207,43545,Brisbane Lions,Collingwood Magpies,2009-04-17,2009,4,8.0,0.0,38,8.0,9.5,8.333333333333334,0.3333333333333333,0.2,0.5,50.66666666666666,60.4,57.2
619480,46321,Port Adelaide Power,Hawthorn Hawks,2009-04-18,2009,4,13.0,,46,9.0,9.0,9.0,,,,31.0,31.0,31.0
485130,45091,Port Adelaide Power,Hawthorn Hawks,2009-04-18,2009,4,13.0,0.0,46,9.0,9.0,9.0,0.0,0.0,0.0,31.0,31.0,31.0
372312,43677,Essendon Bombers,North Melbourne Kangaroos,2009-04-19,2009,4,8.0,0.0,27,12.333333333333334,9.4,9.4,0.0,0.0,0.0,52.333333333333336,42.2,42.2
436461,44467,Melbourne Demons,Geelong Cats,2009-05-03,2009,6,13.0,0.0,52,11.0,8.2,8.2,0.0,0.0,0.0,56.333333333333336,41.6,41.6
562867,45833,Richmond Tigers,Sydney Swans,2009-05-03,2009,6,8.0,1.0,39,15.333333333333334,19.8,18.1,2.5,2.0,2.0,85.0,99.0,91.0
618838,46213,Melbourne Demons,Geelong Cats,2009-05-03,2009,6,13.0,,52,11.0,8.2,8.2,,,,56.333333333333336,41.6,41.6
619177,46261,Fremantle Dockers,Carlton Blues,2009-05-09,2009,7,11.0,,52,,,,,,,,,
455159,44729,Fremantle Dockers,Carlton Blues,2009-05-09,2009,7,11.0,0.0,52,,,,,,,,,
460386,44787,North Melbourne Kangaroos,Geelong Cats,2009-05-16,2009,8,10.0,0.0,42,9.0,10.8,10.555555555555555,0.0,0.0,0.0,36.333333333333336,45.6,43.22222222222222
366788,43622,Collingwood Magpies,Carlton Blues,2009-05-17,2009,8,4.0,0.0,23,13.666666666666666,14.0,13.3,0.6666666666666666,1.0,1.0,65.0,64.6,60.9
107965,43613,Collingwood Magpies,West Coast Eagles,2009-05-23,2009,9,20.0,0.0,68,16.0,15.2,14.1,0.0,0.0,0.1,53.66666666666666,56.8,59.3
452515,44687,Richmond Tigers,Western Bulldogs,2009-06-05,2009,11,20.0,0.0,68,22.0,20.6,19.6,1.0,0.8,1.3,83.66666666666667,85.0,84.6
119448,45101,Western Bulldogs,Richmond Tigers,2009-06-05,2009,11,10.0,0.0,35,15.0,14.0,12.2,0.0,0.0,0.0,67.33333333333333,63.6,54.3
398687,44022,Fremantle Dockers,Port Adelaide Power,2009-06-06,2009,11,5.0,0.0,35,9.333333333333334,10.2,10.571428571428571,0.0,0.0,0.125,42.333333333333336,48.0,50.375
501887,45610,West Coast Eagles,Geelong Cats,2009-06-07,2009,11,26.0,,68,14.666666666666666,13.6,12.3,1.3333333333333333,1.6,1.5,56.66666666666666,58.8,56.3
442114,44543,Port Adelaide Power,Western Bulldogs,2009-06-13,2009,12,16.0,0.0,51,12.333333333333334,12.75,12.75,0.6666666666666666,0.5,0.5,46.333333333333336,49.0,49.0
493897,45216,Port Adelaide Power,Western Bulldogs,2009-06-13,2009,12,9.0,0.0,40,10.0,9.8,9.8,0.6666666666666666,1.0,1.0,45.333333333333336,48.6,48.6
591819,45481,Hawthorn Hawks,Brisbane Lions,2009-06-14,2009,12,11.0,1.0,46,14.666666666666666,14.4,14.9,1.0,1.25,1.5,65.33333333333333,64.0,66.8
346922,43341,Carlton Blues,Essendon Bombers,2009-06-26,2009,13,9.0,0.0,42,13.0,11.25,12.22222222222222,0.6666666666666666,0.8,0.5,61.0,55.6,55.6
116639,43637,Collingwood Magpies,Fremantle Dockers,2009-06-27,2009,13,11.0,1.0,43,18.33333333333333,17.4,19.5,0.0,0.0,0.1,72.66666666666667,65.4,74.1
446815,44608,Richmond Tigers,St Kilda Saints,2009-06-28,2009,13,4.0,0.0,7,12.0,11.2,8.5,0.3333333333333333,0.2,0.1,66.66666666666667,57.6,45.2
388302,43895,Fremantle Dockers,Carlton Blues,2009-07-05,2009,14,12.0,0.0,36,12.666666666666666,13.2,15.444444444444445,0.0,0.0,0.0,63.66666666666666,62.0,70.8
353828,43431,Sydney Swans,North Melbourne Kangaroos,2009-07-05,2009,14,5.0,0.0,17,15.0,15.0,15.0,0.5,0.5,0.5,57.0,57.0,57.0
597077,45898,West Coast Eagles,St Kilda Saints,2009-07-12,2009,15,7.0,,46,16.0,16.6,15.2,1.0,1.0,1.0,61.0,59.4,60.4
29026,43368,Melbourne Demons,Port Adelaide Power,2009-07-12,2009,15,7.0,0.0,43,9.333333333333334,10.2,8.9,0.0,0.0,0.0,53.0,60.6,57.0
383480,43843,Fremantle Dockers,Brisbane Lions,2009-07-18,2009,16,4.0,0.0,15,14.333333333333334,13.0,13.0,0.6666666666666666,0.4,0.75,54.0,49.0,56.5
360267,43517,Fremantle Dockers,Brisbane Lions,2009-07-18,2009,16,7.0,1.0,37,5.333333333333333,7.4,7.4,0.3333333333333333,1.0,1.1,27.666666666666668,42.4,39.4
364775,43587,West Coast Eagles,Port Adelaide Power,2009-07-19,2009,16,14.0,0.0,71,12.0,12.2,12.166666666666666,0.3333333333333333,0.6,0.5,59.0,56.4,56.66666666666666
618019,46053,West Coast Eagles,Port Adelaide Power,2009-07-19,2009,16,14.0,,71,12.0,12.2,12.166666666666666,1.0,1.0,1.0,59.0,56.4,56.66666666666666
349033,43375,Carlton Blues,Collingwood Magpies,2009-07-24,2009,17,11.0,1.0,41,13.0,14.0,13.0,0.3333333333333333,0.4,0.3,58.0,61.2,54.1
397253,44003,Carlton Blues,Collingwood Magpies,2009-07-24,2009,17,6.0,0.0,32,9.0,7.8,7.7,0.0,0.2,0.2,36.333333333333336,36.2,36.0
502525,45881,North Melbourne Kangaroos,Carlton Blues,2009-07-31,2009,18,,,81,24.0,24.5,23.88888888888889,1.0,1.0,1.0,86.0,90.2,87.8
114444,45094,Fremantle Dockers,Western Bulldogs,2009-08-01,2009,18,12.0,0.0,54,13.0,13.4,12.2,0.3333333333333333,0.6,0.8,53.0,55.4,49.2
582360,45692,Essendon Bombers,West Coast Eagles,2009-08-02,2009,18,9.0,,41,13.333333333333334,14.8,15.4,2.5,2.75,3.0,69.66666666666667,77.6,82.2
73960,45073,Geelong Cats,Carlton Blues,2009-08-07,2009,19,12.0,0.0,35,18.33333333333333,16.8,16.77777777777778,0.3333333333333333,0.2,0.1,65.33333333333333,58.4,59.8
348498,43366,St Kilda Saints,Hawthorn Hawks,2009-08-08,2009,19,7.0,0.0,29,10.666666666666666,11.0,14.1,0.0,0.2,0.1,41.66666666666666,42.2,50.3
105752,43523,Hawthorn Hawks,Adelaide Crows,2009-08-14,2009,20,10.0,0.0,43,8.666666666666666,10.6,9.7,0.0,0.0,0.0,35.0,43.0,41.7
545357,45377,Richmond Tigers,Collingwood Magpies,2009-08-15,2009,20,24.0,,82,22.33333333333333,23.2,25.7,,,1.5,83.0,85.0,99.7
111777,44727,North Melbourne Kangaroos,West Coast Eagles,2009-08-15,2009,20,23.0,0.0,85,26.33333333333333,25.2,19.2,0.0,0.0,0.0,85.66666666666667,84.8,64.9
533391,45890,Fremantle Dockers,Melbourne Demons,2009-08-16,2009,20,7.0,,45,11.666666666666666,11.2,10.3,,,1.0,54.333333333333336,61.8,65.5
564144,45606,St Kilda Saints,Essendon Bombers,2009-08-16,2009,20,6.0,,28,15.666666666666666,13.8,11.9,,,,64.0,54.6,46.9
34606,44157,Geelong Cats,Western Bulldogs,2009-08-21,2009,21,18.0,0.0,57,12.0,13.0,14.1,0.0,0.0,0.0,49.0,53.4,55.7
123765,45100,Port Adelaide Power,Brisbane Lions,2009-08-22,2009,21,15.0,0.0,66,13.0,16.2,17.5,0.0,0.0,0.0,51.66666666666666,63.8,69.2
532402,45974,West Coast Eagles,Adelaide Crows,2009-08-22,2009,21,11.0,,45,15.0,18.0,19.0,2.0,2.0,1.5,80.0,81.0,80.0
488243,45139,Melbourne Demons,Carlton Blues,2009-08-22,2009,21,,0.0,70,23.0,19.2,18.6,0.3333333333333333,0.4,0.5,100.33333333333331,81.8,78.2
487494,45122,Hawthorn Hawks,Richmond Tigers,2009-08-22,2009,21,21.0,0.0,62,19.33333333333333,17.8,20.77777777777778,0.0,0.0,0.0,69.66666666666667,62.8,68.8
585843,45954,North Melbourne Kangaroos,St Kilda Saints,2009-08-23,2009,21,11.0,,30,10.0,10.6,10.7,,,,40.66666666666666,42.4,45.6
367413,43627,Richmond Tigers,West Coast Eagles,2009-08-28,2009,22,13.0,0.0,49,18.33333333333333,18.6,16.666666666666668,0.3333333333333333,0.2,0.2,75.0,77.6,69.8
619367,46295,Richmond Tigers,West Coast Eagles,2009-08-28,2009,22,10.0,,37,10.0,12.0,12.0,,,,40.0,47.0,47.0
473353,44933,Richmond Tigers,West Coast Eagles,2009-08-28,2009,22,,0.0,37,10.0,12.0,12.0,0.0,0.0,0.0,40.0,47.0,47.0
58846,44454,West Coast Eagles,Richmond Tigers,2009-08-28,2009,22,17.0,0.0,72,14.5,13.25,14.0,0.0,0.4,0.3,56.333333333333336,59.0,59.0
598912,45309,Richmond Tigers,West Coast Eagles,2009-08-28,2009,22,12.0,,37,16.0,17.4,17.3,1.0,1.6666666666666667,1.75,59.333333333333336,67.6,74.7
520610,45521,West Coast Eagles,Richmond Tigers,2009-08-28,2009,22,20.0,,68,20.666666666666668,20.8,20.11111111111111,,1.0,1.0,68.66666666666667,72.2,68.0
404073,44087,West Coast Eagles,Richmond Tigers,2009-08-28,2009,22,21.0,0.0,85,24.0,24.6,19.2,0.3333333333333333,0.2,0.1,87.66666666666667,88.6,70.5
68971,44451,Richmond Tigers,West Coast Eagles,2009-08-28,2009,22,23.0,1.0,83,15.333333333333334,17.6,20.0,0.0,0.2,0.2,65.33333333333333,70.0,80.0
376926,43746,Fremantle Dockers,Geelong Cats,2009-08-29,2009,22,13.0,0.0,77,15.333333333333334,16.4,14.9,0.0,0.0,0.1,56.0,65.0,61.6
565657,45783,Sydney Swans,Brisbane Lions,2009-08-29,2009,22,6.0,4.0,59,14.0,11.4,12.0,2.5,2.0,2.0,72.33333333333333,58.4,62.8
485468,45093,Sydney Swans,Brisbane Lions,2009-08-29,2009,22,5.0,1.0,32,7.666666666666667,7.8,7.571428571428571,0.0,0.2,0.4285714285714285,38.0,41.2,39.71428571428572
376304,43736,Hawthorn Hawks,Essendon Bombers,2009-08-29,2009,22,9.0,3.0,90,11.666666666666666,12.2,15.1,1.6666666666666667,1.2,0.6,62.66666666666666,57.8,64.9
574318,45392,Port Adelaide Power,North Melbourne Kangaroos,2009-08-29,2009,22,18.0,,72,23.0,23.6,21.9,,,1.0,73.33333333333333,72.0,71.9
619488,46322,Sydney Swans,Brisbane Lions,2009-08-29,2009,22,5.0,1.0,32,9.0,8.5,8.0,,1.0,1.0,38.0,41.2,39.71428571428572
561900,45677,Essendon Bombers,Hawthorn Hawks,2009-08-29,2009,22,9.0,,22,15.0,13.333333333333334,11.0,2.5,2.75,2.75,69.0,71.6,65.2
447142,44616,North Melbourne Kangaroos,Port Adelaide Power,2009-08-29,2009,22,4.0,0.0,59,2.333333333333333,1.0,1.0,0.0,0.0,0.0,40.333333333333336,33.0,33.0
552859,45336,Sydney Swans,Brisbane Lions,2009-08-29,2009,22,21.0,,77,12.0,12.0,11.666666666666666,,,,42.333333333333336,43.2,42.2
515627,45658,Port Adelaide Power,North Melbourne Kangaroos,2009-08-29,2009,22,4.0,1.0,47,13.666666666666666,11.8,10.8,1.0,1.0,1.2,86.0,73.0,68.3
81009,43263,Sydney Swans,Brisbane Lions,2009-08-29,2009,22,10.0,1.0,65,12.0,11.6,12.6,1.0,0.8,0.6,59.0,54.8,53.1
541701,45456,Sydney Swans,Brisbane Lions,2009-08-29,2009,22,5.0,,33,9.666666666666666,10.4,11.3,,1.0,1.0,35.666666666666664,43.8,45.4
573434,45958,Melbourne Demons,St Kilda Saints,2009-08-30,2009,22,15.0,1.0,60,19.0,24.8,25.8,,,,74.0,94.0,95.9
563781,45959,Melbourne Demons,St Kilda Saints,2009-08-30,2009,22,4.0,,23,9.0,10.0,12.88888888888889,1.0,1.0,1.0,33.333333333333336,41.4,54.4
580149,45841,Melbourne Demons,St Kilda Saints,2009-08-30,2009,22,10.0,1.0,46,10.0,9.8,9.0,4.0,3.5,2.555555555555556,67.0,64.2,59.9
5982,44316,Essendon Bombers,Adelaide Crows,2009-09-04,2009,EF,16.0,1.0,59,16.5,16.0,20.55555555555556,1.0,1.0,0.9,74.0,74.0,82.0
46064,44951,Essendon Bombers,Adelaide Crows,2009-09-04,2009,EF,9.0,2.0,61,17.333333333333332,18.8,19.0,0.6666666666666666,1.2,0.9,75.0,83.2,79.8
118337,45233,Carlton Blues,Brisbane Lions,2009-09-05,2009,EF,16.0,0.0,70,15.5,14.5,13.666666666666666,0.0,0.0,0.2,52.66666666666666,53.0,59.8
62643,44811,Brisbane Lions,Carlton Blues,2009-09-05,2009,EF,12.0,0.0,69,5.0,5.4,6.9,0.3333333333333333,0.2,0.1,53.66666666666666,55.8,56.5
570317,45904,Carlton Blues,Brisbane Lions,2009-09-05,2009,EF,18.0,2.0,103,24.666666666666668,24.2,23.8,1.5,1.5,1.6,90.33333333333331,96.6,91.8
507774,45844,Collingwood Magpies,St Kilda Saints,2009-09-06,2009,QF,5.0,2.0,48,8.0,8.0,8.1,1.0,1.0,1.3333333333333333,39.0,45.0,43.4
592826,45775,Brisbane Lions,Western Bulldogs,2009-09-11,2009,SF,21.0,,91,12.666666666666666,14.6,13.6,1.0,1.5,1.25,53.333333333333336,64.4,58.8
578545,45875,Adelaide Crows,Collingwood Magpies,2009-09-12,2009,SF,16.0,,48,10.333333333333334,11.5,13.666666666666666,,,1.0,38.333333333333336,47.2,55.8
582709,45956,Western Bulldogs,St Kilda Saints,2009-09-18,2009,PF,11.0,,46,17.0,13.5,11.666666666666666,1.0,1.25,1.8571428571428568,70.0,65.0,60.5
593487,45572,Geelong Cats,St Kilda Saints,2009-09-26,2009,GF,5.0,,28,16.0,15.6,12.77777777777778,,1.0,1.0,64.0,61.8,52.9
485195,45090,Richmond Tigers,Western Bulldogs,2010-04-04,2010,2,18.0,0.0,59,14.0,12.75,15.0,0.3333333333333333,0.4,0.6,65.66666666666667,59.2,63.9
461986,44805,Richmond Tigers,Sydney Swans,2010-04-10,2010,3,6.0,0.0,18,7.0,7.0,7.0,0.0,0.0,0.0,38.0,38.0,38.0
21064,43578,Port Adelaide Power,Brisbane Lions,2010-04-10,2010,3,16.0,0.0,48,13.666666666666666,11.4,12.3,0.6666666666666666,0.6,0.8,79.0,68.8,71.6
619295,46275,Richmond Tigers,Sydney Swans,2010-04-10,2010,3,6.0,,18,7.0,7.0,7.0,,,,38.0,38.0,38.0
130259,44032,Adelaide Crows,Melbourne Demons,2010-04-11,2010,3,3.0,0.0,8,14.0,14.2,12.2,0.3333333333333333,0.8,1.1,54.333333333333336,58.0,54.2
85882,45245,Essendon Bombers,West Coast Eagles,2010-04-16,2010,4,6.0,1.0,45,8.333333333333334,8.5,10.25,1.3333333333333333,1.4,1.4,37.0,38.8,51.9
8609,43984,West Coast Eagles,Essendon Bombers,2010-04-16,2010,4,13.0,1.0,73,10.333333333333334,10.2,11.0,1.6666666666666667,1.6,1.3,61.0,59.6,58.3
524390,45366,Sydney Swans,West Coast Eagles,2010-04-24,2010,5,11.0,,46,10.0,11.8,13.1,,,,35.333333333333336,38.0,47.0
90429,44815,Geelong Cats,Carlton Blues,2010-04-26,2010,5,8.0,0.0,36,8.333333333333334,9.2,10.1,1.0,0.8,1.0,46.0,50.8,59.4
413302,44200,Hawthorn Hawks,Essendon Bombers,2010-05-01,2010,6,6.0,0.0,46,16.5,16.5,16.5,0.5,0.5,0.5,83.0,83.0,83.0
618562,46163,Hawthorn Hawks,Essendon Bombers,2010-05-01,2010,6,6.0,,46,16.5,16.5,16.5,1.0,1.0,1.0,83.0,83.0,83.0
597460,45925,Port Adelaide Power,Essendon Bombers,2010-05-08,2010,7,4.0,,9,13.0,12.4,12.9,1.6666666666666667,2.0,2.333333333333333,62.0,60.6,69.9
441880,44537,Hawthorn Hawks,West Coast Eagles,2010-05-08,2010,7,12.0,1.0,46,12.333333333333334,13.6,14.9,1.6666666666666667,1.4,0.7,64.66666666666667,68.4,69.0
517058,45396,Adelaide Crows,Richmond Tigers,2010-05-09,2010,7,7.0,,59,9.666666666666666,9.6,6.5,1.5,1.75,2.0,73.66666666666667,76.4,62.8
590374,45642,St Kilda Saints,Carlton Blues,2010-05-10,2010,7,5.0,,30,7.333333333333333,8.6,8.5,,,,41.0,45.0,48.9
405394,44101,Melbourne Demons,West Coast Eagles,2010-05-15,2010,8,15.0,1.0,74,13.0,13.0,13.0,1.0,1.0,1.0,63.0,63.0,63.0
618457,46141,Melbourne Demons,West Coast Eagles,2010-05-15,2010,8,15.0,1.0,74,13.0,13.0,13.0,1.0,1.0,1.0,63.0,63.0,63.0
21416,45023,Hawthorn Hawks,Richmond Tigers,2010-05-16,2010,8,3.0,0.0,28,8.0,8.2,9.0,0.0,0.0,0.2,24.0,26.0,34.7
542489,45316,Western Bulldogs,Essendon Bombers,2010-05-28,2010,10,11.0,,42,17.333333333333332,18.2,17.11111111111111,1.0,1.0,1.0,75.33333333333333,79.2,70.4
584492,45777,Collingwood Magpies,Brisbane Lions,2010-05-29,2010,10,13.0,,50,20.0,17.4,18.1,1.0,1.0,1.0,80.66666666666667,69.4,66.8
43358,44714,Richmond Tigers,Port Adelaide Power,2010-05-29,2010,10,7.0,0.0,38,8.333333333333334,8.8,12.0,0.3333333333333333,0.4,0.4,47.333333333333336,46.8,59.0
618984,46242,North Melbourne Kangaroos,Fremantle Dockers,2010-05-30,2010,10,10.0,1.0,55,10.0,10.0,10.0,,,,58.0,58.0,58.0
447490,44626,North Melbourne Kangaroos,Fremantle Dockers,2010-05-30,2010,10,10.0,1.0,55,10.0,10.0,10.0,0.0,0.0,0.0,58.0,58.0,58.0
447289,44621,Sydney Swans,Hawthorn Hawks,2010-05-30,2010,10,11.0,0.0,34,10.666666666666666,12.0,11.0,0.0,0.4,0.3333333333333333,41.66666666666666,48.8,44.333333333333336
596487,45880,Richmond Tigers,St Kilda Saints,2010-06-04,2010,11,9.0,,55,12.333333333333334,11.4,12.1,,1.0,1.0,57.66666666666666,52.8,59.9
343592,43287,Carlton Blues,Melbourne Demons,2010-06-05,2010,11,12.0,0.0,59,13.0,13.5,13.11111111111111,0.0,0.0,0.0,62.66666666666666,58.6,53.6
596808,45501,Adelaide Crows,Fremantle Dockers,2010-06-05,2010,11,,2.0,123,18.0,21.0,22.3,,,,77.33333333333333,88.2,89.7
355964,43459,Carlton Blues,North Melbourne Kangaroos,2010-06-11,2010,12,5.0,0.0,48,6.333333333333333,7.6,9.4,0.3333333333333333,0.2,0.2,56.66666666666666,57.6,58.7
346863,43342,Collingwood Magpies,Melbourne Demons,2010-06-14,2010,12,1.0,0.0,36,11.0,10.8,12.833333333333334,0.3333333333333333,0.2,0.1666666666666666,64.0,60.4,70.66666666666667
60551,43310,Essendon Bombers,Hawthorn Hawks,2010-06-18,2010,13,16.0,0.0,60,11.333333333333334,11.8,13.3,0.0,0.2,0.3,57.0,53.4,60.2
444005,44566,Hawthorn Hawks,Western Bulldogs,2010-07-02,2010,14,6.0,1.0,27,9.0,11.4,13.1,1.3333333333333333,1.2,0.6,40.0,48.2,51.8
619381,46298,Essendon Bombers,Adelaide Crows,2010-07-03,2010,14,15.0,1.0,57,,,,,,,,,
474571,44954,Essendon Bombers,Adelaide Crows,2010-07-03,2010,14,10.0,1.0,57,,,,,,,,,
47142,44711,Sydney Swans,Richmond Tigers,2010-07-04,2010,14,6.0,0.0,29,11.333333333333334,9.6,11.1,1.3333333333333333,0.8,0.8,57.333333333333336,50.0,55.6
505672,45733,Adelaide Crows,Geelong Cats,2010-07-16,2010,16,14.0,,54,13.0,15.75,18.444444444444443,1.5,1.5,1.5,55.66666666666666,69.0,68.4
587980,45549,Adelaide Crows,Geelong Cats,2010-07-16,2010,16,29.0,,106,29.33333333333333,27.6,25.5,1.0,1.0,1.0,112.33333333333331,106.6,96.1
112963,43992,Port Adelaide Power,Western Bulldogs,2010-07-17,2010,16,8.0,0.0,52,4.333333333333333,6.4,7.0,0.3333333333333333,0.2,0.3,50.333333333333336,46.6,47.6
548237,45409,Port Adelaide Power,Adelaide Crows,2010-07-25,2010,17,10.0,,84,6.666666666666667,9.2,10.22222222222222,1.0,1.0,1.5,46.0,59.2,54.8
132720,43562,Brisbane Lions,Melbourne Demons,2010-07-31,2010,18,4.0,0.0,15,10.666666666666666,11.8,12.7,0.6666666666666666,0.6,0.7,54.0,57.0,58.1
514947,45513,Brisbane Lions,Melbourne Demons,2010-07-31,2010,18,,,8,2.333333333333333,2.0,2.7142857142857144,2.0,1.8,2.7,44.66666666666666,42.8,48.1
410181,44156,Carlton Blues,Collingwood Magpies,2010-07-31,2010,18,16.0,1.0,79,14.666666666666666,15.8,14.4,0.0,0.0,0.1,68.66666666666667,68.4,65.9
382128,43819,Carlton Blues,Collingwood Magpies,2010-07-31,2010,18,6.0,1.0,49,12.666666666666666,12.8,12.7,1.3333333333333333,0.8,1.3,66.0,65.6,64.6
40434,44318,North Melbourne Kangaroos,Western Bulldogs,2010-08-01,2010,18,12.0,0.0,43,12.0,13.2,13.8,0.0,0.0,0.1,59.66666666666666,59.2,55.3
475926,44971,North Melbourne Kangaroos,Western Bulldogs,2010-08-01,2010,18,13.0,0.0,51,10.333333333333334,11.8,10.7,0.0,0.4,0.2,49.0,57.8,51.9
441984,44540,Hawthorn Hawks,Sydney Swans,2010-08-07,2010,19,13.0,1.0,49,14.333333333333334,14.0,16.11111111111111,0.6666666666666666,0.6,1.0,63.66666666666666,58.4,69.1
17554,44173,West Coast Eagles,Brisbane Lions,2010-08-07,2010,19,13.0,0.0,39,15.333333333333334,15.2,14.6,0.0,0.0,0.0,60.66666666666666,57.2,54.5
118221,45069,Hawthorn Hawks,Sydney Swans,2010-08-07,2010,19,2.0,0.0,24,8.0,9.4,9.2,0.3333333333333333,0.2,0.1,61.66666666666666,64.8,58.4
102344,44465,Collingwood Magpies,Essendon Bombers,2010-08-13,2010,20,10.0,0.0,49,11.0,9.8,9.666666666666666,1.0,1.4,1.2,57.333333333333336,58.2,57.0
588213,45816,Collingwood Magpies,Essendon Bombers,2010-08-13,2010,20,11.0,,36,4.333333333333333,4.4,5.9,,,,14.333333333333334,19.0,24.0
592335,45681,Collingwood Magpies,Essendon Bombers,2010-08-13,2010,20,6.0,,35,15.333333333333334,13.75,15.333333333333334,1.0,1.5,1.5,71.33333333333333,77.8,78.4
400391,44043,Richmond Tigers,Carlton Blues,2010-08-14,2010,20,4.0,0.0,16,7.0,7.0,7.0,0.5,0.5,0.5,40.5,40.5,40.5
618437,46133,Richmond Tigers,Carlton Blues,2010-08-14,2010,20,,,16,7.0,7.0,7.0,1.0,1.0,1.0,40.5,40.5,40.5
594899,45629,Brisbane Lions,Adelaide Crows,2010-08-15,2010,20,20.0,,80,19.0,19.8,22.7,,,,74.0,75.4,86.8
618425,46131,St Kilda Saints,Richmond Tigers,2010-08-21,2010,21,,,8,8.0,8.0,8.0,,,,37.5,37.5,37.5
499409,45303,Adelaide Crows,Collingwood Magpies,2010-08-21,2010,21,2.0,1.0,27,10.0,10.0,10.0,0.0,0.0,0.0,36.0,36.0,36.0
464671,44835,Fremantle Dockers,Hawthorn Hawks,2010-08-21,2010,21,3.0,0.0,10,5.0,5.5,5.5,0.6666666666666666,0.5,0.5,27.0,32.0,32.0
619682,46374,Adelaide Crows,Collingwood Magpies,2010-08-21,2010,21,2.0,1.0,27,10.0,10.0,10.0,,,,36.0,36.0,36.0
400037,44038,St Kilda Saints,Richmond Tigers,2010-08-21,2010,21,3.0,0.0,8,8.0,8.0,8.0,0.0,0.0,0.0,37.5,37.5,37.5
109103,44560,Fremantle Dockers,Hawthorn Hawks,2010-08-21,2010,21,8.0,2.0,67,4.0,5.4,5.8,1.0,1.2,1.1,26.666666666666668,37.4,36.1
449805,44661,St Kilda Saints,Richmond Tigers,2010-08-21,2010,21,7.0,1.0,36,13.333333333333334,12.6,11.9,0.0,0.0,0.2,62.66666666666666,57.0,56.1
120196,43733,Fremantle Dockers,Hawthorn Hawks,2010-08-21,2010,21,15.0,0.0,52,15.0,13.25,17.555555555555557,0.0,0.0,0.0,47.0,43.6,63.3
469918,44894,Brisbane Lions,Essendon Bombers,2010-08-22,2010,21,7.0,0.0,20,12.0,11.8,11.2,0.0,0.0,0.1,56.0,55.4,49.8
62872,44583,Essendon Bombers,Brisbane Lions,2010-08-22,2010,21,9.0,1.0,42,10.0,9.4,8.8,1.0,1.2,1.2,44.333333333333336,46.6,45.7
494529,45225,North Melbourne Kangaroos,West Coast Eagles,2010-08-22,2010,21,16.0,0.0,54,11.0,11.0,11.0,0.0,0.0,0.0,57.0,57.0,57.0
91688,44741,Essendon Bombers,Brisbane Lions,2010-08-22,2010,21,11.0,0.0,39,11.0,12.2,11.5,0.3333333333333333,0.4,0.2857142857142857,41.66666666666666,50.8,49.142857142857146
619603,46351,North Melbourne Kangaroos,West Coast Eagles,2010-08-22,2010,21,16.0,,54,11.0,11.0,11.0,,,,57.0,57.0,57.0
572004,45579,Fremantle Dockers,Carlton Blues,2010-08-27,2010,22,12.0,,45,16.666666666666668,15.6,15.2,2.333333333333333,1.8,1.5555555555555556,79.0,75.6,70.7
451343,44680,Hawthorn Hawks,Collingwood Magpies,2010-08-28,2010,22,12.0,1.0,67,13.333333333333334,11.6,12.125,1.0,0.6,0.9,75.66666666666667,67.4,63.7
438299,44493,St Kilda Saints,Adelaide Crows,2010-08-28,2010,22,17.0,0.0,55,16.0,16.0,16.0,0.0,0.0,0.0,64.0,64.0,64.0
427195,44363,Essendon Bombers,Western Bulldogs,2010-08-28,2010,22,12.0,1.0,63,13.0,13.0,13.0,1.0,1.0,1.0,53.0,53.0,53.0
618846,46216,St Kilda Saints,Adelaide Crows,2010-08-28,2010,22,,,55,16.0,16.0,16.0,,,,64.0,64.0,64.0
103468,44079,Hawthorn Hawks,Collingwood Magpies,2010-08-28,2010,22,4.0,1.0,44,10.5,9.25,8.333333333333334,1.3333333333333333,1.2,0.9,59.0,54.2,45.9
618751,46197,Essendon Bombers,Western Bulldogs,2010-08-28,2010,22,12.0,1.0,63,13.0,13.0,13.0,1.0,1.0,1.0,53.0,53.0,53.0
619148,46255,Hawthorn Hawks,Collingwood Magpies,2010-08-28,2010,22,12.0,1.0,67,13.333333333333334,11.6,12.0,1.5,1.5,1.5,75.66666666666667,67.4,63.7
496303,45257,West Coast Eagles,Geelong Cats,2010-08-28,2010,22,12.0,3.0,78,11.0,10.8,10.5,1.6666666666666667,1.6,1.6666666666666667,64.0,60.8,59.833333333333336
618536,46161,West Coast Eagles,Geelong Cats,2010-08-28,2010,22,8.0,,29,13.0,13.0,13.0,,,,50.0,50.0,50.0
455914,44737,Brisbane Lions,Sydney Swans,2010-08-28,2010,22,10.0,1.0,35,10.666666666666666,12.0,12.22222222222222,1.0,0.8,0.7,55.0,56.0,52.7
411954,44182,West Coast Eagles,Geelong Cats,2010-08-28,2010,22,8.0,0.0,29,13.0,13.0,13.0,0.0,0.0,0.0,50.0,50.0,50.0
619468,46318,Richmond Tigers,Port Adelaide Power,2010-08-29,2010,22,8.0,,56,8.333333333333334,8.333333333333334,8.333333333333334,1.0,1.0,1.0,47.333333333333336,47.333333333333336,47.333333333333336
483529,45070,Richmond Tigers,Port Adelaide Power,2010-08-29,2010,22,8.0,0.0,56,8.333333333333334,8.333333333333334,8.333333333333334,1.0,1.0,1.0,47.333333333333336,47.333333333333336,47.333333333333336
78149,43991,North Melbourne Kangaroos,Melbourne Demons,2010-08-29,2010,22,6.0,0.0,21,21.33333333333333,19.6,15.9,0.0,0.0,0.3,83.33333333333333,75.8,62.6
510344,45445,Richmond Tigers,Port Adelaide Power,2010-08-29,2010,22,21.0,,81,24.0,24.2,23.7,1.5,1.25,1.2,91.33333333333331,87.2,81.9
26668,44177,North Melbourne Kangaroos,Melbourne Demons,2010-08-29,2010,22,16.0,3.0,90,11.666666666666666,13.4,12.4,1.0,1.4,1.4,65.0,73.6,68.5
444959,44579,Port Adelaide Power,Richmond Tigers,2010-08-29,2010,22,12.0,0.0,38,16.666666666666668,15.2,14.2,0.0,0.0,0.0,61.66666666666666,57.8,54.2
437727,44482,Port Adelaide Power,Richmond Tigers,2010-08-29,2010,22,,0.0,43,10.333333333333334,10.0,10.3,0.0,0.2,0.3,53.0,51.8,46.1
84418,43401,Geelong Cats,St Kilda Saints,2010-09-03,2010,QF,5.0,0.0,27,10.333333333333334,9.4,10.6,0.0,0.0,0.0,41.66666666666666,38.0,45.4
131482,44950,Hawthorn Hawks,Fremantle Dockers,2010-09-04,2010,EF,16.0,0.0,73,10.333333333333334,8.6,11.0,0.0,0.0,0.1,61.333333333333336,53.6,66.2
122781,43509,Western Bulldogs,Collingwood Magpies,2010-09-04,2010,QF,8.0,0.0,40,14.666666666666666,15.8,14.1,0.0,0.0,0.0,56.333333333333336,60.4,54.2
104300,43961,Carlton Blues,Sydney Swans,2010-09-05,2010,EF,18.0,0.0,63,15.0,17.2,16.9,0.3333333333333333,0.2,0.1,65.33333333333333,69.4,61.8
533783,45585,Fremantle Dockers,Geelong Cats,2010-09-10,2010,SF,6.0,,36,9.0,9.75,14.11111111111111,2.0,2.0,1.75,50.333333333333336,55.0,70.6
527236,45381,Sydney Swans,Western Bulldogs,2010-09-11,2010,SF,13.0,3.0,86,6.666666666666667,10.0,10.8,2.6666666666666665,3.6,3.3,51.0,73.0,73.2
517861,45646,Sydney Swans,Western Bulldogs,2010-09-11,2010,SF,7.0,,40,18.33333333333333,20.4,16.8,2.0,2.0,1.3333333333333333,65.66666666666667,69.0,65.0
568640,45498,Western Bulldogs,St Kilda Saints,2010-09-18,2010,PF,20.0,,58,15.666666666666666,16.0,18.2,3.0,2.5,1.5,67.0,66.6,78.1
567253,45562,Western Bulldogs,St Kilda Saints,2010-09-18,2010,PF,18.0,2.0,97,14.0,12.8,16.0,1.0,1.0,1.0,60.0,54.2,66.1
513447,45624,Western Bulldogs,St Kilda Saints,2010-09-18,2010,PF,10.0,,32,14.0,13.8,16.2,,1.0,1.1666666666666667,57.333333333333336,59.8,72.3
106122,43776,St Kilda Saints,Collingwood Magpies,2010-10-02,2010,GF,5.0,0.0,31,11.0,13.2,11.4,0.0,0.6,0.3,35.666666666666664,50.8,47.8
480517,45040,Sydney Swans,Melbourne Demons,2011-03-27,2011,1,8.0,0.0,43,,,,,,,,,
619448,46314,Sydney Swans,Melbourne Demons,2011-03-27,2011,1,8.0,,43,,,,,,,,,
617548,45997,St Kilda Saints,Richmond Tigers,2011-04-01,2011,2,8.0,,43,,,,,,,,,
344112,43299,St Kilda Saints,Richmond Tigers,2011-04-01,2011,2,8.0,0.0,43,,,,,,,,,
422014,44296,Gold Coast Suns,Carlton Blues,2011-04-02,2011,2,8.0,0.0,29,,,,,,,,,
618698,46183,Gold Coast Suns,Carlton Blues,2011-04-02,2011,2,8.0,,29,,,,,,,,,
114048,45014,Adelaide Crows,Fremantle Dockers,2011-04-09,2011,3,19.0,1.0,70,23.0,19.6,18.6,0.3333333333333333,0.4,0.2,96.33333333333331,84.6,82.9
407457,44126,Port Adelaide Power,Geelong Cats,2011-04-10,2011,3,9.0,0.0,32,11.5,11.5,11.5,1.5,1.5,1.5,55.5,55.5,55.5
618479,46146,Port Adelaide Power,Geelong Cats,2011-04-10,2011,3,9.0,,32,,,,1.5,1.5,1.5,55.5,55.5,55.5
618507,46154,St Kilda Saints,Adelaide Crows,2011-04-30,2011,6,3.0,,17,,,,,,,,,
474873,44957,St Kilda Saints,Adelaide Crows,2011-04-30,2011,6,7.0,0.0,31,14.0,14.0,14.0,0.0,0.0,0.0,56.0,56.0,56.0
619388,46300,St Kilda Saints,Adelaide Crows,2011-04-30,2011,6,7.0,,31,14.0,14.0,14.0,,,,56.0,56.0,56.0
410726,44162,St Kilda Saints,Adelaide Crows,2011-04-30,2011,6,3.0,0.0,17,,,,,,,,,
619579,46345,West Coast Eagles,Essendon Bombers,2011-05-08,2011,7,-2.0,,10,,,,,,,,,
492601,45202,West Coast Eagles,Essendon Bombers,2011-05-08,2011,7,3.0,0.0,10,,,,,,,,,
13274,43725,Collingwood Magpies,Geelong Cats,2011-05-13,2011,8,3.0,0.0,11,7.666666666666667,8.4,9.4,0.6666666666666666,1.2,1.3,36.333333333333336,45.8,50.5
497454,45273,Melbourne Demons,North Melbourne Kangaroos,2011-05-14,2011,8,11.0,0.0,62,13.5,11.25,11.0,1.3333333333333333,1.0,1.1,65.33333333333333,62.0,60.3
444998,44580,Richmond Tigers,Western Bulldogs,2011-05-15,2011,8,10.0,1.0,50,8.333333333333334,10.0,10.0,0.6666666666666666,0.6,0.4,39.66666666666666,41.8,42.3
440038,44513,Western Bulldogs,West Coast Eagles,2011-05-22,2011,9,7.0,0.0,24,9.333333333333334,10.8,14.0,1.0,1.0,0.8,40.0,46.0,58.7
446386,44595,Melbourne Demons,Carlton Blues,2011-05-27,2011,10,10.0,1.0,48,11.666666666666666,12.4,12.0,1.3333333333333333,0.8,0.9,67.66666666666667,68.6,66.2
497144,45269,St Kilda Saints,Fremantle Dockers,2011-05-28,2011,10,8.0,0.0,33,9.0,9.0,9.0,0.0,0.0,0.0,33.0,33.0,33.0
619650,46366,St Kilda Saints,Fremantle Dockers,2011-05-28,2011,10,8.0,,33,9.0,9.0,9.0,,,,33.0,33.0,33.0
365944,43611,Adelaide Crows,Brisbane Lions,2011-05-29,2011,10,11.0,0.0,39,13.0,12.5,15.22222222222222,0.3333333333333333,0.2,0.2,44.333333333333336,43.6,49.9
86885,43318,Brisbane Lions,Carlton Blues,2011-06-12,2011,12,12.0,0.0,58,11.0,10.6,10.3,0.0,0.0,0.1,50.66666666666666,44.4,46.3
365145,43598,Brisbane Lions,Richmond Tigers,2011-06-18,2011,13,10.0,0.0,48,14.0,14.6,12.5,0.6666666666666666,0.4,0.3,54.0,53.8,46.9
389655,43916,Richmond Tigers,Melbourne Demons,2011-06-25,2011,14,16.0,0.0,56,13.666666666666666,13.666666666666666,13.666666666666666,0.0,0.0,0.0,50.0,50.0,50.0
467422,44868,Adelaide Crows,Geelong Cats,2011-06-26,2011,14,10.0,0.0,35,11.666666666666666,13.6,15.88888888888889,0.6666666666666666,0.4,0.2,41.333333333333336,49.2,57.8
101935,43384,Sydney Swans,Adelaide Crows,2011-07-02,2011,15,10.0,1.0,82,9.333333333333334,8.6,11.1,0.6666666666666666,0.8,1.0,50.66666666666666,48.8,58.8
434637,44446,North Melbourne Kangaroos,St Kilda Saints,2011-07-03,2011,15,6.0,0.0,24,7.666666666666667,9.4,10.8,0.3333333333333333,1.0,1.6,40.0,49.8,63.9
438829,44500,Hawthorn Hawks,Brisbane Lions,2011-07-09,2011,16,,0.0,21,12.0,12.0,12.0,0.0,0.0,0.0,41.0,41.0,41.0
402151,44062,Richmond Tigers,Essendon Bombers,2011-07-09,2011,16,4.0,0.0,14,10.0,11.25,11.11111111111111,0.0,0.0,0.4,34.666666666666664,40.4,44.5
60045,44524,Sydney Swans,Gold Coast Suns,2011-07-09,2011,16,9.0,0.0,43,8.0,10.2,12.555555555555555,0.3333333333333333,0.2,0.5,37.0,44.8,53.0
355910,43456,Richmond Tigers,Gold Coast Suns,2011-07-16,2011,17,4.0,0.0,28,11.0,11.0,9.5,0.0,0.2,0.2,50.66666666666666,58.2,48.7
118136,44068,Geelong Cats,Brisbane Lions,2011-07-17,2011,17,7.0,0.0,27,14.0,16.0,17.333333333333332,0.0,0.0,0.2,42.333333333333336,51.2,58.9
106281,44014,Fremantle Dockers,Sydney Swans,2011-07-17,2011,17,8.0,0.0,51,10.666666666666666,12.8,13.9,0.0,0.0,0.1,48.66666666666666,57.8,57.2
476864,44988,North Melbourne Kangaroos,Western Bulldogs,2011-07-17,2011,17,9.0,1.0,53,12.0,12.0,12.875,0.3333333333333333,0.4,0.6666666666666666,36.66666666666666,42.2,48.11111111111112
13868,44525,Adelaide Crows,St Kilda Saints,2011-07-22,2011,18,3.0,0.0,45,1.3333333333333333,4.8,4.5,0.3333333333333333,0.2,0.2,32.0,45.4,50.4
421043,44282,Gold Coast Suns,Collingwood Magpies,2011-07-23,2011,18,,0.0,27,7.0,7.0,7.0,0.0,0.0,0.0,21.33333333333333,21.33333333333333,21.33333333333333
618678,46180,Gold Coast Suns,Collingwood Magpies,2011-07-23,2011,18,5.0,,27,6.333333333333333,6.333333333333333,6.333333333333333,,,,21.33333333333333,21.33333333333333,21.33333333333333
487954,45129,Carlton Blues,Essendon Bombers,2011-07-23,2011,18,4.0,0.0,36,9.0,9.0,9.0,1.0,1.0,1.0,60.0,60.0,60.0
619539,46328,Carlton Blues,Essendon Bombers,2011-07-23,2011,18,4.0,,36,9.0,9.0,9.0,1.0,1.0,1.0,60.0,60.0,60.0
42218,45138,North Melbourne Kangaroos,Carlton Blues,2011-07-29,2011,19,3.0,0.0,7,17.0,14.75,15.22222222222222,0.6666666666666666,0.4,0.3,62.66666666666666,55.2,58.7
442508,44549,Western Bulldogs,West Coast Eagles,2011-07-30,2011,19,4.0,0.0,24,4.0,4.0,4.0,0.0,0.0,0.0,16.0,16.0,16.0
618910,46225,Western Bulldogs,West Coast Eagles,2011-07-30,2011,19,4.0,,24,4.0,4.0,4.0,,,,16.0,16.0,16.0
15893,44735,Essendon Bombers,Collingwood Magpies,2011-07-31,2011,19,1.0,0.0,6,21.0,21.0,18.7,0.3333333333333333,0.2,0.3,78.0,79.4,76.3
385400,43863,St Kilda Saints,Fremantle Dockers,2011-08-05,2011,20,6.0,0.0,25,13.666666666666666,13.6,12.3,0.6666666666666666,1.4,1.1,64.66666666666667,67.8,61.2
29700,43998,Gold Coast Suns,Geelong Cats,2011-08-06,2011,20,10.0,0.0,33,16.0,16.0,18.3,0.0,0.2,0.2,62.0,59.4,67.2
463431,44822,Essendon Bombers,Sydney Swans,2011-08-06,2011,20,1.0,0.0,6,19.0,19.0,19.0,0.0,0.0,0.0,55.0,55.0,55.0
372724,43683,Port Adelaide Power,Collingwood Magpies,2011-08-06,2011,20,2.0,0.0,12,5.666666666666667,8.8,10.9,1.3333333333333333,1.2,1.2,35.0,48.2,55.2
618533,46159,Gold Coast Suns,Geelong Cats,2011-08-06,2011,20,13.0,,37,17.0,17.75,17.75,,,,62.66666666666666,60.0,60.0
619300,46278,Essendon Bombers,Sydney Swans,2011-08-06,2011,20,1.0,,6,19.0,19.0,19.0,,,,55.0,55.0,55.0
580350,45605,Carlton Blues,Melbourne Demons,2011-08-06,2011,20,11.0,,38,10.333333333333334,11.6,14.3,,,2.5,32.666666666666664,40.4,55.3
92035,44688,Port Adelaide Power,Collingwood Magpies,2011-08-06,2011,20,12.0,0.0,43,10.666666666666666,9.2,10.7,0.0,0.0,0.0,45.0,41.8,47.0
410947,44170,Gold Coast Suns,Geelong Cats,2011-08-06,2011,20,13.0,0.0,37,17.0,17.0,17.0,0.0,0.0,0.0,62.66666666666666,60.0,60.0
618175,46083,Brisbane Lions,Adelaide Crows,2011-08-07,2011,20,8.0,,31,,,,,,,,,
619292,46273,North Melbourne Kangaroos,Hawthorn Hawks,2011-08-07,2011,20,6.0,1.0,27,9.666666666666666,9.8,11.857142857142858,,,,44.0,39.8,45.0
378699,43768,Brisbane Lions,Adelaide Crows,2011-08-07,2011,20,8.0,0.0,31,,,,,,,,,
458863,44776,North Melbourne Kangaroos,Hawthorn Hawks,2011-08-07,2011,20,6.0,1.0,27,9.666666666666666,9.8,11.857142857142858,0.0,0.0,0.0,44.0,39.8,45.0
477091,44995,Western Bulldogs,Essendon Bombers,2011-08-13,2011,21,15.0,0.0,50,11.0,11.5,10.666666666666666,1.0,0.6,0.3,47.333333333333336,56.6,47.9
466228,44853,Port Adelaide Power,Hawthorn Hawks,2011-08-13,2011,21,15.0,0.0,49,16.666666666666668,14.4,13.1,0.0,0.0,0.0,61.0,50.8,48.3
520016,45757,Geelong Cats,Adelaide Crows,2011-08-14,2011,21,10.0,1.0,43,16.333333333333332,14.2,12.4,4.0,4.0,2.6,90.33333333333331,75.4,62.5
618098,46072,Gold Coast Suns,Adelaide Crows,2011-08-20,2011,22,8.0,,53,3.6666666666666665,3.6666666666666665,3.6666666666666665,1.0,1.0,1.0,41.66666666666666,41.66666666666666,41.66666666666666
374141,43705,Gold Coast Suns,Adelaide Crows,2011-08-20,2011,22,13.0,0.0,53,8.0,8.0,8.0,0.3333333333333333,0.3333333333333333,0.3333333333333333,41.66666666666666,41.66666666666666,41.66666666666666
589876,45327,St Kilda Saints,Sydney Swans,2011-08-21,2011,22,4.0,,25,10.666666666666666,11.4,11.1,1.0,1.0,1.0,48.333333333333336,48.2,48.6
437287,44478,Sydney Swans,Geelong Cats,2011-08-27,2011,23,7.0,1.0,32,6.666666666666667,8.4,10.2,0.6666666666666666,0.4,0.5,32.0,37.4,42.0
447893,44633,Richmond Tigers,Adelaide Crows,2011-08-28,2011,23,7.0,0.0,17,12.666666666666666,12.666666666666666,12.666666666666666,0.0,0.0,0.0,41.0,41.0,41.0
7855,45213,Essendon Bombers,Port Adelaide Power,2011-08-28,2011,23,7.0,0.0,46,4.0,8.2,11.7,0.6666666666666666,0.4,0.3,26.666666666666668,35.8,54.4
94510,43264,Gold Coast Suns,Melbourne Demons,2011-08-28,2011,23,7.0,1.0,41,4.0,3.8,3.4,1.0,1.4,1.3,47.66666666666666,49.2,44.1
435286,44455,Melbourne Demons,Gold Coast Suns,2011-08-28,2011,23,9.0,0.0,41,13.666666666666666,13.666666666666666,13.666666666666666,0.3333333333333333,0.3333333333333333,0.3333333333333333,59.66666666666666,59.66666666666666,59.66666666666666
530153,45748,Geelong Cats,Collingwood Magpies,2011-09-02,2011,24,13.0,,55,22.33333333333333,17.4,18.4,1.0,1.0,1.0,83.0,66.4,69.8
619326,46285,Western Bulldogs,Fremantle Dockers,2011-09-03,2011,24,11.0,,38,14.0,12.4,12.0,,,,52.66666666666666,45.6,42.833333333333336
39988,43343,Western Bulldogs,Fremantle Dockers,2011-09-03,2011,24,17.0,0.0,61,17.0,17.0,16.0,0.3333333333333333,0.6,0.6,57.0,67.6,64.9
410392,44160,Hawthorn Hawks,Gold Coast Suns,2011-09-03,2011,24,11.0,1.0,83,8.666666666666666,9.4,10.0,0.3333333333333333,0.6,0.5,44.333333333333336,48.0,49.1
564871,45540,St Kilda Saints,Carlton Blues,2011-09-03,2011,24,10.0,,35,6.666666666666667,8.8,10.1,1.0,1.0,1.0,46.66666666666666,57.0,61.5
619355,46293,Fremantle Dockers,Western Bulldogs,2011-09-03,2011,24,7.0,1.0,60,,,,,,,,,
357568,43478,Fremantle Dockers,Western Bulldogs,2011-09-03,2011,24,9.0,0.0,32,11.0,11.0,11.0,0.0,0.0,0.0,49.0,49.0,49.0
467890,44874,Western Bulldogs,Fremantle Dockers,2011-09-03,2011,24,11.0,0.0,38,14.0,12.4,12.0,0.0,0.0,0.0,52.66666666666666,45.6,42.833333333333336
352563,43411,Fremantle Dockers,Western Bulldogs,2011-09-03,2011,24,5.0,0.0,19,8.333333333333334,8.333333333333334,8.333333333333334,1.0,1.0,1.0,43.0,43.0,43.0
19225,44866,Fremantle Dockers,Western Bulldogs,2011-09-03,2011,24,24.0,0.0,98,12.0,13.2,16.7,0.3333333333333333,0.2,0.2,47.66666666666666,50.2,62.3
402078,44059,Fremantle Dockers,Western Bulldogs,2011-09-03,2011,24,14.0,0.0,50,11.666666666666666,10.8,12.0,0.0,0.4,0.2,52.333333333333336,53.0,49.5
458720,44771,Brisbane Lions,Sydney Swans,2011-09-03,2011,24,1.0,0.0,6,5.333333333333333,5.8,6.888888888888889,0.0,0.2,0.6,27.666666666666668,31.2,37.8
509577,45563,Western Bulldogs,Fremantle Dockers,2011-09-03,2011,24,14.0,5.0,86,13.333333333333334,12.8,10.4,5.333333333333333,5.2,4.444444444444445,95.0,91.0,73.6
104671,44246,Hawthorn Hawks,Gold Coast Suns,2011-09-03,2011,24,12.0,0.0,56,8.0,11.0,14.6,0.3333333333333333,0.2,0.3,44.66666666666666,51.6,62.4
619240,46269,Brisbane Lions,Sydney Swans,2011-09-03,2011,24,1.0,,6,5.333333333333333,5.8,7.4,,1.0,1.5,27.666666666666668,31.2,37.8
472549,44925,Fremantle Dockers,Western Bulldogs,2011-09-03,2011,24,12.0,1.0,60,,,,,,,,,
617733,46030,Fremantle Dockers,Western Bulldogs,2011-09-03,2011,24,9.0,,32,11.0,11.0,11.0,,,,49.0,49.0,49.0
381352,43806,Richmond Tigers,North Melbourne Kangaroos,2011-09-04,2011,24,,0.0,71,12.0,11.5,12.0,0.0,0.4,0.4,44.66666666666666,42.8,48.7
485807,45099,Richmond Tigers,North Melbourne Kangaroos,2011-09-04,2011,24,3.0,0.0,9,11.5,11.5,10.77777777777778,0.0,0.0,0.0,40.66666666666666,43.6,42.6
30997,44728,North Melbourne Kangaroos,Richmond Tigers,2011-09-04,2011,24,23.0,0.0,86,11.5,16.75,17.625,0.0,0.0,0.0,60.0,70.0,72.0
514627,45824,North Melbourne Kangaroos,Richmond Tigers,2011-09-04,2011,24,24.0,,86,16.666666666666668,14.6,17.0,2.0,2.0,2.0,68.66666666666667,56.8,66.6
346827,43340,Port Adelaide Power,Melbourne Demons,2011-09-04,2011,24,21.0,1.0,90,17.333333333333332,16.2,14.2,1.6666666666666667,1.4,1.0,84.33333333333333,79.4,63.7
30878,44541,Port Adelaide Power,Melbourne Demons,2011-09-04,2011,24,23.0,1.0,95,16.666666666666668,16.4,14.6,0.3333333333333333,0.4,1.3,63.66666666666666,60.6,63.6
120900,44852,Port Adelaide Power,Melbourne Demons,2011-09-04,2011,24,26.0,1.0,96,18.0,17.6,17.555555555555557,0.3333333333333333,0.2,0.2,68.66666666666667,69.4,67.8
121266,44218,Sydney Swans,Hawthorn Hawks,2011-09-16,2011,SF,10.0,1.0,36,15.0,14.0,13.333333333333334,0.0,0.0,0.0,48.333333333333336,45.4,47.4
85302,44600,West Coast Eagles,Geelong Cats,2011-09-24,2011,PF,5.0,0.0,20,13.666666666666666,11.6,12.5,2.0,1.8,2.1,63.66666666666666,55.2,61.1
553340,45469,Collingwood Magpies,Geelong Cats,2011-10-01,2011,GF,20.0,,106,25.666666666666668,27.2,24.9,1.0,1.5,1.2,95.0,104.2,99.4
513708,45788,Geelong Cats,Collingwood Magpies,2011-10-01,2011,GF,9.0,,74,13.333333333333334,12.8,13.0,2.0,1.5,1.1666666666666667,81.66666666666667,81.8,82.7
552116,45388,Collingwood Magpies,Geelong Cats,2011-10-01,2011,GF,11.0,1.0,56,9.333333333333334,12.4,13.3,1.0,1.0,1.1666666666666667,44.66666666666666,53.2,64.6
519795,45674,Geelong Cats,Collingwood Magpies,2011-10-01,2011,GF,20.0,1.0,76,17.666666666666668,19.8,21.3,,3.0,1.4,74.66666666666667,84.2,83.9
464208,44827,Collingwood Magpies,Hawthorn Hawks,2012-03-30,2012,1,10.0,0.0,53,11.0,9.6,9.6,0.3333333333333333,0.2,0.2,43.333333333333336,37.2,37.2
17672,44664,St Kilda Saints,Port Adelaide Power,2012-04-01,2012,1,11.0,0.0,60,18.5,17.0,19.33333333333333,0.0,0.0,0.3,66.33333333333333,61.4,73.4
548611,45530,Gold Coast Suns,Brisbane Lions,2012-04-21,2012,4,14.0,,50,15.333333333333334,15.4,15.1,2.0,1.3333333333333333,1.4,73.0,68.4,72.1
519549,45390,Hawthorn Hawks,West Coast Eagles,2012-04-21,2012,4,8.0,,26,17.5,18.25,18.22222222222222,,,1.0,71.0,71.8,74.7
112133,44911,Brisbane Lions,Geelong Cats,2012-04-28,2012,5,10.0,0.0,64,9.666666666666666,9.0,10.666666666666666,0.3333333333333333,0.6,0.7,38.333333333333336,50.4,54.5
430586,44399,Hawthorn Hawks,Sydney Swans,2012-04-29,2012,5,9.0,0.0,63,13.0,13.0,13.0,0.3333333333333333,0.2,0.2,70.0,65.2,65.2
618801,46205,Hawthorn Hawks,Sydney Swans,2012-04-29,2012,5,9.0,,63,13.0,13.0,13.0,1.0,1.0,1.0,70.0,65.2,65.2
617672,46018,Hawthorn Hawks,St Kilda Saints,2012-05-05,2012,6,3.0,,20,7.0,7.0,7.0,,,,18.0,18.0,18.0
353252,43420,Hawthorn Hawks,St Kilda Saints,2012-05-05,2012,6,-2.0,0.0,20,2.0,2.0,2.0,0.0,0.0,0.0,18.0,18.0,18.0
618931,46229,West Coast Eagles,Essendon Bombers,2012-05-12,2012,7,5.0,,20,,,,,,,,,
619657,46369,Collingwood Magpies,Brisbane Lions,2012-05-12,2012,7,11.0,,44,,,,,,,8.0,8.0,8.0
85548,44887,Sydney Swans,Richmond Tigers,2012-05-12,2012,7,9.0,1.0,79,12.333333333333334,12.4,12.444444444444445,0.0,0.0,0.2,77.66666666666667,73.8,77.3
498605,45290,Collingwood Magpies,Brisbane Lions,2012-05-12,2012,7,11.0,0.0,44,0.0,0.0,0.0,0.0,0.0,0.0,8.0,8.0,8.0
445532,44587,West Coast Eagles,Essendon Bombers,2012-05-12,2012,7,5.0,0.0,20,,,,,,,,,
452927,44695,Port Adelaide Power,Fremantle Dockers,2012-05-13,2012,7,6.0,0.0,15,13.666666666666666,12.75,10.11111111111111,1.3333333333333333,1.0,0.8,70.66666666666667,64.2,49.5
413145,44195,Melbourne Demons,Sydney Swans,2012-05-19,2012,8,12.0,0.0,43,9.333333333333334,9.8,11.4,2.333333333333333,2.0,1.9,58.66666666666666,57.0,64.7
491702,45183,North Melbourne Kangaroos,Port Adelaide Power,2012-05-19,2012,8,11.0,1.0,60,5.0,8.0,9.8,0.3333333333333333,1.0,1.0,29.666666666666668,49.2,53.3
347478,43350,Melbourne Demons,Sydney Swans,2012-05-19,2012,8,16.0,0.0,75,15.666666666666666,13.6,13.0,0.3333333333333333,0.2,0.1,80.33333333333333,70.0,61.9
557088,45738,Essendon Bombers,Greater Western Sydney Giants,2012-05-26,2012,9,21.0,,74,8.333333333333334,11.8,14.1,1.0,1.0,1.0,33.0,45.6,55.4
544314,45932,Fremantle Dockers,West Coast Eagles,2012-05-27,2012,9,7.0,,33,10.0,9.0,12.1,,,4.0,38.66666666666666,37.8,48.9
349190,43378,Fremantle Dockers,West Coast Eagles,2012-05-27,2012,9,7.0,0.0,33,10.0,9.5,12.285714285714286,0.0,0.0,0.4,38.66666666666666,37.8,48.9
67450,43294,Fremantle Dockers,Adelaide Crows,2012-06-02,2012,10,4.0,0.0,32,8.666666666666666,10.4,9.444444444444445,1.0,0.6,0.3,37.0,42.2,41.6
619548,46331,Collingwood Magpies,Gold Coast Suns,2012-06-03,2012,10,8.0,,26,5.0,5.0,5.0,,,,17.5,17.5,17.5
488152,45135,Collingwood Magpies,Gold Coast Suns,2012-06-03,2012,10,8.0,0.0,26,5.0,5.0,5.0,0.0,0.0,0.0,17.5,17.5,17.5
619327,46286,Greater Western Sydney Giants,Richmond Tigers,2012-06-16,2012,12,3.0,1.0,26,,,,,,,,,
468267,44880,Greater Western Sydney Giants,Richmond Tigers,2012-06-16,2012,12,3.0,1.0,26,,,,,,,,,
453690,44709,Fremantle Dockers,Collingwood Magpies,2012-06-30,2012,14,,0.0,20,9.333333333333334,8.0,11.11111111111111,0.0,0.2,0.2222222222222222,37.66666666666666,33.0,43.888888888888886
13431,44495,Richmond Tigers,Adelaide Crows,2012-06-30,2012,14,,0.0,59,11.0,10.2,9.4,1.0,1.4,1.5,62.66666666666666,60.6,55.3
407436,44124,Gold Coast Suns,West Coast Eagles,2012-06-30,2012,14,22.0,0.0,75,23.666666666666668,25.0,23.11111111111111,0.0,0.0,0.3,80.33333333333333,87.8,88.5
365846,43608,Richmond Tigers,Adelaide Crows,2012-06-30,2012,14,5.0,1.0,31,15.0,14.2,18.8,1.0,0.6,0.3,61.66666666666666,57.4,75.8
103765,43559,St Kilda Saints,North Melbourne Kangaroos,2012-07-01,2012,14,10.0,0.0,52,12.666666666666666,14.0,15.7,0.3333333333333333,0.2,0.1,47.66666666666666,52.8,58.2
53253,45044,Port Adelaide Power,Adelaide Crows,2012-07-07,2012,15,8.0,0.0,36,10.0,12.0,12.4,0.0,0.0,0.1,35.666666666666664,44.2,51.1
433747,44435,Adelaide Crows,Port Adelaide Power,2012-07-07,2012,15,6.0,2.0,56,,,,,,,,,
22947,45020,Brisbane Lions,Sydney Swans,2012-07-07,2012,15,14.0,0.0,59,16.0,16.8,16.3,0.0,0.0,0.1,65.66666666666667,70.2,70.5
618819,46210,Adelaide Crows,Port Adelaide Power,2012-07-07,2012,15,6.0,2.0,56,,,,,,,,,
508490,45559,Fremantle Dockers,Western Bulldogs,2012-07-08,2012,15,9.0,,36,12.333333333333334,13.0,12.3,,1.0,1.0,42.66666666666666,51.2,48.5
75579,44768,Essendon Bombers,Port Adelaide Power,2012-07-14,2012,16,6.0,1.0,39,12.666666666666666,10.4,10.77777777777778,1.3333333333333333,1.4,1.6,63.333333333333336,56.2,61.0
492447,45197,Richmond Tigers,Gold Coast Suns,2012-07-14,2012,16,4.0,0.0,17,3.333333333333333,4.4,10.1,0.3333333333333333,0.2,0.3,17.333333333333332,22.4,39.0
389785,43918,Richmond Tigers,Gold Coast Suns,2012-07-14,2012,16,11.0,1.0,68,8.666666666666666,8.4,10.4,0.6666666666666666,0.4,0.4,71.33333333333333,61.8,69.7
104944,43769,Essendon Bombers,Geelong Cats,2012-07-20,2012,17,16.0,0.0,57,14.666666666666666,17.8,19.9,0.3333333333333333,0.2,0.3,60.66666666666666,69.6,80.1
102005,43423,Carlton Blues,Western Bulldogs,2012-07-21,2012,17,9.0,1.0,45,12.333333333333334,15.8,14.0,0.0,0.2,0.1,54.66666666666666,73.4,63.1
13948,45053,Adelaide Crows,Geelong Cats,2012-07-28,2012,18,,0.0,25,10.0,16.0,14.9,0.0,0.0,0.0,42.0,66.0,58.3
371503,43670,Carlton Blues,Richmond Tigers,2012-07-28,2012,18,3.0,0.0,20,4.0,4.0,4.0,1.0,1.0,1.0,24.0,24.0,24.0
618050,46063,Carlton Blues,Richmond Tigers,2012-07-28,2012,18,3.0,,20,4.0,4.0,4.0,1.0,1.0,1.0,24.0,24.0,24.0
427158,44360,Richmond Tigers,Carlton Blues,2012-07-28,2012,18,2.0,0.0,15,10.666666666666666,10.4,9.2,0.3333333333333333,0.2,0.1,47.0,41.8,35.9
441230,44523,Richmond Tigers,Carlton Blues,2012-07-28,2012,18,6.0,0.0,26,13.5,14.25,15.444444444444445,0.0,0.2,0.1,57.66666666666666,61.8,66.1
357605,43479,Collingwood Magpies,Greater Western Sydney Giants,2012-07-28,2012,18,13.0,0.0,55,12.666666666666666,14.25,17.444444444444443,0.3333333333333333,0.2,0.2,59.0,59.8,63.5
80594,43888,Western Bulldogs,St Kilda Saints,2012-07-29,2012,18,13.0,1.0,57,13.0,11.2,10.9,0.0,0.0,0.2,67.66666666666667,63.4,61.4
36628,44717,St Kilda Saints,Collingwood Magpies,2012-08-04,2012,19,10.0,0.0,30,13.666666666666666,14.8,16.1,0.0,0.2,0.3,53.0,57.8,64.0
394058,43959,Melbourne Demons,Gold Coast Suns,2012-08-05,2012,19,9.0,0.0,51,16.666666666666668,17.6,18.444444444444443,0.0,0.2,0.2,77.66666666666667,77.4,78.3
46749,44953,Essendon Bombers,Adelaide Crows,2012-08-05,2012,19,4.0,0.0,12,7.0,8.75,9.88888888888889,0.0,0.0,0.1,27.0,41.6,46.6
365206,43599,Carlton Blues,Sydney Swans,2012-08-05,2012,19,13.0,0.0,57,20.0,18.0,15.0,1.0,1.0,0.6,82.0,73.2,63.9
481538,45052,West Coast Eagles,Geelong Cats,2012-08-10,2012,20,7.0,0.0,18,10.5,14.0,15.444444444444445,0.0,0.2,0.2,39.333333333333336,48.8,54.0
532605,45976,Geelong Cats,West Coast Eagles,2012-08-10,2012,20,11.0,,50,14.666666666666666,13.6,15.0,,1.0,1.0,62.66666666666666,58.6,63.1
346832,43338,Brisbane Lions,Carlton Blues,2012-08-11,2012,20,5.0,0.0,23,4.0,6.25,8.75,0.0,0.2,0.3,23.666666666666668,27.4,37.4
498481,45287,Brisbane Lions,Carlton Blues,2012-08-11,2012,20,,0.0,70,8.0,8.0,8.0,0.0,0.0,0.0,37.5,37.5,37.5
619655,46368,Brisbane Lions,Carlton Blues,2012-08-11,2012,20,17.0,,70,8.0,8.0,8.0,,,,37.5,37.5,37.5
88614,43353,Melbourne Demons,St Kilda Saints,2012-08-11,2012,20,20.0,0.0,86,9.333333333333334,12.0,13.77777777777778,0.6666666666666666,0.6,0.8,59.333333333333336,60.6,65.0
6126,44078,Western Bulldogs,Richmond Tigers,2012-08-12,2012,20,10.0,1.0,27,7.0,8.2,7.666666666666667,1.0,1.0,1.0,36.66666666666666,43.2,38.66666666666666
72493,44917,Western Bulldogs,Richmond Tigers,2012-08-12,2012,20,11.0,0.0,32,11.0,12.0,15.8,0.0,0.0,0.4,42.0,43.2,61.0
108721,43994,Western Bulldogs,Richmond Tigers,2012-08-12,2012,20,15.0,0.0,43,17.333333333333332,17.4,20.5,0.0,0.0,0.1,57.66666666666666,58.6,75.2
618665,46178,Essendon Bombers,Carlton Blues,2012-08-18,2012,21,18.0,,66,18.0,18.0,18.0,,,,76.0,76.0,76.0
367226,43626,Melbourne Demons,Greater Western Sydney Giants,2012-08-18,2012,21,8.0,0.0,25,12.5,12.5,12.5,0.0,0.0,0.0,58.5,58.5,58.5
419646,44270,Essendon Bombers,Carlton Blues,2012-08-18,2012,21,18.0,0.0,66,,,,0.0,0.0,0.0,76.0,76.0,76.0
618034,46059,Melbourne Demons,Greater Western Sydney Giants,2012-08-18,2012,21,3.0,,25,7.5,7.5,7.5,,,,58.5,58.5,58.5
521032,45340,Hawthorn Hawks,Gold Coast Suns,2012-08-19,2012,21,8.0,,21,13.333333333333334,12.2,11.8,,2.0,1.5,49.333333333333336,49.4,47.4
6720,44460,Gold Coast Suns,Hawthorn Hawks,2012-08-19,2012,21,12.0,0.0,73,10.666666666666666,9.2,8.0,0.6666666666666666,0.4,0.2,68.33333333333333,54.2,50.6
365978,43616,Greater Western Sydney Giants,St Kilda Saints,2012-08-25,2012,22,10.0,1.0,47,,,,,,,,,
618031,46058,Greater Western Sydney Giants,St Kilda Saints,2012-08-25,2012,22,10.0,1.0,47,,,,,,,,,
70101,43744,Brisbane Lions,Port Adelaide Power,2012-08-25,2012,22,3.0,0.0,8,11.666666666666666,14.4,17.0,0.0,0.0,0.3,45.66666666666666,54.6,64.0
486564,45110,Gold Coast Suns,Carlton Blues,2012-08-25,2012,22,-2.0,0.0,16,-1.3333333333333333,-0.6,3.0,0.0,0.0,0.1,17.0,18.2,31.6
513083,45555,Melbourne Demons,Adelaide Crows,2012-08-26,2012,22,14.0,2.0,72,10.0,11.2,9.6,2.333333333333333,2.4,2.2857142857142856,68.0,76.8,59.7
480072,45032,West Coast Eagles,Hawthorn Hawks,2012-08-31,2012,23,0.0,0.0,37,2.333333333333333,4.8,7.3,0.0,0.6,0.8,30.0,43.4,54.6
520400,45443,Greater Western Sydney Giants,North Melbourne Kangaroos,2012-09-01,2012,23,9.0,,42,20.33333333333333,20.4,19.4,1.0,1.3333333333333333,1.3333333333333333,85.33333333333333,83.2,76.2
540910,45721,Greater Western Sydney Giants,North Melbourne Kangaroos,2012-09-01,2012,23,4.0,,34,6.0,8.5,10.88888888888889,1.0,1.0,1.0,40.333333333333336,53.6,65.3
483014,45066,Gold Coast Suns,Adelaide Crows,2012-09-01,2012,23,14.0,0.0,40,8.666666666666666,8.6,10.666666666666666,0.3333333333333333,0.2,0.1111111111111111,32.666666666666664,37.6,44.44444444444444
364111,43574,Greater Western Sydney Giants,North Melbourne Kangaroos,2012-09-01,2012,23,14.0,0.0,52,10.333333333333334,10.5,10.5,0.3333333333333333,0.25,0.25,47.66666666666666,45.75,45.75
617999,46049,Greater Western Sydney Giants,North Melbourne Kangaroos,2012-09-01,2012,23,14.0,,52,10.333333333333334,10.5,10.5,1.0,1.0,1.0,47.66666666666666,45.75,45.75
554666,45813,Greater Western Sydney Giants,North Melbourne Kangaroos,2012-09-01,2012,23,19.0,,51,22.33333333333333,22.8,19.8,,,,84.66666666666667,81.8,72.0
426459,44349,Gold Coast Suns,Adelaide Crows,2012-09-01,2012,23,8.0,0.0,39,10.5,8.25,8.666666666666666,0.6666666666666666,0.6,0.4285714285714285,41.333333333333336,36.0,36.0
382713,43824,Gold Coast Suns,Adelaide Crows,2012-09-01,2012,23,5.0,0.0,16,7.5,7.5,7.5,0.0,0.0,0.0,32.5,32.5,32.5
619541,46329,Melbourne Demons,Fremantle Dockers,2012-09-01,2012,23,3.0,,19,14.0,14.0,14.0,,,,46.0,46.0,46.0
385776,43871,North Melbourne Kangaroos,Greater Western Sydney Giants,2012-09-01,2012,23,8.0,0.0,47,22.0,19.666666666666668,14.375,1.0,0.8,0.6,72.66666666666667,76.2,60.1
364752,43585,Gold Coast Suns,Adelaide Crows,2012-09-01,2012,23,19.0,0.0,70,14.0,15.2,15.2,0.0,0.0,0.0,49.66666666666666,58.0,58.0
487963,45130,Melbourne Demons,Fremantle Dockers,2012-09-01,2012,23,3.0,0.0,19,14.0,14.0,14.0,0.0,0.0,0.0,46.0,46.0,46.0
383153,43834,Greater Western Sydney Giants,North Melbourne Kangaroos,2012-09-01,2012,23,9.0,1.0,45,2.0,4.75,6.222222222222222,0.0,0.0,0.1,17.0,26.2,30.7
618274,46101,Greater Western Sydney Giants,North Melbourne Kangaroos,2012-09-01,2012,23,9.0,1.0,45,3.6666666666666665,5.2,6.3,,,1.0,17.0,26.2,30.7
618258,46098,Gold Coast Suns,Adelaide Crows,2012-09-01,2012,23,0.0,,16,2.5,2.5,2.5,,,,32.5,32.5,32.5
618847,46217,Carlton Blues,St Kilda Saints,2012-09-02,2012,23,8.0,1.0,42,,,,,,,,,
447494,44627,Carlton Blues,St Kilda Saints,2012-09-02,2012,23,15.0,0.0,63,8.0,8.0,8.0,0.0,0.0,0.0,23.0,23.0,23.0
618785,46203,Carlton Blues,St Kilda Saints,2012-09-02,2012,23,10.0,,35,,,,,,,,,
619171,46256,Port Adelaide Power,Richmond Tigers,2012-09-02,2012,23,9.0,,25,9.0,11.5,13.333333333333334,,,1.0,38.66666666666666,47.0,52.0
452706,44692,Port Adelaide Power,Richmond Tigers,2012-09-02,2012,23,9.0,0.0,25,9.0,13.4,14.1,0.0,0.0,0.1,38.66666666666666,47.0,52.0
439390,44507,Carlton Blues,St Kilda Saints,2012-09-02,2012,23,8.0,1.0,42,,,,,,,,,
17452,43773,Port Adelaide Power,Richmond Tigers,2012-09-02,2012,23,16.0,2.0,78,11.666666666666666,11.0,11.2,1.3333333333333333,1.8,1.7,59.0,60.2,61.3
454586,44721,Richmond Tigers,Port Adelaide Power,2012-09-02,2012,23,13.0,1.0,58,14.333333333333334,11.6,11.5,0.0,0.0,0.0,51.333333333333336,43.8,42.9
375895,43730,Western Bulldogs,Brisbane Lions,2012-09-02,2012,23,,0.0,53,11.333333333333334,7.8,11.0,0.0,0.0,0.2,55.66666666666666,39.8,52.2
61948,43925,St Kilda Saints,Carlton Blues,2012-09-02,2012,23,26.0,2.0,119,23.33333333333333,21.8,20.4,0.0,0.0,0.2,87.0,80.4,80.5
430368,44396,Carlton Blues,St Kilda Saints,2012-09-02,2012,23,10.0,0.0,35,,,,,,,,,
5039,43475,Brisbane Lions,Western Bulldogs,2012-09-02,2012,23,19.0,0.0,56,14.0,14.8,14.0,0.0,0.0,0.3,54.0,57.2,58.0
67399,44393,Port Adelaide Power,Richmond Tigers,2012-09-02,2012,23,9.0,0.0,37,12.666666666666666,14.6,15.77777777777778,0.0,0.0,0.1,44.66666666666666,52.4,62.9
56836,44013,Brisbane Lions,Western Bulldogs,2012-09-02,2012,23,16.0,0.0,57,16.333333333333332,16.2,15.0,0.6666666666666666,0.6,0.6,68.0,63.2,60.7
474409,44949,Western Bulldogs,Brisbane Lions,2012-09-02,2012,23,2.0,0.0,12,12.333333333333334,9.6,7.857142857142857,1.0,0.8,0.7142857142857143,51.0,39.8,34.42857142857143
563631,45855,Geelong Cats,Fremantle Dockers,2012-09-08,2012,EF,10.0,,37,15.5,14.75,15.666666666666666,,,,51.66666666666666,54.6,61.9
87195,43522,North Melbourne Kangaroos,West Coast Eagles,2012-09-09,2012,EF,10.0,3.0,49,8.333333333333334,9.8,9.0,1.0,0.6,0.4,42.0,44.6,37.2
1804,44458,Fremantle Dockers,Adelaide Crows,2012-09-14,2012,SF,21.0,0.0,77,16.666666666666668,16.2,16.8,0.6666666666666666,0.4,0.2,79.66666666666667,72.8,73.1
523228,45912,Collingwood Magpies,Sydney Swans,2012-09-21,2012,PF,,1.0,93,8.0,9.6,10.3,,1.0,1.25,34.0,45.2,51.9
564683,45492,Adelaide Crows,Hawthorn Hawks,2012-09-22,2012,PF,17.0,,63,18.0,17.0,15.5,,,,78.33333333333333,70.8,67.9
388169,43893,Melbourne Demons,Essendon Bombers,2013-04-06,2013,2,7.0,0.0,14,12.333333333333334,14.0,11.8,0.0,0.0,0.1,44.333333333333336,52.8,45.2
84129,43693,Carlton Blues,Geelong Cats,2013-04-13,2013,3,1.0,0.0,36,1.3333333333333333,0.6,2.3,0.0,0.0,0.1,25.0,21.0,32.3
74539,43995,North Melbourne Kangaroos,Sydney Swans,2013-04-13,2013,3,6.0,0.0,48,5.0,5.2,7.7,0.0,1.0,1.0,28.666666666666668,34.4,44.1
511878,45623,Collingwood Magpies,Hawthorn Hawks,2013-04-14,2013,3,21.0,,90,16.0,16.4,17.5,1.0,1.0,1.0,60.0,61.8,62.8
43043,44151,Adelaide Crows,Port Adelaide Power,2013-04-14,2013,3,5.0,1.0,26,6.0,9.0,10.88888888888889,0.6666666666666666,1.4,1.3,43.66666666666666,56.4,59.0
398771,44026,Richmond Tigers,Fremantle Dockers,2013-04-26,2013,5,6.0,0.0,20,10.333333333333334,8.2,9.6,0.0,0.0,0.1,33.666666666666664,29.8,41.1
74142,43432,Fremantle Dockers,Richmond Tigers,2013-04-26,2013,5,6.0,0.0,21,10.666666666666666,11.2,11.1,1.6666666666666667,1.4,0.9,57.66666666666666,57.2,51.6
101806,45146,Western Bulldogs,Geelong Cats,2013-04-27,2013,5,4.0,0.0,15,13.333333333333334,14.6,15.88888888888889,0.3333333333333333,0.2,0.4,52.0,53.4,54.9
16756,45092,Greater Western Sydney Giants,Gold Coast Suns,2013-04-27,2013,5,14.0,0.0,71,9.0,11.0,12.0,1.6666666666666667,1.6,1.2,52.0,58.4,61.4
366483,43620,Brisbane Lions,Sydney Swans,2013-05-05,2013,6,3.0,0.0,21,11.333333333333334,9.0,9.6,1.3333333333333333,1.2,1.6,55.66666666666666,45.2,52.5
478867,45015,Port Adelaide Power,Richmond Tigers,2013-05-11,2013,7,4.0,0.0,15,7.0,8.6,8.5,0.3333333333333333,0.8,1.0,39.333333333333336,46.8,49.4
86177,44380,Sydney Swans,Hawthorn Hawks,2013-05-11,2013,7,16.0,0.0,84,11.333333333333334,10.0,12.1,0.0,0.0,0.0,44.0,40.0,51.3
92203,44637,Hawthorn Hawks,Greater Western Sydney Giants,2013-05-18,2013,8,5.0,0.0,17,11.333333333333334,11.0,12.375,1.0,0.6,0.5,56.66666666666666,43.8,49.7
426507,44351,Melbourne Demons,Fremantle Dockers,2013-05-26,2013,9,21.0,0.0,87,11.666666666666666,10.0,12.0,0.0,0.0,0.1,48.0,42.4,50.9
467921,44876,Geelong Cats,Gold Coast Suns,2013-06-01,2013,10,0.0,0.0,17,5.0,5.25,5.25,1.0,0.75,0.75,49.0,44.5,44.5
490742,45169,Sydney Swans,Essendon Bombers,2013-06-01,2013,10,3.0,0.0,9,5.0,7.25,7.25,0.3333333333333333,0.75,0.75,19.33333333333333,35.75,35.75
403948,44084,Gold Coast Suns,Geelong Cats,2013-06-01,2013,10,9.0,0.0,34,13.333333333333334,15.2,16.6,0.3333333333333333,0.2,0.2,63.66666666666666,64.2,65.4
66785,44336,Melbourne Demons,Hawthorn Hawks,2013-06-02,2013,10,14.0,0.0,56,17.333333333333332,19.4,19.1,0.0,0.0,0.0,61.333333333333336,68.2,62.7
381648,43812,St Kilda Saints,North Melbourne Kangaroos,2013-06-02,2013,10,3.0,0.0,-6,,,,,,,,,
618235,46095,St Kilda Saints,North Melbourne Kangaroos,2013-06-02,2013,10,3.0,,-6,,,,,,,,,
422545,44301,Richmond Tigers,West Coast Eagles,2013-06-03,2013,10,9.0,0.0,29,13.333333333333334,15.6,14.7,0.6666666666666666,0.6,0.3,55.0,64.4,61.2
449659,44660,Gold Coast Suns,Essendon Bombers,2013-06-15,2013,12,8.0,0.0,22,9.666666666666666,8.25,9.444444444444445,0.6666666666666666,0.4,0.4,41.66666666666666,33.2,39.3
433960,44438,Brisbane Lions,Fremantle Dockers,2013-06-15,2013,12,,0.0,42,9.666666666666666,11.4,10.9,0.3333333333333333,0.2,0.1,38.66666666666666,45.0,40.2
33400,44169,Collingwood Magpies,Western Bulldogs,2013-06-16,2013,12,9.0,1.0,83,13.0,13.2,11.6,0.3333333333333333,0.2,0.4,87.0,90.8,79.5
427258,44364,Western Bulldogs,Richmond Tigers,2013-06-22,2013,13,9.0,0.0,44,8.5,11.0,9.22222222222222,1.6666666666666667,1.0,0.5,49.0,52.8,41.4
30284,44221,West Coast Eagles,Essendon Bombers,2013-06-27,2013,14,19.0,1.0,61,21.33333333333333,22.6,21.7,0.3333333333333333,0.4,0.4,69.66666666666667,73.6,71.5
423555,44319,Western Bulldogs,Melbourne Demons,2013-06-29,2013,14,13.0,0.0,54,14.0,15.4,15.2,0.0,0.0,0.1,58.333333333333336,62.4,65.1
9799,45188,West Coast Eagles,Adelaide Crows,2013-07-06,2013,15,19.0,0.0,90,15.0,13.6,13.6,0.0,0.0,0.1,84.66666666666667,81.0,76.3
114881,44623,Greater Western Sydney Giants,Sydney Swans,2013-07-14,2013,16,11.0,0.0,48,8.333333333333334,8.0,9.3,1.3333333333333333,1.6,2.0,43.333333333333336,41.8,49.8
440571,44517,Collingwood Magpies,Gold Coast Suns,2013-07-20,2013,17,,0.0,16,5.0,4.8,4.8,0.6666666666666666,0.4,0.4,21.666666666666668,20.2,20.2
10648,44100,Collingwood Magpies,Gold Coast Suns,2013-07-20,2013,17,11.0,0.0,55,13.333333333333334,13.0,13.6,0.0,0.0,0.2,79.0,73.4,70.4
6119,44241,Collingwood Magpies,Gold Coast Suns,2013-07-20,2013,17,6.0,0.0,13,14.0,14.8,12.6,1.3333333333333333,1.4,1.4,71.33333333333333,72.0,64.5
488136,45133,Greater Western Sydney Giants,Essendon Bombers,2013-07-20,2013,17,8.0,0.0,29,8.5,8.5,8.5,0.5,0.5,0.5,42.5,42.5,42.5
374447,43711,North Melbourne Kangaroos,Melbourne Demons,2013-07-27,2013,18,19.0,0.0,90,14.666666666666666,14.2,14.2,0.0,0.0,0.0,51.0,53.0,53.0
441834,44536,West Coast Eagles,Western Bulldogs,2013-07-28,2013,18,13.0,0.0,51,9.5,13.75,16.333333333333332,0.3333333333333333,0.4,0.3,26.0,46.6,59.5
395069,43978,West Coast Eagles,Gold Coast Suns,2013-08-03,2013,19,15.0,1.0,67,9.0,9.2,9.1,0.3333333333333333,1.0,0.8,47.333333333333336,50.4,47.5
21657,43463,Gold Coast Suns,Melbourne Demons,2013-08-10,2013,20,,3.0,87,17.5,14.25,13.444444444444445,1.0,1.2,1.4,68.0,65.6,63.8
364116,43575,Melbourne Demons,Gold Coast Suns,2013-08-10,2013,20,19.0,0.0,76,18.0,17.8,18.714285714285715,0.3333333333333333,0.2,0.1428571428571428,72.0,68.0,68.85714285714286
618007,46050,Melbourne Demons,Gold Coast Suns,2013-08-10,2013,20,19.0,,76,18.0,17.8,18.714285714285715,1.0,1.0,1.0,72.0,68.0,68.85714285714286
617754,46032,Carlton Blues,Western Bulldogs,2013-08-10,2013,20,15.0,,68,7.666666666666667,11.4,13.555555555555555,,1.0,1.0,44.0,61.8,67.5
359400,43503,Carlton Blues,Western Bulldogs,2013-08-10,2013,20,15.0,0.0,68,7.666666666666667,11.4,14.4,0.0,0.2,0.1,44.0,61.8,67.5
94717,43407,Gold Coast Suns,Melbourne Demons,2013-08-10,2013,20,-4.0,0.0,3,6.333333333333333,9.0,13.9,0.6666666666666666,0.8,0.5,52.333333333333336,61.4,76.4
446845,44610,Brisbane Lions,Richmond Tigers,2013-08-10,2013,20,11.0,0.0,65,8.0,10.8,9.0,0.6666666666666666,0.4,0.3,43.66666666666666,51.4,43.1
401967,44056,North Melbourne Kangaroos,Adelaide Crows,2013-08-11,2013,20,10.0,0.0,31,13.0,12.2,10.8,0.0,0.0,0.0,44.0,42.2,40.0
393371,43954,Essendon Bombers,West Coast Eagles,2013-08-11,2013,20,11.0,0.0,58,6.333333333333333,7.6,9.3,1.0,1.6,1.9,33.333333333333336,45.6,53.6
587193,45359,Brisbane Lions,Greater Western Sydney Giants,2013-08-17,2013,21,28.0,,91,22.666666666666668,24.6,22.7,1.0,1.0,1.0,72.0,82.8,78.0
351715,43404,Port Adelaide Power,Gold Coast Suns,2013-08-17,2013,21,11.0,0.0,31,10.333333333333334,9.0,9.0,0.0,0.0,0.0,38.0,32.4,32.4
353141,43416,Carlton Blues,Richmond Tigers,2013-08-17,2013,21,2.0,0.0,11,7.666666666666667,7.6,7.2,0.3333333333333333,0.2,0.2,38.66666666666666,37.8,34.9
402221,44063,Port Adelaide Power,Gold Coast Suns,2013-08-17,2013,21,5.0,0.0,17,7.666666666666667,6.0,9.22222222222222,0.6666666666666666,0.4,1.0,35.333333333333336,33.2,46.1
479877,45029,Melbourne Demons,Fremantle Dockers,2013-08-18,2013,21,9.0,0.0,33,9.666666666666666,9.8,11.4,0.0,0.2,0.1,44.66666666666666,42.6,44.2
618089,46070,Melbourne Demons,Fremantle Dockers,2013-08-18,2013,21,6.0,1.0,35,6.0,6.0,6.0,,,,32.0,32.0,32.0
373525,43697,Melbourne Demons,Fremantle Dockers,2013-08-18,2013,21,6.0,1.0,35,6.0,6.0,6.0,0.0,0.0,0.0,32.0,32.0,32.0
476,44191,Carlton Blues,Essendon Bombers,2013-08-24,2013,22,6.0,0.0,37,7.333333333333333,8.0,9.8,0.0,0.0,0.1,30.33333333333333,35.0,40.3
398727,44023,Port Adelaide Power,Fremantle Dockers,2013-08-24,2013,22,9.0,0.0,42,10.0,10.2,12.0,0.6666666666666666,0.4,0.2,48.0,44.6,53.5
618410,46127,Port Adelaide Power,Fremantle Dockers,2013-08-24,2013,22,9.0,,42,10.0,10.2,12.0,2.0,2.0,2.0,48.0,44.6,53.5
35008,44808,Melbourne Demons,Adelaide Crows,2013-08-24,2013,22,7.0,0.0,16,17.666666666666668,17.8,13.7,0.3333333333333333,0.2,0.3,73.33333333333333,73.8,55.5
619073,46245,Gold Coast Suns,St Kilda Saints,2013-08-25,2013,22,9.0,,33,,,,,,,,,
447951,44636,Gold Coast Suns,St Kilda Saints,2013-08-25,2013,22,9.0,0.0,33,,,,,,,,,
343004,43279,Gold Coast Suns,St Kilda Saints,2013-08-25,2013,22,14.0,0.0,67,8.333333333333334,8.333333333333334,8.333333333333334,0.0,0.0,0.0,42.66666666666666,42.66666666666666,42.66666666666666
36261,43450,Greater Western Sydney Giants,Richmond Tigers,2013-08-25,2013,22,15.0,0.0,78,11.0,11.4,10.3,0.0,0.0,0.3,64.66666666666667,61.6,58.1
93722,44538,Sydney Swans,Hawthorn Hawks,2013-08-30,2013,23,-1.0,1.0,25,6.666666666666667,6.2,5.3,1.3333333333333333,1.0,0.9,57.0,56.8,52.0
119723,44501,St Kilda Saints,Fremantle Dockers,2013-08-31,2013,23,21.0,2.0,95,11.666666666666666,11.0,11.1,1.6666666666666667,1.2,1.7,52.66666666666666,48.0,53.8
72129,44239,St Kilda Saints,Fremantle Dockers,2013-08-31,2013,23,2.0,0.0,35,1.3333333333333333,0.4,2.3,1.0,0.8,1.0,35.666666666666664,31.4,46.1
504630,45505,West Coast Eagles,Adelaide Crows,2013-08-31,2013,23,11.0,,48,12.333333333333334,12.6,13.1,1.0,1.0,1.1666666666666667,56.66666666666666,57.2,55.4
618053,46064,Essendon Bombers,Richmond Tigers,2013-08-31,2013,23,13.0,1.0,57,14.5,14.5,14.5,,,,54.5,54.5,54.5
542901,45360,St Kilda Saints,Fremantle Dockers,2013-08-31,2013,23,21.0,1.0,74,11.333333333333334,11.8,12.0,,,1.0,48.0,48.2,54.0
619445,46312,Port Adelaide Power,Carlton Blues,2013-08-31,2013,23,5.0,,18,11.0,14.2,15.6,,,,44.0,56.2,56.3
2418,44891,West Coast Eagles,Adelaide Crows,2013-08-31,2013,23,7.0,0.0,26,10.666666666666666,9.8,10.11111111111111,0.0,0.0,0.0,46.0,40.8,41.7
381638,43811,Fremantle Dockers,St Kilda Saints,2013-08-31,2013,23,9.0,0.0,34,9.5,9.5,9.5,0.0,0.0,0.0,31.0,31.0,31.0
618848,46218,Fremantle Dockers,St Kilda Saints,2013-08-31,2013,23,5.0,,16,,,,,,,,,
5139,43685,Essendon Bombers,Richmond Tigers,2013-08-31,2013,23,12.0,0.0,36,7.666666666666667,8.0,8.8,0.6666666666666666,1.0,1.4,44.66666666666666,50.4,52.2
440029,44512,Fremantle Dockers,St Kilda Saints,2013-08-31,2013,23,0.0,0.0,16,,,,,,,,,
478488,45011,Port Adelaide Power,Carlton Blues,2013-08-31,2013,23,5.0,0.0,18,11.0,14.2,15.6,0.0,0.0,0.0,44.0,56.2,56.3
482552,45057,Adelaide Crows,West Coast Eagles,2013-08-31,2013,23,12.0,1.0,60,18.666666666666668,14.8,13.2,0.0,0.0,0.0,68.66666666666667,58.4,51.5
383392,43841,Fremantle Dockers,St Kilda Saints,2013-08-31,2013,23,9.0,0.0,37,,,,,,,,,
65262,43639,Fremantle Dockers,St Kilda Saints,2013-08-31,2013,23,15.0,0.0,75,14.0,13.25,12.0,0.3333333333333333,0.2,0.1,53.0,52.2,46.2
96125,44315,Essendon Bombers,Richmond Tigers,2013-08-31,2013,23,23.0,1.0,83,9.0,13.0,11.3,0.0,0.2,0.2,35.666666666666664,53.8,44.1
419615,44268,St Kilda Saints,Fremantle Dockers,2013-08-31,2013,23,23.0,1.0,96,14.0,12.8,11.428571428571429,0.6666666666666666,0.4,0.4285714285714285,48.66666666666666,42.0,39.42857142857143
47804,43510,Adelaide Crows,West Coast Eagles,2013-08-31,2013,23,8.0,1.0,35,13.0,12.4,11.7,2.0,1.4,1.6,64.33333333333333,56.4,54.6
33979,44046,Essendon Bombers,Richmond Tigers,2013-08-31,2013,23,15.0,0.0,57,14.666666666666666,15.8,15.1,0.3333333333333333,0.6,0.8,71.33333333333333,76.2,77.2
436630,44471,Fremantle Dockers,St Kilda Saints,2013-08-31,2013,23,17.0,0.0,61,5.666666666666667,6.6,6.6,1.3333333333333333,1.0,1.0,38.0,37.8,37.8
371622,43672,West Coast Eagles,Adelaide Crows,2013-08-31,2013,23,18.0,1.0,76,17.333333333333332,20.2,19.6,1.3333333333333333,1.4,1.2,71.33333333333333,82.6,81.6
371511,43671,Essendon Bombers,Richmond Tigers,2013-08-31,2013,23,13.0,1.0,57,14.5,14.5,14.5,0.0,0.0,0.0,54.5,54.5,54.5
618277,46103,Fremantle Dockers,St Kilda Saints,2013-08-31,2013,23,9.0,,37,,,,,,,,,
57712,44889,Melbourne Demons,Western Bulldogs,2013-09-01,2013,23,3.0,1.0,49,5.333333333333333,4.4,4.8,0.0,0.2,0.8,43.66666666666666,43.8,49.8
472923,44929,North Melbourne Kangaroos,Collingwood Magpies,2013-09-01,2013,23,12.0,0.0,37,7.333333333333333,8.2,8.666666666666666,0.0,0.2,0.1666666666666666,29.33333333333333,34.4,35.5
388133,43892,Gold Coast Suns,Greater Western Sydney Giants,2013-09-01,2013,23,14.0,1.0,52,11.666666666666666,9.8,9.8,0.3333333333333333,0.4,0.4,41.0,37.4,37.4
495367,45237,Gold Coast Suns,Greater Western Sydney Giants,2013-09-01,2013,23,13.0,0.0,49,12.5,12.5,9.88888888888889,0.0,0.0,0.0,41.0,38.8,37.5
235,43684,Melbourne Demons,Western Bulldogs,2013-09-01,2013,23,14.0,0.0,70,11.0,9.0,10.666666666666666,0.3333333333333333,0.2,0.4,35.333333333333336,29.6,39.1
619362,46294,North Melbourne Kangaroos,Collingwood Magpies,2013-09-01,2013,23,12.0,,37,11.0,10.25,10.4,,1.0,1.0,29.33333333333333,34.4,35.5
103414,44329,Collingwood Magpies,North Melbourne Kangaroos,2013-09-01,2013,23,6.0,0.0,18,13.0,14.75,13.77777777777778,1.0,0.8,0.6,65.0,69.2,63.9
59095,43442,Gold Coast Suns,Greater Western Sydney Giants,2013-09-01,2013,23,18.0,0.0,88,10.333333333333334,13.2,14.1,1.0,1.2,0.7,56.333333333333336,63.0,66.0
69515,44839,Collingwood Magpies,North Melbourne Kangaroos,2013-09-01,2013,23,7.0,0.0,34,18.0,15.8,14.444444444444445,0.0,0.0,0.0,74.66666666666667,69.0,61.5
3425,43727,Collingwood Magpies,Port Adelaide Power,2013-09-07,2013,EF,10.0,0.0,30,24.5,19.25,16.77777777777778,1.0,0.6,0.5,80.0,65.8,59.6
115985,45121,Richmond Tigers,Carlton Blues,2013-09-08,2013,EF,18.0,1.0,72,13.0,14.4,17.1,0.3333333333333333,0.4,0.4,46.0,53.2,58.5
97741,43750,Carlton Blues,Sydney Swans,2013-09-14,2013,SF,7.0,0.0,41,12.666666666666666,12.0,11.0,1.3333333333333333,1.0,0.6,55.66666666666666,51.6,48.2
545633,45442,Geelong Cats,Hawthorn Hawks,2013-09-20,2013,PF,16.0,,74,18.0,19.4,20.3,1.0,1.0,1.0,76.33333333333333,80.4,76.9
549436,45367,Sydney Swans,Fremantle Dockers,2013-09-21,2013,PF,9.0,1.0,60,11.0,11.0,13.1,1.0,1.25,1.25,54.0,58.8,61.2
90294,43321,Hawthorn Hawks,Fremantle Dockers,2013-09-28,2013,GF,7.0,0.0,40,8.666666666666666,9.2,7.9,0.3333333333333333,0.2,0.1,52.66666666666666,56.0,55.1
515972,45561,Hawthorn Hawks,Fremantle Dockers,2013-09-28,2013,GF,9.0,,55,24.666666666666668,22.4,18.666666666666668,1.0,1.0,1.0,103.0,99.0,82.7
85955,43558,Collingwood Magpies,Fremantle Dockers,2014-03-14,2014,1,13.0,0.0,42,13.333333333333334,15.8,16.2,0.0,0.2,0.3,45.0,57.2,60.9
6626,44430,Carlton Blues,Port Adelaide Power,2014-03-16,2014,1,,0.0,40,7.666666666666667,9.0,9.1,0.0,0.0,0.1,36.66666666666666,43.2,42.4
491003,45173,Hawthorn Hawks,Brisbane Lions,2014-03-22,2014,1,4.0,0.0,20,,,,,,,,,
619561,46338,Hawthorn Hawks,Brisbane Lions,2014-03-22,2014,1,4.0,,20,,,,,,,,,
410769,44164,Adelaide Crows,Port Adelaide Power,2014-03-29,2014,2,9.0,1.0,56,12.0,12.0,11.125,3.0,2.0,1.6666666666666667,72.66666666666667,68.0,59.55555555555556
54424,44227,Richmond Tigers,Western Bulldogs,2014-04-05,2014,3,6.0,1.0,37,10.0,11.8,10.6,1.0,1.0,0.7,52.0,54.8,51.1
478337,45008,Richmond Tigers,Western Bulldogs,2014-04-05,2014,3,12.0,0.0,67,7.666666666666667,8.4,8.5,0.0,0.0,0.1,50.66666666666666,53.8,52.0
473629,44940,Fremantle Dockers,Essendon Bombers,2014-04-13,2014,4,13.0,0.0,55,14.0,14.0,14.0,1.0,1.0,1.0,55.0,55.0,55.0
619552,46333,Essendon Bombers,Fremantle Dockers,2014-04-13,2014,4,14.0,,45,,,,,,,,,
580723,45782,Sydney Swans,North Melbourne Kangaroos,2014-04-13,2014,4,11.0,1.0,66,11.0,16.0,16.8,,1.0,1.0,39.66666666666666,62.6,70.5
488162,45136,Essendon Bombers,Fremantle Dockers,2014-04-13,2014,4,9.0,0.0,45,,,,,,,,,
426794,44354,St Kilda Saints,Adelaide Crows,2014-04-13,2014,4,8.0,0.0,29,10.333333333333334,11.0,9.8,0.3333333333333333,0.8,1.1,47.333333333333336,57.6,51.3
16262,44514,Brisbane Lions,Richmond Tigers,2014-04-17,2014,5,9.0,0.0,25,23.0,22.2,18.55555555555556,0.3333333333333333,0.2,0.5,94.66666666666669,85.2,78.8
78242,44146,Essendon Bombers,St Kilda Saints,2014-04-19,2014,5,10.0,2.0,44,9.666666666666666,9.2,10.2,1.0,0.8,0.5,47.333333333333336,45.0,48.3
380996,43800,Melbourne Demons,Gold Coast Suns,2014-04-20,2014,5,5.0,1.0,26,12.0,12.0,14.6,0.0,0.2,0.5,47.66666666666666,51.6,65.2
407052,44119,Gold Coast Suns,Greater Western Sydney Giants,2014-04-26,2014,6,8.0,0.0,30,4.333333333333333,4.8,8.1,0.3333333333333333,0.4,0.2,22.666666666666668,22.4,36.1
78981,44800,Sydney Swans,Melbourne Demons,2014-04-26,2014,6,4.0,0.0,16,8.333333333333334,7.0,8.777777777777779,0.6666666666666666,0.6,0.6,41.66666666666666,35.2,42.6
539590,45863,Carlton Blues,Collingwood Magpies,2014-05-02,2014,7,19.0,,79,18.666666666666668,17.8,22.8,2.0,1.5,1.5,74.66666666666667,72.2,87.9
618297,46107,Melbourne Demons,Adelaide Crows,2014-05-03,2014,7,5.0,,15,9.0,10.4,11.0,,,,34.666666666666664,42.0,44.0
58922,44682,Adelaide Crows,Melbourne Demons,2014-05-03,2014,7,13.0,1.0,62,13.666666666666666,11.0,10.5,1.3333333333333333,0.8,0.9,69.0,60.4,56.5
386605,43880,Melbourne Demons,Adelaide Crows,2014-05-03,2014,7,5.0,0.0,15,9.0,10.4,11.0,0.0,0.0,0.0,34.666666666666664,42.0,44.0
357797,43485,Geelong Cats,Richmond Tigers,2014-05-04,2014,7,4.0,0.0,47,6.333333333333333,6.8,6.333333333333333,0.3333333333333333,0.4,0.5,60.333333333333336,60.2,58.333333333333336
116281,43500,Melbourne Demons,Western Bulldogs,2014-05-10,2014,8,10.0,0.0,36,9.666666666666666,11.0,13.9,0.3333333333333333,1.0,0.9,42.333333333333336,50.2,56.0
16407,44769,Port Adelaide Power,Fremantle Dockers,2014-05-10,2014,8,3.0,0.0,19,7.5,7.5,6.555555555555555,0.3333333333333333,0.4,0.2,33.333333333333336,39.0,46.2
617587,46000,Essendon Bombers,Sydney Swans,2014-05-16,2014,9,9.0,,51,6.5,6.5,6.5,,,,27.5,27.5,27.5
345352,43319,Essendon Bombers,Sydney Swans,2014-05-16,2014,9,9.0,0.0,51,6.5,6.5,6.5,0.0,0.0,0.0,27.5,27.5,27.5
421280,44286,Brisbane Lions,North Melbourne Kangaroos,2014-05-17,2014,9,11.0,0.0,58,17.0,14.6,12.6,0.0,0.6,0.9,70.66666666666667,65.6,60.9
119209,43891,Greater Western Sydney Giants,Richmond Tigers,2014-05-24,2014,10,9.0,0.0,40,11.333333333333334,14.8,16.555555555555557,0.0,0.0,0.0,58.0,67.8,69.9
471483,44916,Geelong Cats,Sydney Swans,2014-05-29,2014,11,8.0,0.0,27,8.666666666666666,8.0,10.5,0.0,0.0,0.0,43.66666666666666,37.0,46.8
474369,44947,St Kilda Saints,Collingwood Magpies,2014-05-30,2014,11,13.0,1.0,62,11.666666666666666,9.8,9.88888888888889,0.3333333333333333,0.2,0.6,46.333333333333336,38.4,44.6
38779,43271,Greater Western Sydney Giants,Hawthorn Hawks,2014-06-01,2014,11,2.0,0.0,9,13.0,11.8,10.7,0.0,0.4,0.6,58.333333333333336,52.6,50.4
404581,44092,Western Bulldogs,Brisbane Lions,2014-06-07,2014,12,4.0,0.0,14,12.0,15.6,14.4,0.0,0.4,0.2,43.66666666666666,55.0,53.0
529294,45545,West Coast Eagles,Hawthorn Hawks,2014-06-07,2014,12,10.0,,24,13.666666666666666,14.8,14.8,,,,58.0,60.0,60.6
128682,45248,Western Bulldogs,Brisbane Lions,2014-06-07,2014,12,12.0,2.0,59,8.0,9.8,10.5,1.3333333333333333,0.8,0.7,43.333333333333336,44.4,47.2
423458,44317,Hawthorn Hawks,West Coast Eagles,2014-06-07,2014,12,7.0,3.0,66,,,,,,,,,
618707,46187,Hawthorn Hawks,West Coast Eagles,2014-06-07,2014,12,12.0,3.0,66,,,,,,,,,
406126,44111,Gold Coast Suns,Sydney Swans,2014-06-08,2014,12,8.0,0.0,26,6.666666666666667,8.2,9.8,0.3333333333333333,0.4,0.2,27.666666666666668,39.8,44.1
547303,45387,Brisbane Lions,Greater Western Sydney Giants,2014-06-14,2014,13,8.0,2.0,42,9.333333333333334,11.0,10.77777777777778,2.5,2.0,2.375,51.333333333333336,51.8,58.2
480111,45034,Geelong Cats,St Kilda Saints,2014-06-15,2014,13,9.0,1.0,47,10.0,9.2,9.7,0.3333333333333333,0.2,0.4,41.333333333333336,43.8,47.1
329,43778,Richmond Tigers,Sydney Swans,2014-06-20,2014,14,6.0,1.0,30,14.333333333333334,16.4,14.7,0.6666666666666666,2.2,1.3,68.33333333333333,86.6,73.4
438113,44489,St Kilda Saints,Richmond Tigers,2014-06-28,2014,15,8.0,1.0,56,13.333333333333334,12.6,12.3,0.6666666666666666,0.8,0.6,58.333333333333336,58.8,53.7
473510,44936,St Kilda Saints,Richmond Tigers,2014-06-28,2014,15,5.0,1.0,34,10.666666666666666,10.8,10.1,0.3333333333333333,0.2,0.1,41.0,40.4,38.6
491707,45184,North Melbourne Kangaroos,Brisbane Lions,2014-06-28,2014,15,2.0,0.0,13,,,,,,,,,
619569,46341,North Melbourne Kangaroos,Brisbane Lions,2014-06-28,2014,15,2.0,,13,,,,,,,,,
446530,44599,Melbourne Demons,Western Bulldogs,2014-06-29,2014,15,9.0,0.0,50,14.0,13.4,14.5,0.3333333333333333,0.2,0.2,62.0,66.6,63.6
79327,43296,North Melbourne Kangaroos,Hawthorn Hawks,2014-07-04,2014,16,12.0,0.0,54,9.333333333333334,8.0,13.11111111111111,0.3333333333333333,0.2,0.2,38.0,37.2,51.7
447476,44625,Richmond Tigers,Brisbane Lions,2014-07-05,2014,16,9.0,0.0,33,7.5,7.25,7.0,0.6666666666666666,0.4,0.25,45.66666666666666,40.6,37.0
75258,43990,Essendon Bombers,Port Adelaide Power,2014-07-05,2014,16,2.0,0.0,26,3.6666666666666665,4.8,9.0,0.0,1.0,1.0,24.33333333333333,36.0,51.9
129859,43720,St Kilda Saints,Carlton Blues,2014-07-06,2014,16,6.0,0.0,23,7.0,8.8,8.2,0.6666666666666666,1.0,1.0,44.0,55.2,52.1
62419,44719,Adelaide Crows,Hawthorn Hawks,2014-07-11,2014,17,2.0,0.0,4,10.333333333333334,10.6,14.11111111111111,0.3333333333333333,0.2,0.9,44.333333333333336,42.4,62.7
463272,44820,Hawthorn Hawks,Adelaide Crows,2014-07-11,2014,17,5.0,0.0,19,8.333333333333334,10.2,11.88888888888889,0.3333333333333333,0.2,0.3,34.333333333333336,40.2,51.6
52884,43441,West Coast Eagles,Brisbane Lions,2014-07-12,2014,17,10.0,0.0,29,9.333333333333334,10.4,10.6,0.0,0.0,0.0,42.66666666666666,46.8,49.4
377609,43755,St Kilda Saints,North Melbourne Kangaroos,2014-07-12,2014,17,8.0,0.0,35,8.666666666666666,9.0,9.6,0.0,0.0,0.1,36.0,39.4,41.5
593600,44562,Gold Coast Suns,Western Bulldogs,2014-07-12,2014,17,13.0,,56,13.0,12.5,13.625,,,,61.333333333333336,56.4,59.5
29963,44127,Richmond Tigers,Port Adelaide Power,2014-07-13,2014,17,7.0,1.0,49,11.0,21.5,23.22222222222222,0.0,0.2,0.3,57.0,78.8,88.0
98374,44381,Collingwood Magpies,Essendon Bombers,2014-07-13,2014,17,11.0,0.0,35,12.333333333333334,12.6,13.9,0.0,0.0,0.0,52.0,54.4,63.4
25654,45054,Fremantle Dockers,St Kilda Saints,2014-07-19,2014,18,7.0,0.0,28,9.666666666666666,9.8,14.1,0.3333333333333333,0.2,0.4,35.666666666666664,33.6,55.1
8139,44526,Fremantle Dockers,St Kilda Saints,2014-07-19,2014,18,4.0,1.0,25,11.666666666666666,14.0,12.8,0.0,0.4,0.3,41.66666666666666,57.6,52.9
37917,43537,Port Adelaide Power,Melbourne Demons,2014-07-20,2014,18,9.0,0.0,62,7.666666666666667,7.4,8.9,0.3333333333333333,0.2,0.1,61.0,51.4,55.7
475003,44959,West Coast Eagles,Richmond Tigers,2014-07-25,2014,18,4.0,0.0,20,13.0,14.6,15.4,1.0,0.6,0.3,58.66666666666666,62.4,63.7
619652,46367,Hawthorn Hawks,Western Bulldogs,2014-08-03,2014,19,15.0,,73,3.0,3.0,3.0,,,,8.0,8.0,8.0
428110,44373,Collingwood Magpies,Port Adelaide Power,2014-08-03,2014,19,0.0,0.0,0,15.666666666666666,15.8,15.8,0.6666666666666666,1.4,1.4,64.66666666666667,73.8,73.8
482611,45060,Melbourne Demons,Brisbane Lions,2014-08-03,2014,19,9.0,0.0,42,9.666666666666666,9.4,9.4,0.3333333333333333,0.4,0.4,42.66666666666666,44.8,45.2
497501,45276,Hawthorn Hawks,Western Bulldogs,2014-08-03,2014,19,15.0,0.0,73,3.0,3.0,3.0,0.0,0.0,0.0,8.0,8.0,8.0
483777,45076,Melbourne Demons,Brisbane Lions,2014-08-03,2014,19,25.0,0.0,95,9.0,11.4,13.0,0.0,0.0,0.1,40.333333333333336,46.4,55.6
374606,43714,Essendon Bombers,Richmond Tigers,2014-08-08,2014,20,14.0,1.0,58,5.0,8.0,9.0,0.3333333333333333,0.8,0.8,29.666666666666668,39.2,42.7
618422,46130,Gold Coast Suns,Port Adelaide Power,2014-08-16,2014,21,7.0,,26,2.0,2.0,2.0,,,,17.5,17.5,17.5
126229,44298,Port Adelaide Power,Gold Coast Suns,2014-08-16,2014,21,11.0,0.0,39,19.0,20.0,17.0,0.3333333333333333,0.4,0.4,84.66666666666667,88.8,71.2
399624,44034,Gold Coast Suns,Port Adelaide Power,2014-08-16,2014,21,7.0,0.0,26,2.0,2.0,2.0,0.0,0.0,0.0,17.5,17.5,17.5
389397,43909,Greater Western Sydney Giants,Collingwood Magpies,2014-08-23,2014,22,11.0,0.0,46,8.333333333333334,8.6,8.6,0.0,0.0,0.0,29.33333333333333,29.4,29.4
397502,44005,Geelong Cats,Hawthorn Hawks,2014-08-23,2014,22,6.0,0.0,42,-0.6666666666666666,1.75,1.75,0.3333333333333333,0.25,0.25,21.33333333333333,30.75,30.75
36551,43634,West Coast Eagles,Melbourne Demons,2014-08-23,2014,22,15.0,0.0,88,12.333333333333334,13.0,13.4,0.6666666666666666,0.4,0.6,76.0,80.4,84.6
83365,45087,Adelaide Crows,North Melbourne Kangaroos,2014-08-23,2014,22,7.0,0.0,29,9.0,9.4,10.5,0.0,0.0,0.0,35.666666666666664,41.4,44.3
25381,45295,Collingwood Magpies,Greater Western Sydney Giants,2014-08-23,2014,22,2.0,0.0,2,14.333333333333334,15.0,18.11111111111111,0.3333333333333333,0.8,0.7,56.66666666666666,61.2,75.3
618388,46123,Geelong Cats,Hawthorn Hawks,2014-08-23,2014,22,11.0,,42,6.5,9.0,9.0,1.0,1.0,1.0,21.33333333333333,30.75,30.75
480617,45042,Gold Coast Suns,Essendon Bombers,2014-08-23,2014,22,4.0,0.0,18,6.666666666666667,7.4,6.6,0.0,0.0,0.6,27.666666666666668,28.4,29.8
8531,44421,Brisbane Lions,Fremantle Dockers,2014-08-24,2014,22,8.0,1.0,59,1.6666666666666667,1.0,3.1,1.3333333333333333,0.8,1.1,41.66666666666666,35.6,41.0
81232,43334,Collingwood Magpies,Hawthorn Hawks,2014-08-29,2014,23,21.0,0.0,90,19.666666666666668,19.6,17.4,0.0,0.4,0.5,73.33333333333333,82.4,75.7
17829,44448,Carlton Blues,Essendon Bombers,2014-08-30,2014,23,30.0,1.0,122,8.666666666666666,12.2,17.2,0.6666666666666666,0.6,0.6,45.66666666666666,55.8,71.3
342025,43268,North Melbourne Kangaroos,Melbourne Demons,2014-08-30,2014,23,9.0,1.0,49,12.0,11.0,11.9,0.3333333333333333,0.2,0.2,39.0,37.0,42.5
423634,44320,Carlton Blues,Essendon Bombers,2014-08-30,2014,23,,1.0,52,12.0,13.6,12.1,0.0,0.0,0.0,44.333333333333336,55.2,47.1
491601,45181,Gold Coast Suns,West Coast Eagles,2014-08-31,2014,23,11.0,0.0,48,12.333333333333334,11.6,10.9,0.0,0.0,0.0,40.333333333333336,37.8,39.6
11636,44841,Adelaide Crows,St Kilda Saints,2014-08-31,2014,23,13.0,1.0,60,7.0,8.0,9.77777777777778,0.0,0.0,0.0,34.0,34.6,40.7
361256,43532,West Coast Eagles,Gold Coast Suns,2014-08-31,2014,23,11.0,0.0,38,11.333333333333334,12.2,12.0,0.0,0.0,0.0,48.0,52.0,53.0
619605,46352,St Kilda Saints,Adelaide Crows,2014-08-31,2014,23,6.0,1.0,33,6.0,6.0,6.0,3.0,3.0,3.0,44.0,44.0,44.0
57432,44712,Adelaide Crows,St Kilda Saints,2014-08-31,2014,23,11.0,1.0,46,12.666666666666666,12.6,13.5,0.6666666666666666,1.0,1.2,49.333333333333336,56.0,62.9
70657,44110,Greater Western Sydney Giants,Western Bulldogs,2014-08-31,2014,23,18.0,0.0,71,11.333333333333334,11.6,13.5,0.6666666666666666,0.4,0.4,52.0,54.6,60.0
345309,43317,Western Bulldogs,Greater Western Sydney Giants,2014-08-31,2014,23,4.0,0.0,12,10.333333333333334,10.6,9.333333333333334,0.0,0.0,0.0,38.333333333333336,43.6,36.8
16096,44767,Adelaide Crows,St Kilda Saints,2014-08-31,2014,23,22.0,0.0,88,17.333333333333332,18.4,17.1,0.0,0.0,0.0,70.66666666666667,75.0,66.3
25244,44176,St Kilda Saints,Adelaide Crows,2014-08-31,2014,23,21.0,1.0,94,12.333333333333334,13.8,16.0,0.6666666666666666,0.4,0.4,58.333333333333336,55.8,64.2
29540,43883,Western Bulldogs,Greater Western Sydney Giants,2014-08-31,2014,23,20.0,2.0,77,8.333333333333334,11.4,10.4,0.6666666666666666,1.0,1.0,32.666666666666664,46.2,45.0
496283,45256,West Coast Eagles,Gold Coast Suns,2014-08-31,2014,23,12.0,0.0,53,15.333333333333334,15.6,16.5,0.0,0.0,0.0,59.0,56.8,62.375
552622,45582,St Kilda Saints,Adelaide Crows,2014-08-31,2014,23,21.0,,108,16.0,19.2,20.4,1.0,1.0,1.0,65.0,84.8,88.0
499391,45301,Western Bulldogs,Greater Western Sydney Giants,2014-08-31,2014,23,11.0,0.0,29,12.0,13.6,14.4,0.3333333333333333,0.2,0.3,44.333333333333336,51.0,56.1
494833,45229,St Kilda Saints,Adelaide Crows,2014-08-31,2014,23,6.0,1.0,33,6.0,6.0,6.0,3.0,3.0,3.0,44.0,44.0,44.0
44138,44433,Geelong Cats,Hawthorn Hawks,2014-09-05,2014,QF,8.0,0.0,48,16.666666666666668,15.0,14.6,0.3333333333333333,0.4,0.2,90.33333333333331,86.0,84.7
13631,44898,Hawthorn Hawks,Geelong Cats,2014-09-05,2014,QF,14.0,0.0,73,13.333333333333334,17.6,18.5,0.3333333333333333,0.4,0.4,45.0,62.6,73.3
95448,43836,Richmond Tigers,Port Adelaide Power,2014-09-07,2014,EF,6.0,0.0,43,13.0,12.4,13.3,0.6666666666666666,0.4,0.2,74.33333333333333,68.0,68.5
418635,44253,West Coast Eagles,Western Bulldogs,2015-04-04,2015,1,10.0,1.0,52,,,,,,,,,
618630,46173,West Coast Eagles,Western Bulldogs,2015-04-04,2015,1,,1.0,52,,,,,,,,,
105028,44686,Richmond Tigers,Western Bulldogs,2015-04-11,2015,2,15.0,1.0,74,12.333333333333334,15.0,15.9,0.3333333333333333,0.2,0.6,61.333333333333336,73.0,81.0
457654,44757,Port Adelaide Power,Sydney Swans,2015-04-11,2015,2,9.0,0.0,30,10.666666666666666,10.2,10.0,0.6666666666666666,0.4,0.2,72.33333333333333,67.0,62.6
618814,46208,Brisbane Lions,Richmond Tigers,2015-04-18,2015,3,13.0,,51,11.0,11.0,11.0,,,,42.0,42.0,42.0
87875,44352,Brisbane Lions,Richmond Tigers,2015-04-18,2015,3,9.0,0.0,33,13.0,13.333333333333334,14.5,0.0,0.0,0.1,54.66666666666666,59.8,61.6
23476,44231,Richmond Tigers,Brisbane Lions,2015-04-18,2015,3,4.0,1.0,29,17.0,17.2,14.6,1.6666666666666667,1.2,0.9,74.33333333333333,73.4,61.4
432994,44423,Brisbane Lions,Richmond Tigers,2015-04-18,2015,3,13.0,0.0,51,11.0,11.0,11.0,0.0,0.0,0.0,42.0,42.0,42.0
344550,43305,Richmond Tigers,Melbourne Demons,2015-04-24,2015,4,10.0,1.0,54,9.666666666666666,9.6,10.375,0.6666666666666666,0.6,0.5,59.333333333333336,51.0,50.75
465905,44849,St Kilda Saints,Carlton Blues,2015-04-25,2015,4,4.0,0.0,10,8.5,7.25,7.888888888888889,1.0,1.4,1.3,39.333333333333336,38.8,43.4
370830,43661,St Kilda Saints,Carlton Blues,2015-04-25,2015,4,4.0,0.0,33,12.0,11.6,12.8,0.3333333333333333,0.8,0.5,45.333333333333336,49.2,52.2
434336,44442,Melbourne Demons,Fremantle Dockers,2015-05-03,2015,5,9.0,0.0,22,15.0,13.6,13.6,0.0,0.0,0.0,47.0,46.8,43.4
344520,43303,Collingwood Magpies,Geelong Cats,2015-05-08,2015,6,11.0,0.0,60,9.333333333333334,10.8,10.0,0.0,0.0,0.0,54.0,61.4,59.3
351748,43402,Geelong Cats,Sydney Swans,2015-05-16,2015,7,7.0,0.0,24,7.666666666666667,7.75,8.625,0.3333333333333333,0.6,0.6,31.666666666666668,29.8,35.0
408531,44135,Adelaide Crows,St Kilda Saints,2015-05-16,2015,7,13.0,0.0,65,16.666666666666668,17.0,15.7,0.0,0.0,0.1,101.0,99.2,89.6
413252,44197,Collingwood Magpies,Richmond Tigers,2015-05-17,2015,7,,0.0,28,11.333333333333334,10.6,10.88888888888889,0.6666666666666666,0.4,0.7,47.66666666666666,45.2,49.8
106427,45182,Carlton Blues,Geelong Cats,2015-05-22,2015,8,10.0,0.0,61,6.0,6.2,7.9,0.3333333333333333,0.2,0.2,52.333333333333336,56.0,63.5
389052,43906,Brisbane Lions,Essendon Bombers,2015-05-24,2015,8,4.0,0.0,24,11.666666666666666,13.4,14.333333333333334,0.0,0.0,0.0,47.66666666666666,50.6,56.2
366424,43618,Western Bulldogs,Melbourne Demons,2015-05-24,2015,8,13.0,0.0,63,9.0,7.8,7.6,0.3333333333333333,0.4,0.4,52.0,44.4,38.4
73669,43621,Port Adelaide Power,Richmond Tigers,2015-05-24,2015,8,28.0,0.0,107,18.666666666666668,18.6,19.3,0.3333333333333333,0.2,0.1,78.0,73.8,76.7
534762,45522,Essendon Bombers,Richmond Tigers,2015-05-30,2015,9,10.0,,36,16.333333333333332,17.4,17.8,,1.0,1.0,61.0,69.0,67.6
365059,43596,West Coast Eagles,Geelong Cats,2015-05-31,2015,9,6.0,0.0,31,9.5,9.5,9.5,0.0,0.0,0.0,41.5,41.5,41.5
392062,43943,Adelaide Crows,Carlton Blues,2015-06-06,2015,10,19.0,0.0,84,20.0,16.8,14.2,0.6666666666666666,0.6,0.4,88.66666666666667,77.0,61.1
23374,44194,Carlton Blues,Adelaide Crows,2015-06-06,2015,10,6.0,0.0,18,20.0,20.4,20.8,1.0,0.8,0.5,70.66666666666667,68.8,77.4
113087,44452,North Melbourne Kangaroos,Sydney Swans,2015-06-13,2015,11,7.0,0.0,28,11.0,12.0,11.2,0.3333333333333333,0.2,0.1,38.333333333333336,46.2,45.9
423859,44324,Geelong Cats,Melbourne Demons,2015-06-21,2015,12,3.0,0.0,16,5.0,5.0,5.0,0.0,0.0,0.0,18.0,18.0,18.0
3048,44788,Melbourne Demons,Geelong Cats,2015-06-21,2015,12,3.0,0.0,9,11.0,12.6,11.333333333333334,0.0,0.0,0.2,39.0,41.2,47.0
618721,46189,Geelong Cats,Melbourne Demons,2015-06-21,2015,12,-2.0,,16,0.0,0.0,0.0,,,,18.0,18.0,18.0
375122,43721,Sydney Swans,Richmond Tigers,2015-06-26,2015,13,8.0,1.0,43,5.666666666666667,8.2,8.1,0.0,0.6,0.5,47.333333333333336,58.6,56.0
62548,45263,Essendon Bombers,Hawthorn Hawks,2015-06-27,2015,13,6.0,0.0,29,11.666666666666666,14.6,17.8,0.3333333333333333,1.0,0.8,48.333333333333336,64.2,74.6
456578,44743,Gold Coast Suns,Carlton Blues,2015-06-28,2015,13,8.0,0.0,13,11.666666666666666,13.6,16.5,0.6666666666666666,0.4,0.3,52.333333333333336,53.0,56.9
353276,43421,Brisbane Lions,Sydney Swans,2015-07-12,2015,15,6.0,0.0,26,9.666666666666666,10.75,10.75,0.6666666666666666,0.4,0.4,46.66666666666666,53.2,53.2
618237,46096,Carlton Blues,Fremantle Dockers,2015-07-18,2015,16,11.0,,37,10.0,10.0,10.0,,,,69.0,69.0,69.0
381690,43815,Carlton Blues,Fremantle Dockers,2015-07-18,2015,16,11.0,0.0,37,10.0,10.0,10.0,0.0,0.0,0.0,69.0,69.0,69.0
431513,44411,Richmond Tigers,St Kilda Saints,2015-07-19,2015,16,8.0,0.0,35,10.0,11.8,11.11111111111111,0.0,0.2,0.1111111111111111,39.66666666666666,46.2,42.888888888888886
95471,43913,Richmond Tigers,St Kilda Saints,2015-07-19,2015,16,4.0,0.0,9,13.0,12.0,11.571428571428571,0.6666666666666666,0.6,1.0,54.0,48.8,55.3
410092,44155,Carlton Blues,Hawthorn Hawks,2015-07-24,2015,17,5.0,0.0,14,8.333333333333334,9.0,8.666666666666666,0.0,0.2,0.1666666666666666,39.0,42.0,38.66666666666666
427788,44370,Adelaide Crows,Gold Coast Suns,2015-07-25,2015,17,15.0,1.0,63,10.666666666666666,13.6,17.1,0.3333333333333333,0.2,0.7,56.66666666666666,63.4,76.3
16567,44997,Brisbane Lions,North Melbourne Kangaroos,2015-07-25,2015,17,13.0,0.0,46,9.0,6.8,8.5,0.0,0.0,1.0,43.66666666666666,34.4,44.4
618302,46108,Gold Coast Suns,West Coast Eagles,2015-08-01,2015,18,8.0,,42,8.666666666666666,11.75,11.75,,1.0,1.0,38.0,52.5,52.5
388415,43901,Gold Coast Suns,West Coast Eagles,2015-08-01,2015,18,3.0,0.0,42,3.6666666666666665,6.75,6.75,0.0,0.25,0.25,38.0,52.5,52.5
110094,43767,Collingwood Magpies,Melbourne Demons,2015-08-01,2015,18,16.0,0.0,58,7.333333333333333,11.2,13.11111111111111,0.6666666666666666,0.8,0.6,33.666666666666664,46.6,52.8
355885,43457,Essendon Bombers,Western Bulldogs,2015-08-02,2015,18,4.0,0.0,12,8.333333333333334,11.2,11.3,0.3333333333333333,0.4,0.4,38.0,47.2,44.7
619181,46262,Western Bulldogs,Essendon Bombers,2015-08-02,2015,18,11.0,,45,13.0,13.0,13.0,,,,54.333333333333336,54.333333333333336,54.333333333333336
455917,44736,Western Bulldogs,Essendon Bombers,2015-08-02,2015,18,11.0,0.0,45,13.0,13.0,13.0,0.0,0.0,0.0,54.333333333333336,54.333333333333336,54.333333333333336
109438,43603,Port Adelaide Power,Western Bulldogs,2015-08-08,2015,19,7.0,0.0,25,19.33333333333333,20.0,18.33333333333333,0.0,0.2,0.2,74.66666666666667,72.2,68.8
8290,45004,Essendon Bombers,Adelaide Crows,2015-08-15,2015,20,10.0,0.0,37,11.666666666666666,11.8,11.0,0.0,0.0,0.0,43.0,45.2,41.333333333333336
59437,44794,Geelong Cats,Hawthorn Hawks,2015-08-15,2015,20,10.0,0.0,44,12.333333333333334,14.2,14.6,0.0,0.0,0.0,55.66666666666666,59.0,65.0
372604,43681,Western Bulldogs,Melbourne Demons,2015-08-16,2015,20,16.0,0.0,59,17.0,14.0,15.555555555555555,0.3333333333333333,0.2,0.2,57.333333333333336,53.6,56.8
345775,43323,Melbourne Demons,Western Bulldogs,2015-08-16,2015,20,11.0,0.0,67,12.666666666666666,11.0,14.7,0.0,0.2,0.4,42.0,41.2,55.3
353240,43419,Gold Coast Suns,Richmond Tigers,2015-08-16,2015,20,9.0,1.0,37,8.333333333333334,11.8,11.88888888888889,0.3333333333333333,0.4,0.9,37.333333333333336,53.2,58.2
394692,43969,Gold Coast Suns,Essendon Bombers,2015-08-22,2015,21,0.0,0.0,11,7.666666666666667,7.2,7.0,0.3333333333333333,0.2,0.5,48.0,41.0,40.333333333333336
112090,44906,Adelaide Crows,Brisbane Lions,2015-08-22,2015,21,7.0,0.0,25,9.666666666666666,11.0,10.333333333333334,0.0,0.0,0.0,44.333333333333336,45.4,42.3
466853,44860,St Kilda Saints,Geelong Cats,2015-08-22,2015,21,2.0,0.0,8,8.666666666666666,10.4,11.8,0.0,0.4,0.4,33.0,39.6,48.8
471288,44913,St Kilda Saints,Geelong Cats,2015-08-22,2015,21,7.0,0.0,39,13.5,14.25,13.555555555555555,0.3333333333333333,0.4,0.4,58.0,56.0,54.5
450285,44667,Western Bulldogs,West Coast Eagles,2015-08-23,2015,21,2.0,0.0,5,12.0,9.4,9.4,0.0,0.0,0.0,47.333333333333336,36.8,36.8
490651,45165,Carlton Blues,Greater Western Sydney Giants,2015-08-29,2015,22,9.0,1.0,30,5.0,5.0,5.0,0.0,0.0,0.0,20.0,20.0,20.0
619557,46335,Carlton Blues,Greater Western Sydney Giants,2015-08-29,2015,22,9.0,1.0,30,5.0,5.0,5.0,,,,20.0,20.0,20.0
617618,46007,Brisbane Lions,Hawthorn Hawks,2015-08-29,2015,22,4.0,,40,5.333333333333333,5.0,5.0,,,,45.333333333333336,42.2,42.2
484509,45083,Richmond Tigers,Essendon Bombers,2015-08-29,2015,22,20.0,1.0,74,15.5,18.5,19.22222222222222,0.6666666666666666,0.6,0.4,58.333333333333336,63.8,71.8
24112,45291,Carlton Blues,Greater Western Sydney Giants,2015-08-29,2015,22,5.0,0.0,28,17.666666666666668,16.2,17.5,0.0,0.0,0.3,87.0,74.8,74.7
433224,44425,Brisbane Lions,Hawthorn Hawks,2015-08-29,2015,22,14.0,2.0,60,10.333333333333334,8.6,9.2,1.6666666666666667,1.0,1.2,56.0,42.2,46.1
446875,44612,Essendon Bombers,Richmond Tigers,2015-08-29,2015,22,25.0,0.0,76,22.666666666666668,24.0,19.55555555555556,0.0,0.0,0.1,69.66666666666667,77.4,65.2
571598,45420,Essendon Bombers,Richmond Tigers,2015-08-29,2015,22,19.0,,91,12.0,12.8,14.5,1.0,1.0,1.375,47.66666666666666,54.0,65.3
348264,43359,Brisbane Lions,Hawthorn Hawks,2015-08-29,2015,22,9.0,0.0,40,10.333333333333334,10.0,10.0,0.0,0.0,0.0,45.333333333333336,42.2,42.2
2231,44870,St Kilda Saints,Sydney Swans,2015-08-30,2015,22,12.0,2.0,56,14.333333333333334,15.6,18.3,0.0,0.2,0.5,62.66666666666666,70.8,77.8
445836,44591,West Coast Eagles,Adelaide Crows,2015-08-30,2015,22,7.0,0.0,27,4.5,7.25,7.25,0.6666666666666666,0.8,0.8,29.0,37.0,37.0
554284,45735,Fremantle Dockers,Melbourne Demons,2015-08-30,2015,22,21.0,,94,15.333333333333334,15.0,14.3,,,,67.0,62.6,57.1
485879,45103,North Melbourne Kangaroos,Richmond Tigers,2015-09-04,2015,23,11.0,0.0,56,5.333333333333333,6.8,6.5,0.0,0.0,0.0,21.33333333333333,26.0,26.5
618118,46075,Carlton Blues,Hawthorn Hawks,2015-09-05,2015,23,17.0,,70,13.0,10.6,10.6,,,,56.66666666666666,43.2,43.2
5894,43529,Carlton Blues,Hawthorn Hawks,2015-09-05,2015,23,33.0,0.0,93,19.33333333333333,19.8,23.6,0.3333333333333333,0.2,0.1,66.66666666666667,69.6,76.2
492031,45193,Carlton Blues,Hawthorn Hawks,2015-09-05,2015,23,14.0,2.0,80,6.0,9.2,9.8,0.6666666666666666,1.2,0.8,37.333333333333336,48.8,47.0
475326,44963,Carlton Blues,Hawthorn Hawks,2015-09-05,2015,23,5.0,0.0,23,7.0,7.8,8.333333333333334,0.0,0.0,0.0,21.33333333333333,24.4,26.666666666666668
363242,43556,Brisbane Lions,Western Bulldogs,2015-09-05,2015,23,14.0,0.0,55,11.333333333333334,11.0,11.4,0.0,0.0,0.0,38.66666666666666,44.2,47.8
619396,46302,Carlton Blues,Hawthorn Hawks,2015-09-05,2015,23,5.0,,23,7.0,7.8,8.333333333333334,,,,21.33333333333333,24.4,26.666666666666668
375429,43726,Carlton Blues,Hawthorn Hawks,2015-09-05,2015,23,17.0,0.0,70,10.0,8.5,8.5,0.0,0.0,0.0,56.66666666666666,43.2,43.2
617597,46003,Fremantle Dockers,Port Adelaide Power,2015-09-05,2015,23,6.0,,16,,,,,,,,,
43755,43455,Gold Coast Suns,Sydney Swans,2015-09-05,2015,23,4.0,0.0,9,11.333333333333334,13.6,14.6,0.0,0.0,0.0,41.333333333333336,49.6,59.9
389484,43911,Western Bulldogs,Brisbane Lions,2015-09-05,2015,23,11.0,1.0,42,16.333333333333332,11.8,13.8,0.3333333333333333,0.2,0.2,66.33333333333333,48.4,56.4
447129,44615,Brisbane Lions,Western Bulldogs,2015-09-05,2015,23,4.0,0.0,16,12.0,13.6,15.6,0.0,0.0,0.0,37.0,57.2,64.2
21745,45278,Carlton Blues,Hawthorn Hawks,2015-09-05,2015,23,6.0,0.0,33,4.666666666666667,7.0,8.5,0.0,0.0,0.2,26.666666666666668,38.2,47.1
346327,43332,Fremantle Dockers,Port Adelaide Power,2015-09-05,2015,23,6.0,0.0,16,,,,,,,,,
34042,43787,Carlton Blues,Hawthorn Hawks,2015-09-05,2015,23,9.0,0.0,44,7.333333333333333,9.2,9.8,0.0,0.0,0.4,31.666666666666668,40.8,47.2
477414,44998,Gold Coast Suns,Sydney Swans,2015-09-05,2015,23,22.0,1.0,83,10.0,14.2,14.0,0.0,0.0,0.0,35.333333333333336,50.0,52.9
102176,43748,Fremantle Dockers,Port Adelaide Power,2015-09-05,2015,23,25.0,0.0,86,13.0,12.2,11.2,0.0,0.0,0.0,66.66666666666667,60.0,53.7
376933,43749,Fremantle Dockers,Port Adelaide Power,2015-09-05,2015,23,12.0,1.0,45,5.0,5.0,5.0,1.0,1.0,1.0,23.0,23.0,23.0
122214,44669,Essendon Bombers,Collingwood Magpies,2015-09-06,2015,23,14.0,0.0,51,15.666666666666666,16.4,17.8,0.0,0.0,0.0,66.33333333333333,66.6,71.7
29275,43645,Melbourne Demons,Greater Western Sydney Giants,2015-09-06,2015,23,25.0,0.0,77,23.666666666666668,22.8,22.3,0.0,0.0,0.0,83.66666666666667,78.0,80.5
413294,44199,Essendon Bombers,Collingwood Magpies,2015-09-06,2015,23,10.0,0.0,41,7.5,11.0,11.444444444444445,0.0,0.0,0.2,43.66666666666666,45.0,45.6
24573,44590,Richmond Tigers,North Melbourne Kangaroos,2015-09-13,2015,EF,7.0,2.0,61,8.666666666666666,8.4,7.5,0.6666666666666666,0.6,0.6,66.33333333333333,62.2,58.5
92911,44739,Sydney Swans,North Melbourne Kangaroos,2015-09-19,2015,SF,9.0,0.0,42,12.0,10.5,7.555555555555555,0.6666666666666666,0.6,0.3,55.333333333333336,57.4,50.2
576844,45873,Sydney Swans,North Melbourne Kangaroos,2015-09-19,2015,SF,11.0,,43,23.33333333333333,21.2,20.7,,,1.0,81.0,76.4,75.1
501517,45548,Sydney Swans,North Melbourne Kangaroos,2015-09-19,2015,SF,18.0,2.0,105,20.0,20.0,17.555555555555557,2.0,1.75,1.7142857142857142,84.0,79.6,79.6
34279,43963,Hawthorn Hawks,West Coast Eagles,2015-10-03,2015,GF,6.0,0.0,42,5.333333333333333,8.8,9.0,0.6666666666666666,0.6,0.6,40.0,53.6,51.9
18080,44250,Hawthorn Hawks,West Coast Eagles,2015-10-03,2015,GF,17.0,0.0,89,17.666666666666668,15.6,14.0,0.0,0.0,0.0,74.66666666666667,68.0,60.1
28960,45048,Collingwood Magpies,Sydney Swans,2016-03-26,2016,1,0.0,0.0,0,27.0,31.6,29.0,1.3333333333333333,1.4,1.0,106.66666666666669,118.4,112.1
482318,45058,Sydney Swans,Collingwood Magpies,2016-03-26,2016,1,5.0,0.0,41,16.0,13.4,10.9,0.0,0.0,0.2,74.66666666666667,66.6,59.3
386161,43877,Collingwood Magpies,Richmond Tigers,2016-04-01,2016,2,4.0,0.0,28,8.666666666666666,8.0,8.0,0.3333333333333333,0.8,0.8,37.0,41.6,41.6
4756,43526,Port Adelaide Power,Adelaide Crows,2016-04-02,2016,2,12.0,0.0,41,10.333333333333334,9.8,11.7,0.0,0.0,0.0,42.333333333333336,39.2,43.2
348979,43372,West Coast Eagles,Hawthorn Hawks,2016-04-03,2016,2,5.0,0.0,30,14.333333333333334,12.2,11.875,0.6666666666666666,0.4,0.2,53.333333333333336,45.0,45.4
494263,45220,Carlton Blues,Gold Coast Suns,2016-04-09,2016,3,16.0,0.0,52,16.0,15.2,14.11111111111111,0.0,0.2,0.2,59.333333333333336,62.4,57.8
483707,45074,St Kilda Saints,Hawthorn Hawks,2016-04-16,2016,4,9.0,1.0,45,7.0,8.6,7.111111111111111,0.0,0.2,0.1,28.33333333333333,38.6,37.6
47365,44323,Melbourne Demons,St Kilda Saints,2016-04-30,2016,6,14.0,0.0,48,18.0,14.6,12.6,0.0,0.0,0.0,65.66666666666667,49.8,45.2
423172,44314,Hawthorn Hawks,Richmond Tigers,2016-05-06,2016,7,18.0,0.0,49,11.0,11.0,11.0,0.0,0.0,0.0,36.0,36.0,36.0
618706,46186,Hawthorn Hawks,Richmond Tigers,2016-05-06,2016,7,18.0,,49,11.0,11.0,11.0,,,,36.0,36.0,36.0
402086,44061,Sydney Swans,Richmond Tigers,2016-05-14,2016,8,7.0,0.0,33,,,,,,,,,
95559,43946,Essendon Bombers,North Melbourne Kangaroos,2016-05-14,2016,8,14.0,0.0,54,12.333333333333334,13.4,15.9,0.0,0.0,0.0,52.333333333333336,57.2,64.4
618441,46137,Sydney Swans,Richmond Tigers,2016-05-14,2016,8,2.0,,33,,,,,,,,,
91680,44139,Carlton Blues,Port Adelaide Power,2016-05-15,2016,8,7.0,0.0,42,7.0,8.75,10.11111111111111,0.0,0.0,0.0,33.0,35.0,41.5
24673,44666,Fremantle Dockers,Richmond Tigers,2016-05-21,2016,9,10.0,0.0,54,23.33333333333333,18.2,17.8,0.0,0.2,0.2,78.66666666666667,61.6,63.7
618023,46056,Western Bulldogs,Greater Western Sydney Giants,2016-05-22,2016,9,4.0,,22,,,,,,,,,
380902,43798,Brisbane Lions,Melbourne Demons,2016-05-22,2016,9,10.0,0.0,40,11.333333333333334,11.0,11.166666666666666,0.3333333333333333,0.2,0.1666666666666666,50.333333333333336,48.0,44.66666666666666
365207,43600,Western Bulldogs,Greater Western Sydney Giants,2016-05-22,2016,9,4.0,0.0,22,,,,,,,,,
89581,44984,Hawthorn Hawks,Brisbane Lions,2016-05-28,2016,10,1.0,0.0,3,11.333333333333334,12.0,11.7,0.0,0.0,0.0,50.333333333333336,48.6,47.4
385931,43869,Melbourne Demons,Port Adelaide Power,2016-05-28,2016,10,11.0,0.0,44,12.666666666666666,11.2,12.3,0.0,0.0,0.0,51.0,50.0,50.8
96330,43379,Adelaide Crows,Greater Western Sydney Giants,2016-05-28,2016,10,6.0,0.0,24,15.666666666666666,16.8,15.2,0.0,0.0,0.1,59.0,64.6,61.5
569054,45933,Adelaide Crows,Greater Western Sydney Giants,2016-05-28,2016,10,6.0,,24,15.666666666666666,16.8,15.2,,,1.0,59.0,64.6,61.5
446323,44594,Melbourne Demons,Port Adelaide Power,2016-05-28,2016,10,14.0,0.0,48,17.0,15.0,15.666666666666666,1.3333333333333333,1.0,0.8,70.33333333333333,65.6,63.4
464896,44840,Gold Coast Suns,West Coast Eagles,2016-05-29,2016,10,12.0,0.0,53,11.666666666666666,11.0,12.8,0.0,0.2,0.5,44.0,45.2,53.6
359825,43513,Gold Coast Suns,West Coast Eagles,2016-05-29,2016,10,9.0,0.0,44,12.0,12.4,10.3,0.3333333333333333,0.6,0.4,53.333333333333336,57.2,49.1
130962,43543,Richmond Tigers,North Melbourne Kangaroos,2016-06-03,2016,11,9.0,0.0,43,13.333333333333334,12.6,12.6,0.0,0.2,0.1,56.0,57.8,56.2
108161,43649,Essendon Bombers,Fremantle Dockers,2016-06-04,2016,11,21.0,0.0,67,19.33333333333333,18.6,16.0,0.3333333333333333,0.2,0.2,69.33333333333333,68.4,61.9
384383,43851,Brisbane Lions,Carlton Blues,2016-06-04,2016,11,6.0,1.0,36,6.0,7.4,6.6,0.6666666666666666,0.6,0.9,37.0,36.8,34.8
443023,44555,St Kilda Saints,Adelaide Crows,2016-06-05,2016,11,8.0,0.0,32,11.0,8.8,6.7,1.0,0.8,0.7,61.333333333333336,47.6,35.9
3207,45106,Collingwood Magpies,Port Adelaide Power,2016-06-05,2016,11,10.0,0.0,36,8.333333333333334,10.2,10.8,0.0,0.0,0.0,35.0,41.0,40.6
389500,43912,Collingwood Magpies,Port Adelaide Power,2016-06-05,2016,11,7.0,0.0,29,11.0,11.0,11.0,0.0,0.0,0.0,41.0,41.0,41.0
618304,46109,Collingwood Magpies,Port Adelaide Power,2016-06-05,2016,11,7.0,,29,11.0,11.0,11.0,,,,41.0,41.0,41.0
379505,43783,Essendon Bombers,Hawthorn Hawks,2016-06-10,2016,12,15.0,0.0,50,11.0,11.666666666666666,10.428571428571429,0.0,0.2,0.6,48.66666666666666,51.0,46.8
130666,45219,Brisbane Lions,Fremantle Dockers,2016-06-11,2016,12,9.0,0.0,55,9.0,6.6,8.625,0.0,0.2,0.2,52.66666666666666,43.0,54.3
132911,43792,West Coast Eagles,Adelaide Crows,2016-06-11,2016,12,12.0,0.0,46,13.333333333333334,12.2,13.3,0.3333333333333333,0.2,0.2,59.333333333333336,55.6,57.5
389616,43914,Carlton Blues,St Kilda Saints,2016-06-12,2016,12,2.0,0.0,54,10.0,7.4,7.7,1.3333333333333333,1.0,0.7,70.0,60.2,60.7
476290,44976,Fremantle Dockers,Port Adelaide Power,2016-06-18,2016,13,7.0,1.0,29,12.0,12.0,12.0,0.3333333333333333,0.3333333333333333,0.3333333333333333,55.0,55.0,55.0
376337,43738,Greater Western Sydney Giants,Essendon Bombers,2016-06-19,2016,13,5.0,0.0,43,7.0,6.8,6.125,0.0,0.4,0.25,57.333333333333336,57.4,52.625
395333,43983,Fremantle Dockers,Collingwood Magpies,2016-06-24,2016,14,3.0,0.0,35,10.333333333333334,10.2,9.444444444444445,0.0,0.2,0.3,49.333333333333336,51.4,44.9
487940,45128,Carlton Blues,Greater Western Sydney Giants,2016-06-25,2016,14,18.0,1.0,77,21.33333333333333,17.0,16.3,0.3333333333333333,0.2,0.3,89.33333333333333,67.6,67.1
344579,43306,Essendon Bombers,West Coast Eagles,2016-06-30,2016,15,10.0,0.0,34,10.0,8.0,10.0,0.0,0.0,0.0,45.333333333333336,39.8,40.6
48708,44361,Richmond Tigers,Port Adelaide Power,2016-07-01,2016,15,2.0,0.0,51,8.666666666666666,11.0,11.4,0.0,0.4,0.7,51.0,64.4,73.4
419690,44271,St Kilda Saints,Gold Coast Suns,2016-07-02,2016,15,8.0,0.0,38,11.666666666666666,9.4,9.88888888888889,0.0,0.2,0.7,49.66666666666666,45.4,50.6
93096,43569,Geelong Cats,Sydney Swans,2016-07-08,2016,16,10.0,0.0,43,9.333333333333334,11.0,10.9,1.0,1.6,1.8,45.333333333333336,56.4,58.5
374568,43712,St Kilda Saints,Essendon Bombers,2016-07-10,2016,16,11.0,0.0,44,7.0,6.2,8.2,0.0,0.0,0.0,32.333333333333336,30.4,36.8
41895,44754,North Melbourne Kangaroos,West Coast Eagles,2016-07-10,2016,16,6.0,0.0,26,12.333333333333334,12.8,15.1,0.3333333333333333,0.2,0.1,44.66666666666666,49.8,59.6
122475,44780,Sydney Swans,Hawthorn Hawks,2016-07-14,2016,17,8.0,0.0,37,6.666666666666667,10.4,10.6,0.3333333333333333,0.4,0.2,30.666666666666668,45.4,39.8
56639,43958,Essendon Bombers,Richmond Tigers,2016-07-16,2016,17,6.0,0.0,18,20.33333333333333,19.8,19.6,0.0,0.0,0.0,74.33333333333333,75.8,72.7
16339,44333,Collingwood Magpies,Adelaide Crows,2016-07-16,2016,17,10.0,0.0,41,7.666666666666667,9.6,11.7,0.3333333333333333,0.2,0.1,40.0,45.4,51.3
101783,44416,West Coast Eagles,Carlton Blues,2016-07-17,2016,17,12.0,0.0,42,8.666666666666666,9.2,8.4,1.6666666666666667,1.4,0.9,42.333333333333336,43.6,41.3
408541,44136,Carlton Blues,West Coast Eagles,2016-07-17,2016,17,8.0,0.0,38,10.333333333333334,11.4,10.0,0.0,0.0,0.2,45.66666666666666,48.0,41.3
392653,43948,Melbourne Demons,St Kilda Saints,2016-07-17,2016,17,15.0,0.0,56,28.0,23.0,21.55555555555556,0.6666666666666666,0.6,0.3,118.33333333333331,100.4,85.0
414726,44214,Melbourne Demons,St Kilda Saints,2016-07-17,2016,17,19.0,1.0,69,14.0,15.6,16.1,0.3333333333333333,0.4,0.7,50.333333333333336,58.6,65.4
11901,44943,Collingwood Magpies,North Melbourne Kangaroos,2016-07-22,2016,18,0.0,0.0,0,21.0,18.2,16.2,0.3333333333333333,0.2,0.2,72.33333333333333,68.0,59.7
482515,45059,Gold Coast Suns,Fremantle Dockers,2016-07-23,2016,18,17.0,0.0,70,10.333333333333334,11.4,10.2,0.0,0.0,0.0,43.333333333333336,49.0,44.0
439444,44506,Port Adelaide Power,Greater Western Sydney Giants,2016-07-24,2016,18,20.0,0.0,63,19.0,14.4,16.333333333333332,0.3333333333333333,0.2,0.4,72.66666666666667,54.6,66.8
430186,44391,Richmond Tigers,Hawthorn Hawks,2016-07-24,2016,18,7.0,0.0,48,9.0,8.5,8.5,0.3333333333333333,0.25,0.25,41.333333333333336,37.0,37.0
496152,45250,Brisbane Lions,Essendon Bombers,2016-07-24,2016,18,11.0,0.0,32,12.0,12.0,12.0,0.0,0.0,0.0,48.5,48.5,48.5
619632,46358,Brisbane Lions,Essendon Bombers,2016-07-24,2016,18,6.0,,32,7.0,7.0,7.0,,,,48.5,48.5,48.5
64103,43270,Western Bulldogs,Geelong Cats,2016-07-29,2016,19,18.0,0.0,73,15.0,14.0,12.9,0.0,0.0,0.8,50.333333333333336,49.2,55.8
98166,44355,Gold Coast Suns,Melbourne Demons,2016-07-31,2016,19,10.0,1.0,45,20.33333333333333,18.75,18.875,0.0,0.2,0.1,80.0,85.6,79.2
618844,46215,Essendon Bombers,Adelaide Crows,2016-07-31,2016,19,2.0,,36,2.333333333333333,2.333333333333333,2.333333333333333,,,,50.333333333333336,40.75,40.75
23068,43698,Melbourne Demons,Gold Coast Suns,2016-07-31,2016,19,8.0,1.0,62,12.0,12.8,13.9,0.6666666666666666,0.6,0.9,58.66666666666666,56.0,63.7
395049,43977,Essendon Bombers,Adelaide Crows,2016-07-31,2016,19,17.0,0.0,67,14.333333333333334,13.2,11.333333333333334,1.0,0.6,0.4,67.33333333333333,62.0,52.7
437745,44484,Essendon Bombers,Adelaide Crows,2016-07-31,2016,19,7.0,0.0,36,7.333333333333333,6.5,6.5,0.0,0.0,0.0,50.333333333333336,40.75,40.75
618749,46196,Richmond Tigers,Collingwood Magpies,2016-08-05,2016,20,22.0,1.0,88,16.0,16.0,16.0,,,,71.0,71.0,71.0
427089,44359,Richmond Tigers,Collingwood Magpies,2016-08-05,2016,20,22.0,1.0,88,16.0,16.0,16.0,0.0,0.0,0.0,71.0,71.0,71.0
358332,43490,Port Adelaide Power,Sydney Swans,2016-08-06,2016,20,7.0,1.0,33,12.666666666666666,11.2,10.6,1.6666666666666667,1.0,0.9,69.33333333333333,57.8,52.5
479229,45018,Port Adelaide Power,Sydney Swans,2016-08-06,2016,20,13.0,0.0,55,13.0,11.2,11.4,0.0,0.0,0.0,45.66666666666666,42.6,44.8
446523,44598,Gold Coast Suns,Greater Western Sydney Giants,2016-08-06,2016,20,10.0,1.0,73,12.0,13.0,13.5,0.0,0.0,0.1,71.33333333333333,73.2,79.1
7482,45158,Carlton Blues,St Kilda Saints,2016-08-07,2016,20,11.0,0.0,34,13.333333333333334,13.2,11.9,1.0,1.2,0.9,52.66666666666666,56.4,56.1
106544,44572,North Melbourne Kangaroos,Hawthorn Hawks,2016-08-13,2016,21,14.0,1.0,60,7.666666666666667,8.0,9.7,0.0,0.6,0.4,35.666666666666664,44.0,53.7
487530,45124,West Coast Eagles,Greater Western Sydney Giants,2016-08-13,2016,21,11.0,0.0,60,9.333333333333334,7.0,6.333333333333333,0.3333333333333333,0.4,0.5555555555555556,43.66666666666666,33.8,33.55555555555556
67862,44934,Essendon Bombers,Gold Coast Suns,2016-08-14,2016,21,24.0,0.0,78,16.666666666666668,13.0,14.0,0.3333333333333333,0.2,0.3,52.66666666666666,44.0,51.4
376882,43745,Richmond Tigers,Geelong Cats,2016-08-14,2016,21,1.0,0.0,50,6.0,4.5,4.5,0.6666666666666666,0.5,0.5,56.66666666666666,48.75,48.75
392670,43949,Essendon Bombers,Gold Coast Suns,2016-08-14,2016,21,5.0,1.0,26,7.333333333333333,9.4,10.166666666666666,1.3333333333333333,1.2,1.1666666666666667,45.333333333333336,50.2,55.333333333333336
57547,44716,Essendon Bombers,Gold Coast Suns,2016-08-14,2016,21,21.0,0.0,61,14.666666666666666,14.6,11.666666666666666,0.0,0.0,0.1,46.0,49.2,40.1
618335,46114,Essendon Bombers,Gold Coast Suns,2016-08-14,2016,21,5.0,1.0,26,7.333333333333333,9.4,10.166666666666666,1.3333333333333333,1.2,1.1666666666666667,45.333333333333336,50.2,55.333333333333336
434129,44440,North Melbourne Kangaroos,Sydney Swans,2016-08-20,2016,22,18.0,1.0,74,16.333333333333332,17.0,15.3,0.0,0.0,0.0,73.0,70.0,60.9
84971,44137,Essendon Bombers,Western Bulldogs,2016-08-21,2016,22,8.0,0.0,45,8.333333333333334,8.2,8.3,0.6666666666666666,0.6,0.6,50.333333333333336,54.0,61.9
1581,43614,Essendon Bombers,Western Bulldogs,2016-08-21,2016,22,22.0,1.0,95,21.666666666666668,22.4,22.444444444444443,0.6666666666666666,0.4,0.2,96.33333333333331,94.8,92.1
448468,44644,Brisbane Lions,Geelong Cats,2016-08-21,2016,22,5.0,0.0,22,11.5,8.0,9.11111111111111,0.0,0.2,0.4,38.0,30.0,37.7
5270,43801,Carlton Blues,Melbourne Demons,2016-08-21,2016,22,16.0,1.0,70,11.333333333333334,12.4,13.333333333333334,0.3333333333333333,0.6,1.3,53.0,58.0,64.7
86870,45024,Essendon Bombers,Western Bulldogs,2016-08-21,2016,22,31.0,0.0,118,18.666666666666668,16.4,17.9,0.0,0.0,0.6,73.0,64.8,74.5
437846,44486,Melbourne Demons,Carlton Blues,2016-08-21,2016,22,15.0,0.0,67,8.0,11.0,9.9,0.3333333333333333,0.2,0.1,48.0,58.6,55.4
6780,44519,Richmond Tigers,Sydney Swans,2016-08-27,2016,23,23.0,0.0,56,19.0,16.4,14.0,0.3333333333333333,0.2,0.3,75.33333333333333,68.6,62.7
117763,43975,Richmond Tigers,Sydney Swans,2016-08-27,2016,23,5.0,1.0,57,8.333333333333334,8.8,8.6,0.3333333333333333,0.2,0.3,62.0,68.0,72.7
412159,44185,Melbourne Demons,Geelong Cats,2016-08-27,2016,23,14.0,0.0,60,21.0,23.0,20.444444444444443,0.3333333333333333,0.2,0.1,85.0,85.2,76.2
619101,46248,Port Adelaide Power,Gold Coast Suns,2016-08-27,2016,23,14.0,,62,10.0,10.0,10.0,1.0,1.0,1.0,53.0,53.0,53.0
63066,44879,Port Adelaide Power,Gold Coast Suns,2016-08-27,2016,23,13.0,3.0,60,7.333333333333333,7.2,8.7,1.3333333333333333,1.2,1.8,42.66666666666666,40.4,51.7
416811,44235,Essendon Bombers,Carlton Blues,2016-08-27,2016,23,9.0,0.0,42,10.0,9.8,9.6,1.3333333333333333,1.2,0.9,46.66666666666666,45.4,46.4
448471,44645,Port Adelaide Power,Gold Coast Suns,2016-08-27,2016,23,14.0,0.0,62,10.0,10.0,10.0,0.5,0.5,0.5,53.0,53.0,53.0
26879,43718,Essendon Bombers,Carlton Blues,2016-08-27,2016,23,13.0,1.0,61,13.0,13.8,14.4,0.3333333333333333,0.4,0.3,46.333333333333336,51.2,57.0
417491,44240,Port Adelaide Power,Gold Coast Suns,2016-08-27,2016,23,11.0,0.0,53,14.0,16.5,14.77777777777778,0.6666666666666666,0.4,0.3,56.333333333333336,63.2,61.2
364061,43572,Brisbane Lions,St Kilda Saints,2016-08-28,2016,23,6.0,0.0,37,6.0,6.0,6.0,0.0,0.0,0.0,28.0,28.0,28.0
114776,43719,St Kilda Saints,Brisbane Lions,2016-08-28,2016,23,8.0,0.0,54,10.666666666666666,11.0,8.7,0.3333333333333333,0.2,0.1,77.33333333333333,73.8,57.6
498649,45292,Fremantle Dockers,Western Bulldogs,2016-08-28,2016,23,4.0,1.0,56,8.666666666666666,6.8,6.8,2.0,1.8,1.8,67.33333333333333,60.8,60.8
110055,43821,St Kilda Saints,Brisbane Lions,2016-08-28,2016,23,17.0,0.0,64,12.333333333333334,13.2,13.6,0.0,0.0,0.0,46.333333333333336,56.8,56.3
617994,46048,Brisbane Lions,St Kilda Saints,2016-08-28,2016,23,6.0,,37,6.0,6.0,6.0,,,,28.0,28.0,28.0
30484,44479,Brisbane Lions,St Kilda Saints,2016-08-28,2016,23,7.0,1.0,42,10.666666666666666,9.6,9.1,0.0,0.0,0.0,41.333333333333336,34.2,31.9
562428,45793,Fremantle Dockers,Western Bulldogs,2016-08-28,2016,23,20.0,1.0,102,13.666666666666666,14.4,13.333333333333334,2.0,2.0,2.2222222222222223,77.33333333333333,76.2,75.1
403056,44072,St Kilda Saints,Brisbane Lions,2016-08-28,2016,23,2.0,0.0,53,4.333333333333333,5.0,5.0,0.0,0.0,0.0,37.0,42.75,42.75
132150,44503,Western Bulldogs,Fremantle Dockers,2016-08-28,2016,23,8.0,0.0,31,9.333333333333334,8.8,8.555555555555555,0.3333333333333333,0.2,0.4,71.66666666666667,69.2,69.3
619663,46370,Fremantle Dockers,Western Bulldogs,2016-08-28,2016,23,9.0,1.0,56,11.5,10.25,10.25,2.0,1.8,1.8,67.33333333333333,60.8,60.8
356754,43465,West Coast Eagles,Western Bulldogs,2016-09-08,2016,EF,5.0,1.0,31,9.333333333333334,7.2,7.3,0.0,0.0,0.1,46.333333333333336,33.8,34.0
91008,43818,North Melbourne Kangaroos,Adelaide Crows,2016-09-10,2016,EF,,0.0,62,14.333333333333334,13.4,12.0,0.0,0.0,0.0,52.0,49.8,45.4
97681,44857,North Melbourne Kangaroos,Adelaide Crows,2016-09-10,2016,EF,29.0,0.0,71,26.33333333333333,26.25,25.444444444444443,0.6666666666666666,0.4,0.2,87.0,89.8,87.3
569739,45465,North Melbourne Kangaroos,Adelaide Crows,2016-09-10,2016,EF,29.0,,71,26.33333333333333,26.8,25.55555555555556,2.0,2.0,2.0,87.0,89.8,87.3
516404,45576,North Melbourne Kangaroos,Adelaide Crows,2016-09-10,2016,EF,,,81,26.0,24.4,22.7,2.5,1.75,1.625,106.0,98.8,90.9
26511,43796,Geelong Cats,Sydney Swans,2016-09-23,2016,PF,26.0,0.0,83,18.0,20.0,21.571428571428573,0.3333333333333333,0.2,0.2,74.33333333333333,89.2,91.6
66086,43349,Geelong Cats,Sydney Swans,2016-09-23,2016,PF,26.0,1.0,88,15.666666666666666,18.4,21.55555555555556,1.0,0.8,0.6,75.66666666666667,77.4,83.0
67005,44658,Greater Western Sydney Giants,Western Bulldogs,2016-09-24,2016,PF,6.0,0.0,29,10.666666666666666,12.5,11.22222222222222,0.0,0.0,0.1,54.0,58.8,52.4
133158,44781,Sydney Swans,Western Bulldogs,2016-10-01,2016,GF,10.0,0.0,38,15.333333333333334,14.6,13.0,1.0,0.8,1.3,66.0,65.6,66.5
11161,44415,Sydney Swans,Western Bulldogs,2016-10-01,2016,GF,9.0,0.0,61,16.333333333333332,16.0,13.6,1.6666666666666667,2.2,1.4,88.33333333333333,93.0,74.1
10356,43942,Richmond Tigers,Collingwood Magpies,2017-03-30,2017,2,6.0,0.0,25,8.666666666666666,10.8,10.4,0.0,0.8,0.8,53.0,73.0,66.8
133434,43703,Fremantle Dockers,Port Adelaide Power,2017-04-02,2017,2,3.0,0.0,22,4.666666666666667,5.6,7.9,0.0,0.0,0.0,22.0,22.6,31.0
69857,43630,Geelong Cats,North Melbourne Kangaroos,2017-04-02,2017,2,10.0,0.0,35,13.666666666666666,14.8,15.22222222222222,0.0,0.2,0.3,55.66666666666666,66.6,66.5
379247,43775,Port Adelaide Power,Adelaide Crows,2017-04-08,2017,3,7.0,1.0,35,7.0,7.0,7.0,1.0,1.0,1.0,42.5,42.5,42.5
420017,44274,Richmond Tigers,West Coast Eagles,2017-04-08,2017,3,,0.0,26,11.0,11.2,12.1,0.6666666666666666,0.4,0.3,55.66666666666666,56.2,57.9
618183,46086,Port Adelaide Power,Adelaide Crows,2017-04-08,2017,3,7.0,1.0,35,11.0,11.0,11.0,2.0,2.0,2.0,42.5,42.5,42.5
103960,44646,Carlton Blues,Essendon Bombers,2017-04-09,2017,3,12.0,0.0,42,14.666666666666666,14.2,14.11111111111111,0.0,0.2,1.3,61.66666666666666,56.4,66.8
384498,43854,Brisbane Lions,St Kilda Saints,2017-04-09,2017,3,4.0,0.0,9,7.0,8.8,8.88888888888889,0.0,0.0,0.0,28.666666666666668,40.8,42.1
65612,45224,Collingwood Magpies,St Kilda Saints,2017-04-16,2017,4,6.0,1.0,24,14.666666666666666,14.4,12.9,1.3333333333333333,1.8,1.4,73.66666666666667,82.0,69.9
464714,44836,Geelong Cats,Hawthorn Hawks,2017-04-17,2017,4,9.0,0.0,20,17.0,16.6,16.6,0.0,0.0,0.0,58.0,56.8,61.7
373879,43702,Brisbane Lions,Western Bulldogs,2017-04-22,2017,5,8.0,0.0,30,7.666666666666667,7.8,10.0,1.0,1.0,0.5,42.66666666666666,40.0,41.0
476935,44987,Melbourne Demons,Richmond Tigers,2017-04-24,2017,5,4.0,0.0,28,7.666666666666667,7.4,8.0,1.0,1.0,0.5,44.66666666666666,57.8,66.4
14810,44130,Sydney Swans,Carlton Blues,2017-04-29,2017,6,9.0,0.0,47,13.0,13.4,12.6,0.0,0.6,0.6,52.66666666666666,56.4,53.8
65033,44248,Sydney Swans,Carlton Blues,2017-04-29,2017,6,14.0,0.0,51,12.666666666666666,14.4,13.0,0.3333333333333333,0.2,0.1,60.0,61.2,52.7
120542,44535,Richmond Tigers,Adelaide Crows,2017-04-30,2017,6,8.0,0.0,49,11.333333333333334,11.8,11.3,0.3333333333333333,0.2,0.1,43.333333333333336,47.2,43.6
388120,43890,West Coast Eagles,Port Adelaide Power,2017-05-06,2017,7,4.0,0.0,23,9.0,8.6,9.5,0.0,0.2,0.4,61.66666666666666,64.0,65.7
345991,43329,Fremantle Dockers,Essendon Bombers,2017-05-07,2017,7,5.0,1.0,41,9.0,9.0,9.0,0.6666666666666666,0.6666666666666666,0.6666666666666666,66.33333333333333,66.33333333333333,66.33333333333333
617596,46002,Fremantle Dockers,Essendon Bombers,2017-05-07,2017,7,10.0,1.0,41,14.0,14.0,14.0,1.0,1.0,1.0,66.33333333333333,66.33333333333333,66.33333333333333
382734,43823,Hawthorn Hawks,Brisbane Lions,2017-05-13,2017,8,6.0,0.0,48,6.333333333333333,4.6,4.5,1.0,1.0,0.9,65.66666666666667,54.4,50.7
130710,44476,Adelaide Crows,Melbourne Demons,2017-05-13,2017,8,11.0,0.0,52,9.0,8.75,8.0,1.3333333333333333,0.8,0.6,53.333333333333336,50.6,42.2
54101,43352,Richmond Tigers,Fremantle Dockers,2017-05-14,2017,8,,0.0,46,15.0,12.4,11.6,0.0,0.0,0.0,47.66666666666666,41.6,43.8
467240,44864,Collingwood Magpies,Hawthorn Hawks,2017-05-20,2017,9,12.0,0.0,52,13.333333333333334,14.0,13.1,0.0,0.2,0.1,50.66666666666666,57.0,52.6
618930,46228,West Coast Eagles,Essendon Bombers,2017-05-21,2017,9,6.0,,52,5.666666666666667,5.666666666666667,5.666666666666667,1.0,1.0,1.0,48.66666666666666,48.66666666666666,48.66666666666666
444014,44568,West Coast Eagles,Essendon Bombers,2017-05-21,2017,9,11.0,0.0,52,10.666666666666666,10.666666666666666,10.666666666666666,0.3333333333333333,0.3333333333333333,0.3333333333333333,48.66666666666666,48.66666666666666,48.66666666666666
42126,44122,Fremantle Dockers,Adelaide Crows,2017-05-27,2017,10,12.0,0.0,63,7.0,9.0,10.6,0.0,0.0,0.0,53.333333333333336,54.6,61.7
380579,43793,Richmond Tigers,Essendon Bombers,2017-05-27,2017,10,5.0,1.0,28,7.666666666666667,9.0,8.333333333333334,0.0,0.0,0.1111111111111111,42.66666666666666,43.8,39.77777777777778
496184,45253,Hawthorn Hawks,Port Adelaide Power,2017-06-01,2017,11,5.0,0.0,62,4.0,4.0,4.0,0.0,0.0,0.0,40.0,40.0,40.0
131087,45148,Hawthorn Hawks,Port Adelaide Power,2017-06-01,2017,11,11.0,0.0,64,9.666666666666666,10.0,9.5,0.3333333333333333,0.4,0.8,49.333333333333336,52.8,53.7
619642,46363,Hawthorn Hawks,Port Adelaide Power,2017-06-01,2017,11,10.0,,62,9.0,9.0,9.0,,,,40.0,40.0,40.0
17011,45001,Essendon Bombers,Greater Western Sydney Giants,2017-06-03,2017,11,12.0,0.0,72,16.666666666666668,16.4,21.7,0.0,0.0,0.5,64.33333333333333,66.8,88.5
486412,45107,Port Adelaide Power,Essendon Bombers,2017-06-10,2017,12,14.0,0.0,52,15.666666666666666,16.6,17.2,0.3333333333333333,0.2,0.1,59.0,67.6,64.8
70882,43887,Hawthorn Hawks,Gold Coast Suns,2017-06-10,2017,12,9.0,0.0,18,13.666666666666666,14.6,16.3,0.0,0.0,0.0,59.66666666666666,57.4,58.0
397782,44009,Brisbane Lions,Port Adelaide Power,2017-06-17,2017,13,7.0,0.0,26,13.333333333333334,15.4,12.3,0.0,0.0,0.0,62.0,63.4,51.3
448589,44647,Brisbane Lions,Port Adelaide Power,2017-06-17,2017,13,18.0,0.0,80,15.333333333333334,16.6,15.4,0.0,0.0,0.0,62.66666666666666,66.4,58.9
496171,45251,Gold Coast Suns,Carlton Blues,2017-06-17,2017,13,9.0,0.0,22,11.0,11.0,11.0,0.0,0.0,0.0,44.0,41.0,41.0
494737,45227,Melbourne Demons,Sydney Swans,2017-06-30,2017,15,6.0,0.0,43,9.666666666666666,9.666666666666666,9.666666666666666,0.0,0.0,0.0,55.66666666666666,55.66666666666666,55.66666666666666
109390,43493,West Coast Eagles,Western Bulldogs,2017-07-01,2017,15,5.0,0.0,15,16.333333333333332,14.0,15.77777777777778,0.0,0.0,0.0,57.66666666666666,52.2,61.4
348428,43363,Adelaide Crows,Carlton Blues,2017-07-01,2017,15,11.0,0.0,39,13.5,13.5,13.5,0.5,0.5,0.5,60.0,60.0,60.0
617623,46009,Adelaide Crows,Carlton Blues,2017-07-01,2017,15,11.0,,39,13.5,13.5,13.5,1.0,1.0,1.0,60.0,60.0,60.0
456614,44746,Collingwood Magpies,Hawthorn Hawks,2017-07-02,2017,15,4.0,0.0,36,11.666666666666666,12.0,12.9,0.0,0.0,0.0,51.66666666666666,57.2,65.9
114356,45089,Adelaide Crows,Western Bulldogs,2017-07-07,2017,16,10.0,0.0,29,22.33333333333333,23.0,22.2,0.3333333333333333,0.4,0.2,107.33333333333331,103.8,98.0
394779,43974,Brisbane Lions,Geelong Cats,2017-07-08,2017,16,7.0,0.0,24,6.666666666666667,7.2,7.222222222222222,0.6666666666666666,0.4,0.2,32.666666666666664,32.2,33.7
373519,43696,Gold Coast Suns,Sydney Swans,2017-07-08,2017,16,,0.0,56,10.0,13.0,13.22222222222222,0.6666666666666666,0.8,0.8,53.66666666666666,58.0,62.0
122144,44113,Richmond Tigers,St Kilda Saints,2017-07-08,2017,16,10.0,0.0,33,18.0,18.0,18.5,0.0,0.0,0.1,61.0,65.6,69.4
471161,44908,Carlton Blues,Melbourne Demons,2017-07-09,2017,16,9.0,0.0,31,10.666666666666666,12.0,12.0,0.0,0.0,0.0,36.333333333333336,43.0,43.0
398717,44024,Hawthorn Hawks,Geelong Cats,2017-07-15,2017,17,12.0,0.0,47,11.666666666666666,11.5,11.5,0.0,0.0,0.0,49.333333333333336,50.5,50.5
479031,45017,Hawthorn Hawks,Geelong Cats,2017-07-15,2017,17,6.0,0.0,27,9.333333333333334,10.25,11.4,0.6666666666666666,0.8,0.8333333333333334,46.0,48.0,55.16666666666666
4308,44931,Carlton Blues,Western Bulldogs,2017-07-16,2017,17,7.0,0.0,54,16.0,14.5,14.11111111111111,0.0,0.0,0.0,52.66666666666666,58.8,59.9
480582,45041,Carlton Blues,Western Bulldogs,2017-07-16,2017,17,6.0,0.0,16,7.0,8.0,8.777777777777779,0.6666666666666666,0.6,0.5,34.666666666666664,39.0,42.3
78008,44516,St Kilda Saints,Sydney Swans,2017-07-22,2017,18,21.0,0.0,87,24.0,24.4,24.5,0.6666666666666666,0.4,0.2,97.0,98.4,96.0
77666,44994,Fremantle Dockers,Hawthorn Hawks,2017-07-22,2017,18,11.0,0.0,43,19.33333333333333,18.4,16.9,0.0,0.0,0.0,82.66666666666667,72.8,68.1
122581,44570,Greater Western Sydney Giants,Richmond Tigers,2017-07-23,2017,18,10.0,0.0,28,9.333333333333334,13.2,14.1,0.3333333333333333,0.2,0.1,43.0,54.4,57.9
383237,43838,Sydney Swans,Hawthorn Hawks,2017-07-28,2017,19,9.0,0.0,22,9.666666666666666,10.2,10.2,0.3333333333333333,0.2,0.2,44.0,46.6,46.6
494912,45228,Carlton Blues,Geelong Cats,2017-07-29,2017,19,11.0,0.0,46,12.333333333333334,13.2,12.666666666666666,0.0,0.0,0.0,52.333333333333336,54.4,57.0
88475,45226,Port Adelaide Power,St Kilda Saints,2017-07-29,2017,19,9.0,0.0,41,11.666666666666666,14.6,13.5,0.3333333333333333,0.4,0.7,41.66666666666666,60.6,61.7
408832,44140,Brisbane Lions,West Coast Eagles,2017-07-30,2017,19,11.0,0.0,50,12.0,14.2,14.428571428571429,0.6666666666666666,0.6,0.5714285714285714,53.0,55.2,57.85714285714285
59733,43926,Gold Coast Suns,Fremantle Dockers,2017-08-05,2017,20,16.0,0.0,60,13.0,14.0,12.7,0.3333333333333333,0.4,0.9,57.0,54.0,55.2
619635,46360,North Melbourne Kangaroos,Collingwood Magpies,2017-08-05,2017,20,12.0,,49,14.0,14.0,14.0,1.0,1.0,1.0,65.0,65.0,65.0
495734,45244,North Melbourne Kangaroos,Collingwood Magpies,2017-08-05,2017,20,12.0,0.0,49,14.0,14.0,14.0,1.0,1.0,1.0,65.0,65.0,65.0
24908,44962,Western Bulldogs,Brisbane Lions,2017-08-05,2017,20,11.0,1.0,54,10.666666666666666,11.4,13.6,0.6666666666666666,1.2,1.4,56.0,57.2,76.2
413267,44198,West Coast Eagles,St Kilda Saints,2017-08-06,2017,20,10.0,1.0,30,11.666666666666666,12.2,11.5,1.0,1.0,0.8333333333333334,59.66666666666666,57.2,54.0
7693,44515,Port Adelaide Power,Adelaide Crows,2017-08-06,2017,20,8.0,0.0,22,12.666666666666666,12.4,12.5,2.0,1.4,1.1,64.66666666666667,62.4,59.4
10480,44099,Essendon Bombers,Adelaide Crows,2017-08-12,2017,21,9.0,0.0,56,14.666666666666666,14.5,15.666666666666666,0.3333333333333333,0.2,0.2,58.0,56.4,61.6
370851,43662,Gold Coast Suns,Brisbane Lions,2017-08-12,2017,21,11.0,1.0,73,12.0,10.6,8.333333333333334,0.6666666666666666,0.4,0.5555555555555556,83.33333333333333,75.6,65.66666666666667
70445,44050,West Coast Eagles,Greater Western Sydney Giants,2017-08-19,2017,22,6.0,0.0,31,12.0,11.4,11.7,1.3333333333333333,1.2,1.5,59.333333333333336,54.6,60.1
129572,43580,Western Bulldogs,Port Adelaide Power,2017-08-19,2017,22,10.0,2.0,56,13.0,11.6,12.1,1.0,0.8,1.1,71.33333333333333,65.0,65.0
27036,43393,Essendon Bombers,Gold Coast Suns,2017-08-19,2017,22,23.0,0.0,80,19.666666666666668,20.6,20.5,0.0,0.2,0.1,77.0,78.8,84.0
446546,44601,North Melbourne Kangaroos,St Kilda Saints,2017-08-20,2017,22,0.0,0.0,0,8.666666666666666,9.2,10.166666666666666,0.0,0.0,0.0,37.66666666666666,37.8,39.66666666666666
618946,46233,North Melbourne Kangaroos,St Kilda Saints,2017-08-20,2017,22,,,0,8.666666666666666,9.2,10.166666666666666,,,,37.66666666666666,37.8,39.66666666666666
79708,44699,Western Bulldogs,Hawthorn Hawks,2017-08-25,2017,23,16.0,3.0,86,16.333333333333332,16.2,16.9,1.0,1.8,1.4,61.0,73.6,69.8
578083,45767,Western Bulldogs,Hawthorn Hawks,2017-08-25,2017,23,15.0,1.0,63,16.0,16.8,19.0,1.0,1.0,1.0,70.66666666666667,67.4,75.3
88906,43428,Western Bulldogs,Hawthorn Hawks,2017-08-25,2017,23,33.0,1.0,133,21.666666666666668,22.2,22.4,0.0,0.0,0.2,78.33333333333333,77.2,80.3
474864,44956,Carlton Blues,Sydney Swans,2017-08-26,2017,23,8.0,0.0,43,7.0,7.2,11.4,0.0,0.0,0.2,44.66666666666666,37.8,48.1
394340,43964,Gold Coast Suns,Port Adelaide Power,2017-08-26,2017,23,17.0,0.0,67,23.33333333333333,21.4,18.4,0.3333333333333333,0.4,0.4,81.66666666666667,74.8,67.9
36830,43301,Carlton Blues,Sydney Swans,2017-08-26,2017,23,15.0,0.0,63,11.333333333333334,10.0,12.0,0.3333333333333333,0.8,0.7,60.66666666666666,50.2,56.1
352541,43409,Carlton Blues,Sydney Swans,2017-08-26,2017,23,19.0,3.0,92,18.0,17.25,15.88888888888889,0.6666666666666666,0.6,0.6,79.66666666666667,69.6,64.4
76763,43986,North Melbourne Kangaroos,Brisbane Lions,2017-08-26,2017,23,18.0,0.0,72,12.666666666666666,11.8,13.22222222222222,1.0,0.8,0.5,65.33333333333333,58.4,62.7
364502,43582,Brisbane Lions,North Melbourne Kangaroos,2017-08-26,2017,23,11.0,1.0,60,8.666666666666666,8.4,8.7,0.6666666666666666,0.4,1.1,48.66666666666666,45.6,52.2
348242,43357,Brisbane Lions,North Melbourne Kangaroos,2017-08-26,2017,23,17.0,1.0,73,11.0,11.0,13.3,0.3333333333333333,0.2,0.3,45.66666666666666,42.2,54.8
7004,45046,North Melbourne Kangaroos,Brisbane Lions,2017-08-26,2017,23,22.0,0.0,71,19.33333333333333,21.0,21.0,0.0,0.4,0.3,87.33333333333333,85.8,86.1
618594,46169,Collingwood Magpies,Melbourne Demons,2017-08-26,2017,23,4.0,,35,,,,,,,,,
75058,45102,Sydney Swans,Carlton Blues,2017-08-26,2017,23,,1.0,41,11.666666666666666,11.8,9.8,1.0,0.8,0.8,79.0,78.0,63.5
416424,44229,Collingwood Magpies,Melbourne Demons,2017-08-26,2017,23,4.0,0.0,35,,,,,,,,,
99207,45037,Fremantle Dockers,Essendon Bombers,2017-08-27,2017,23,12.0,0.0,70,12.333333333333334,12.2,14.7,0.0,0.2,0.3,62.333333333333336,61.0,64.0
98710,44786,St Kilda Saints,Richmond Tigers,2017-08-27,2017,23,15.0,1.0,75,12.666666666666666,13.8,15.7,1.3333333333333333,1.6,1.5,67.33333333333333,77.4,80.8
67959,43941,Fremantle Dockers,Essendon Bombers,2017-08-27,2017,23,8.0,2.0,85,11.0,9.4,8.88888888888889,0.3333333333333333,0.4,0.3,85.33333333333333,76.0,68.5
46653,44065,Essendon Bombers,Fremantle Dockers,2017-08-27,2017,23,9.0,2.0,49,21.5,18.75,17.22222222222222,1.0,0.6,0.4,77.0,68.6,69.4
57149,44206,Essendon Bombers,Sydney Swans,2017-09-09,2017,EF,17.0,0.0,74,22.0,18.6,20.2,0.0,0.0,0.0,90.0,76.4,81.8
66363,45191,Essendon Bombers,Sydney Swans,2017-09-09,2017,EF,20.0,0.0,69,17.666666666666668,20.0,22.6,0.3333333333333333,0.2,0.2,58.333333333333336,66.2,85.1
82608,44656,West Coast Eagles,Port Adelaide Power,2017-09-09,2017,EF,11.0,0.0,41,10.0,12.0,12.0,0.6666666666666666,0.6,0.6,41.0,45.6,45.6
619107,46249,West Coast Eagles,Port Adelaide Power,2017-09-09,2017,EF,11.0,,41,10.0,12.0,12.0,1.0,1.0,1.0,41.0,45.6,45.6
41493,44339,West Coast Eagles,Greater Western Sydney Giants,2017-09-16,2017,SF,14.0,0.0,47,12.0,12.8,12.1,0.0,0.0,0.0,56.333333333333336,54.8,52.8
116810,45211,West Coast Eagles,Greater Western Sydney Giants,2017-09-16,2017,SF,14.0,0.0,57,12.666666666666666,13.0,16.6,0.0,0.0,0.0,38.0,39.0,60.9
88115,44733,West Coast Eagles,Greater Western Sydney Giants,2017-09-16,2017,SF,25.0,0.0,102,22.666666666666668,18.2,17.4,1.0,0.6,0.4,115.66666666666669,99.8,92.9
111475,44508,West Coast Eagles,Greater Western Sydney Giants,2017-09-16,2017,SF,28.0,2.0,110,27.666666666666668,26.0,26.11111111111111,0.0,0.0,0.1,91.33333333333331,87.4,82.8
38686,44684,West Coast Eagles,Greater Western Sydney Giants,2017-09-16,2017,SF,7.0,1.0,60,11.333333333333334,11.0,12.3,1.3333333333333333,0.8,0.7,84.66666666666667,76.6,77.4
126676,44303,Geelong Cats,Adelaide Crows,2017-09-22,2017,PF,10.0,0.0,35,14.666666666666666,15.4,15.0,0.0,0.0,0.0,60.0,61.4,60.3
6449,44340,Geelong Cats,Adelaide Crows,2017-09-22,2017,PF,19.0,0.0,71,19.33333333333333,19.4,21.0,0.0,0.2,0.1,77.66666666666667,77.0,80.4
120095,44161,Greater Western Sydney Giants,Richmond Tigers,2017-09-23,2017,PF,10.0,0.0,43,6.333333333333333,7.2,8.9,2.0,1.6,1.3,58.333333333333336,60.6,68.5
124413,43371,Brisbane Lions,St Kilda Saints,2018-03-24,2018,1,16.0,1.0,41,15.666666666666666,15.4,13.7,0.6666666666666666,0.6,0.7,61.0,62.4,59.1
429568,44384,Melbourne Demons,Geelong Cats,2018-03-25,2018,1,15.0,0.0,62,18.0,18.0,18.0,1.0,1.0,1.0,78.0,78.0,78.0
478653,45012,St Kilda Saints,North Melbourne Kangaroos,2018-03-30,2018,2,19.0,0.0,98,23.666666666666668,20.8,21.2,0.0,0.0,0.3,81.33333333333333,72.8,80.6
350099,43385,Brisbane Lions,Richmond Tigers,2018-04-14,2018,4,20.0,0.0,79,14.666666666666666,14.4,15.2,0.3333333333333333,0.8,0.7,59.0,61.0,63.9
50956,44759,Western Bulldogs,Sydney Swans,2018-04-14,2018,4,4.0,1.0,51,4.333333333333333,5.4,6.0,1.3333333333333333,1.0,1.5,54.333333333333336,55.6,63.8
357781,43481,Melbourne Demons,Hawthorn Hawks,2018-04-15,2018,4,19.0,0.0,85,11.666666666666666,12.0,13.3,1.3333333333333333,1.4,1.1,59.66666666666666,61.8,62.2
27225,44789,Hawthorn Hawks,Melbourne Demons,2018-04-15,2018,4,6.0,0.0,27,11.0,12.0,12.0,0.6666666666666666,0.6,0.7,42.66666666666666,46.8,54.5
437402,44480,Essendon Bombers,Melbourne Demons,2018-04-29,2018,6,8.0,0.0,20,15.666666666666666,16.4,16.8,0.3333333333333333,0.4,0.4,67.66666666666667,66.2,63.6
617611,46005,Port Adelaide Power,West Coast Eagles,2018-05-05,2018,7,14.0,,47,12.666666666666666,13.4,10.88888888888889,,,,49.66666666666666,48.2,40.0
347255,43348,Port Adelaide Power,West Coast Eagles,2018-05-05,2018,7,14.0,0.0,47,12.666666666666666,13.4,10.88888888888889,0.0,0.0,0.0,49.66666666666666,48.2,40.0
60974,43398,Collingwood Magpies,Brisbane Lions,2018-05-06,2018,7,,0.0,64,12.333333333333334,13.0,12.4,0.6666666666666666,1.4,1.0,50.333333333333336,60.4,55.4
88322,44818,Gold Coast Suns,Port Adelaide Power,2018-05-19,2018,9,8.0,1.0,30,20.666666666666668,22.4,22.4,0.0,0.0,0.1,70.33333333333333,76.4,78.6
121003,43638,Geelong Cats,Carlton Blues,2018-05-26,2018,10,9.0,1.0,43,12.333333333333334,12.2,13.0,1.3333333333333333,1.0,1.5,62.333333333333336,61.6,64.1
357408,43476,Greater Western Sydney Giants,Essendon Bombers,2018-05-26,2018,10,8.0,2.0,31,12.0,12.4,13.1,0.3333333333333333,1.0,0.8,46.0,53.6,58.2
440004,44511,Greater Western Sydney Giants,Essendon Bombers,2018-05-26,2018,10,,0.0,41,7.333333333333333,8.2,10.9,0.0,0.0,0.0,31.666666666666668,34.0,47.5
32398,44668,Fremantle Dockers,North Melbourne Kangaroos,2018-05-27,2018,10,8.0,0.0,60,10.333333333333334,9.6,13.4,0.3333333333333333,0.2,0.5,62.66666666666666,59.8,74.0
57,43397,Geelong Cats,North Melbourne Kangaroos,2018-06-09,2018,12,6.0,0.0,30,16.333333333333332,15.2,12.5,0.3333333333333333,0.6,0.6,74.66666666666667,70.6,57.3
492475,45198,Western Bulldogs,Port Adelaide Power,2018-06-14,2018,13,10.0,0.0,42,12.666666666666666,10.8,11.7,0.3333333333333333,0.2,0.6,50.0,44.6,51.4
618584,46167,Carlton Blues,Fremantle Dockers,2018-06-16,2018,13,10.0,,49,9.0,9.0,9.0,1.0,1.0,1.0,44.333333333333336,44.333333333333336,44.333333333333336
110414,43886,Adelaide Crows,Hawthorn Hawks,2018-06-16,2018,13,23.0,0.0,78,23.33333333333333,22.2,23.6,0.6666666666666666,0.4,0.4,90.66666666666669,87.0,89.3
415892,44222,Carlton Blues,Fremantle Dockers,2018-06-16,2018,13,10.0,0.0,49,9.0,9.0,9.0,0.6666666666666666,0.6666666666666666,0.6666666666666666,44.333333333333336,44.333333333333336,44.333333333333336
391420,43937,Geelong Cats,Richmond Tigers,2018-06-17,2018,13,8.0,0.0,19,8.0,8.8,9.8,0.0,0.4,0.3,46.333333333333336,48.2,48.4
391321,43935,Essendon Bombers,West Coast Eagles,2018-06-21,2018,14,4.0,0.0,18,8.666666666666666,10.4,11.4,0.6666666666666666,1.2,1.2,38.333333333333336,49.6,54.0
12457,44006,North Melbourne Kangaroos,Western Bulldogs,2018-06-23,2018,14,7.0,0.0,21,15.666666666666666,15.4,17.3,0.3333333333333333,0.2,0.5,60.333333333333336,59.2,66.5
433449,44432,West Coast Eagles,Adelaide Crows,2018-06-30,2018,15,6.0,1.0,50,11.0,10.5,11.22222222222222,0.0,0.0,0.5,48.0,47.2,52.7
131959,44258,Hawthorn Hawks,Greater Western Sydney Giants,2018-06-30,2018,15,5.0,0.0,17,12.666666666666666,12.4,14.2,0.0,0.0,0.1,48.333333333333336,46.4,54.1
36685,45108,Sydney Swans,Geelong Cats,2018-07-05,2018,16,8.0,0.0,30,11.666666666666666,12.6,13.0,0.6666666666666666,0.6,0.8,45.0,50.6,60.7
395020,43976,Adelaide Crows,Richmond Tigers,2018-07-06,2018,16,2.0,0.0,17,10.666666666666666,12.2,14.1,0.6666666666666666,0.4,0.4,56.66666666666666,53.4,63.1
498223,45284,St Kilda Saints,Port Adelaide Power,2018-07-07,2018,16,9.0,0.0,20,10.0,9.0,9.0,0.6666666666666666,0.8,0.7,46.66666666666666,41.4,44.4
344101,43297,Fremantle Dockers,Melbourne Demons,2018-07-07,2018,16,5.0,0.0,40,11.0,11.0,8.5,0.6666666666666666,0.8,0.6,66.66666666666667,65.4,47.3
10738,44133,North Melbourne Kangaroos,Gold Coast Suns,2018-07-08,2018,16,26.0,1.0,95,24.0,20.2,19.8,1.0,0.6,0.3,83.66666666666667,77.0,76.9
358960,43497,Geelong Cats,Adelaide Crows,2018-07-12,2018,17,,0.0,45,6.333333333333333,8.0,8.125,0.6666666666666666,0.6,0.75,35.0,42.0,45.0
115596,43389,Western Bulldogs,Melbourne Demons,2018-07-14,2018,17,15.0,0.0,62,11.666666666666666,13.2,17.666666666666668,0.3333333333333333,0.2,0.1,53.333333333333336,56.0,74.2
422847,44306,Essendon Bombers,Gold Coast Suns,2018-07-14,2018,17,10.0,1.0,58,12.333333333333334,12.5,12.5,0.0,0.0,0.0,50.333333333333336,52.0,52.0
618870,46221,North Melbourne Kangaroos,Collingwood Magpies,2018-07-21,2018,18,6.0,,20,18.0,18.0,18.0,,,,79.0,79.0,79.0
44564,44369,Sydney Swans,Gold Coast Suns,2018-07-21,2018,18,10.0,0.0,68,9.0,8.8,8.8,0.0,0.0,0.0,51.333333333333336,47.4,49.8
441265,44527,North Melbourne Kangaroos,Collingwood Magpies,2018-07-21,2018,18,6.0,0.0,20,18.0,18.0,18.0,0.0,0.0,0.0,79.0,79.0,79.0
470749,44904,Carlton Blues,Hawthorn Hawks,2018-07-22,2018,18,21.0,0.0,76,14.0,14.2,17.4,0.3333333333333333,0.2,0.2,51.333333333333336,53.6,64.3
80806,45082,Port Adelaide Power,Greater Western Sydney Giants,2018-07-22,2018,18,8.0,0.0,33,12.5,12.5,12.444444444444445,0.3333333333333333,0.6,0.7,66.33333333333333,64.4,59.4
487182,45114,Port Adelaide Power,Greater Western Sydney Giants,2018-07-22,2018,18,10.0,0.0,44,16.666666666666668,17.0,17.8,0.0,0.0,0.1,69.0,66.8,70.8
124764,43429,Western Bulldogs,West Coast Eagles,2018-07-22,2018,18,11.0,0.0,44,13.333333333333334,10.6,11.5,0.3333333333333333,0.2,0.4,71.33333333333333,60.6,66.2
347237,43347,Brisbane Lions,Geelong Cats,2018-07-28,2018,19,13.0,1.0,47,13.0,13.6,14.0,1.0,0.6,0.9,56.66666666666666,54.4,59.0
93507,44075,Western Bulldogs,Port Adelaide Power,2018-07-29,2018,19,,0.0,45,13.333333333333334,13.0,15.0,0.0,0.2,0.2,59.66666666666666,64.0,67.5
447942,44635,Hawthorn Hawks,Fremantle Dockers,2018-07-29,2018,19,20.0,0.0,75,15.333333333333334,15.2,15.3,0.0,0.2,0.4,52.333333333333336,55.0,55.9
370051,43655,Geelong Cats,Richmond Tigers,2018-08-03,2018,20,16.0,0.0,53,16.333333333333332,18.8,18.4,0.0,0.2,0.2,67.66666666666667,73.8,71.0
15273,45221,Hawthorn Hawks,Essendon Bombers,2018-08-04,2018,20,9.0,1.0,44,14.0,13.5,13.666666666666666,0.3333333333333333,0.4,0.2,64.33333333333333,65.4,61.9
12130,45149,Melbourne Demons,Gold Coast Suns,2018-08-05,2018,20,6.0,0.0,52,11.0,10.0,11.0,0.0,0.0,0.0,49.0,45.6,55.5
422426,44302,Gold Coast Suns,Melbourne Demons,2018-08-05,2018,20,13.0,0.0,62,17.333333333333332,15.8,17.6,0.3333333333333333,0.2,0.2,75.33333333333333,60.4,66.1
21396,44638,Carlton Blues,Greater Western Sydney Giants,2018-08-05,2018,20,5.0,0.0,29,12.333333333333334,11.4,12.333333333333334,0.0,0.0,0.0,53.333333333333336,47.4,52.0
476943,44990,Gold Coast Suns,Melbourne Demons,2018-08-05,2018,20,11.0,0.0,33,7.5,10.5,11.833333333333334,0.0,0.0,0.0,47.0,51.4,51.85714285714285
384370,43852,St Kilda Saints,Essendon Bombers,2018-08-10,2018,21,14.0,1.0,68,19.0,19.0,19.0,0.0,0.0,0.0,57.0,57.0,57.0
618279,46104,St Kilda Saints,Essendon Bombers,2018-08-10,2018,21,14.0,1.0,68,19.0,19.0,19.0,,,,57.0,57.0,57.0
618926,46227,Collingwood Magpies,Brisbane Lions,2018-08-11,2018,21,21.0,,67,20.33333333333333,20.6,21.1,,,,67.0,69.4,77.0
443969,44565,Collingwood Magpies,Brisbane Lions,2018-08-11,2018,21,21.0,0.0,67,20.33333333333333,21.0,21.125,0.0,0.0,0.0,67.0,69.4,77.0
389963,43922,Carlton Blues,Fremantle Dockers,2018-08-12,2018,21,18.0,0.0,69,15.0,16.4,16.5,0.0,0.0,0.1,52.333333333333336,58.4,63.8
450803,44671,Melbourne Demons,Sydney Swans,2018-08-12,2018,21,10.0,1.0,53,10.0,13.0,13.77777777777778,0.6666666666666666,1.2,0.9,50.333333333333336,61.4,66.0
98994,44973,Sydney Swans,Melbourne Demons,2018-08-12,2018,21,2.0,0.0,8,11.333333333333334,11.2,13.4,0.0,0.0,0.0,56.66666666666666,58.2,58.8
453206,44701,Carlton Blues,Fremantle Dockers,2018-08-12,2018,21,8.0,0.0,47,9.0,8.6,9.444444444444445,0.0,0.2,0.6,42.333333333333336,40.0,43.0
3633,44152,Sydney Swans,Melbourne Demons,2018-08-12,2018,21,4.0,0.0,16,13.666666666666666,13.8,12.7,0.0,0.0,0.0,65.66666666666667,63.0,55.7
374480,43710,Essendon Bombers,Richmond Tigers,2018-08-17,2018,22,16.0,0.0,71,12.0,13.75,13.555555555555555,0.0,0.0,0.0,53.0,57.6,56.0
74880,43548,Adelaide Crows,North Melbourne Kangaroos,2018-08-19,2018,22,9.0,0.0,38,15.5,17.0,13.555555555555555,0.0,0.0,0.0,59.333333333333336,66.0,56.2
420346,44277,Essendon Bombers,Port Adelaide Power,2018-08-24,2018,23,3.0,0.0,48,13.666666666666666,12.4,12.8,0.3333333333333333,0.2,0.2,82.33333333333333,75.8,77.1
15607,43903,Essendon Bombers,Port Adelaide Power,2018-08-24,2018,23,27.0,0.0,116,12.5,17.5,20.33333333333333,0.0,0.0,0.0,47.66666666666666,54.2,67.7
55289,44582,Port Adelaide Power,Essendon Bombers,2018-08-24,2018,23,8.0,0.0,26,11.0,9.5,12.666666666666666,0.0,0.0,0.6,47.0,43.6,57.6
91932,44159,Fremantle Dockers,Collingwood Magpies,2018-08-25,2018,23,15.0,0.0,65,11.333333333333334,12.8,14.3,0.0,0.6,0.3,43.333333333333336,57.8,63.1
415877,44220,Carlton Blues,Adelaide Crows,2018-08-25,2018,23,22.0,1.0,79,25.33333333333333,21.8,20.5,0.3333333333333333,0.2,0.3,98.33333333333331,85.2,83.7
368906,43644,Gold Coast Suns,Geelong Cats,2018-08-25,2018,23,12.0,1.0,51,9.666666666666666,9.0,9.11111111111111,0.3333333333333333,0.4,0.4444444444444444,46.66666666666666,43.6,46.333333333333336
420065,44275,Gold Coast Suns,Geelong Cats,2018-08-25,2018,23,2.0,0.0,4,6.0,7.8,8.3,0.3333333333333333,0.2,0.1,27.33333333333333,37.2,37.1
448430,44643,Collingwood Magpies,Fremantle Dockers,2018-08-25,2018,23,11.0,0.0,42,11.666666666666666,11.0,14.0,0.3333333333333333,0.6,0.3,53.0,49.6,60.1
424112,44326,Western Bulldogs,Richmond Tigers,2018-08-25,2018,23,10.0,2.0,76,8.333333333333334,8.6,9.833333333333334,0.0,0.0,0.0,29.666666666666668,29.4,40.375
418629,44252,Carlton Blues,Adelaide Crows,2018-08-25,2018,23,12.0,0.0,53,13.0,12.0,11.5,0.0,0.2,0.2,68.0,65.0,62.0
438311,44492,Hawthorn Hawks,Sydney Swans,2018-08-25,2018,23,8.0,0.0,45,18.0,18.6,15.5,0.0,0.4,0.5,64.66666666666667,71.6,62.0
442552,44548,Carlton Blues,Adelaide Crows,2018-08-25,2018,23,18.0,1.0,69,12.333333333333334,13.4,13.3,0.3333333333333333,0.2,0.1,51.66666666666666,56.2,57.2
90733,43344,Gold Coast Suns,Geelong Cats,2018-08-25,2018,23,35.0,0.0,130,20.0,22.8,25.77777777777778,0.6666666666666666,0.6,0.9,76.0,90.0,95.8
618047,46061,Gold Coast Suns,Geelong Cats,2018-08-25,2018,23,12.0,1.0,51,9.666666666666666,9.5,9.375,1.0,1.0,1.0,46.66666666666666,43.6,46.333333333333336
416030,44223,Fremantle Dockers,Collingwood Magpies,2018-08-25,2018,23,12.0,0.0,63,14.333333333333334,14.2,13.4,0.3333333333333333,0.4,0.2,62.66666666666666,64.6,55.0
90023,45283,Carlton Blues,Adelaide Crows,2018-08-25,2018,23,13.0,0.0,48,12.0,13.6,12.4,1.6666666666666667,1.4,1.0,60.66666666666666,67.0,60.9
391502,43939,Fremantle Dockers,Collingwood Magpies,2018-08-25,2018,23,15.0,0.0,59,10.333333333333334,9.0,8.8,0.3333333333333333,0.6,0.5,42.66666666666666,35.4,38.8
618730,46190,Western Bulldogs,Richmond Tigers,2018-08-25,2018,23,10.0,2.0,76,8.333333333333334,8.6,12.5,,,,29.666666666666668,29.4,40.375
359369,43501,Carlton Blues,Adelaide Crows,2018-08-25,2018,23,21.0,0.0,82,18.0,16.2,14.88888888888889,0.0,0.0,0.0,68.0,62.2,56.3
110622,43889,St Kilda Saints,North Melbourne Kangaroos,2018-08-26,2018,23,21.0,1.0,102,12.0,11.2,13.7,0.0,0.0,0.1,52.0,40.6,54.9
619251,46270,St Kilda Saints,North Melbourne Kangaroos,2018-08-26,2018,23,12.0,,48,10.666666666666666,11.8,13.9,,,,38.0,42.4,52.9
458828,44774,St Kilda Saints,North Melbourne Kangaroos,2018-08-26,2018,23,12.0,0.0,48,10.666666666666666,11.8,14.375,0.0,0.0,0.0,38.0,42.4,52.9
345220,43316,St Kilda Saints,North Melbourne Kangaroos,2018-08-26,2018,23,13.0,0.0,79,11.666666666666666,14.4,9.3,0.0,0.0,0.0,61.66666666666666,76.2,58.6
59977,45157,North Melbourne Kangaroos,St Kilda Saints,2018-08-26,2018,23,16.0,3.0,85,14.333333333333334,16.8,14.9,2.333333333333333,2.8,2.8,81.33333333333333,92.4,82.4
28276,44806,Sydney Swans,Greater Western Sydney Giants,2018-09-08,2018,EF,14.0,0.0,70,11.0,11.6,11.7,0.0,0.2,0.1,44.0,46.4,45.4
109224,44873,Hawthorn Hawks,Melbourne Demons,2018-09-14,2018,SF,6.0,2.0,36,8.333333333333334,9.2,9.4,0.6666666666666666,0.8,0.8,36.0,45.6,45.5
108518,43940,Greater Western Sydney Giants,Collingwood Magpies,2018-09-15,2018,SF,3.0,1.0,42,7.333333333333333,9.6,10.9,0.6666666666666666,0.6,0.9,51.66666666666666,55.6,61.5
117665,43944,Richmond Tigers,Collingwood Magpies,2018-09-21,2018,PF,15.0,0.0,59,22.33333333333333,21.6,21.5,0.0,0.0,0.1,78.33333333333333,80.2,81.1
131279,43907,Collingwood Magpies,West Coast Eagles,2018-09-29,2018,GF,9.0,0.0,32,7.0,9.2,11.2,0.0,0.0,0.0,29.33333333333333,42.0,47.6
85190,44266,West Coast Eagles,Collingwood Magpies,2018-09-29,2018,GF,10.0,0.0,54,14.0,15.4,14.11111111111111,1.0,1.0,1.1,64.66666666666667,69.4,66.2
4248,44748,Richmond Tigers,Carlton Blues,2019-03-21,2019,1,6.0,0.0,24,15.0,15.6,14.8,0.0,0.0,0.0,57.66666666666666,57.0,54.3
46527,43951,Sydney Swans,Western Bulldogs,2019-03-23,2019,1,11.0,0.0,48,11.5,12.75,15.88888888888889,0.3333333333333333,0.2,0.1,59.66666666666666,57.8,63.3
453408,44703,St Kilda Saints,Gold Coast Suns,2019-03-24,2019,1,,0.0,47,11.333333333333334,10.0,10.0,0.0,0.25,0.25,55.66666666666666,49.75,49.75
493388,45209,Richmond Tigers,Collingwood Magpies,2019-03-28,2019,2,16.0,0.0,49,11.666666666666666,13.6,13.6,0.6666666666666666,0.6,0.5,53.0,63.8,58.5
385837,43870,Carlton Blues,Port Adelaide Power,2019-03-30,2019,2,13.0,0.0,45,13.333333333333334,12.6,10.4,0.0,0.0,0.3,55.0,51.2,52.8
492425,45196,Port Adelaide Power,Carlton Blues,2019-03-30,2019,2,19.0,0.0,67,17.333333333333332,15.6,14.9,0.3333333333333333,0.2,0.5,64.66666666666667,60.0,61.9
416763,44234,Melbourne Demons,Essendon Bombers,2019-04-05,2019,3,12.0,1.0,56,11.666666666666666,13.0,15.3,0.0,0.0,0.0,52.66666666666666,54.4,64.1
107675,43351,Brisbane Lions,Port Adelaide Power,2019-04-06,2019,3,9.0,0.0,43,12.0,13.2,17.1,0.6666666666666666,0.4,0.7,59.66666666666666,55.6,72.1
89525,44293,Carlton Blues,Gold Coast Suns,2019-04-14,2019,4,8.0,0.0,58,9.333333333333334,9.4,8.6,0.0,0.2,0.1,77.33333333333333,82.2,76.5
34617,44505,Hawthorn Hawks,Geelong Cats,2019-04-22,2019,5,14.0,0.0,65,18.666666666666668,16.4,17.1,0.0,0.0,0.0,78.0,68.6,68.2
422678,44304,St Kilda Saints,Adelaide Crows,2019-04-27,2019,6,5.0,0.0,78,3.0,1.4,3.3,0.0,0.0,0.1,56.333333333333336,45.0,66.3
409986,44153,Port Adelaide Power,Adelaide Crows,2019-05-11,2019,8,12.0,0.0,52,6.0,7.5,8.555555555555555,1.0,1.2,0.8,28.0,37.8,42.3
413716,44205,Melbourne Demons,Gold Coast Suns,2019-05-11,2019,8,9.0,0.0,46,,,,0.0,0.0,0.0,30.0,30.0,30.0
618575,46165,Melbourne Demons,Gold Coast Suns,2019-05-11,2019,8,,,46,6.0,6.0,6.0,,,,30.0,30.0,30.0
112767,45286,North Melbourne Kangaroos,Geelong Cats,2019-05-12,2019,8,17.0,0.0,62,18.33333333333333,20.4,18.9,0.0,0.0,0.0,53.0,67.6,64.0
31479,45145,West Coast Eagles,Melbourne Demons,2019-05-17,2019,9,2.0,0.0,9,10.666666666666666,10.8,10.5,0.3333333333333333,0.4,0.6,53.66666666666666,50.2,48.8
125961,44255,Collingwood Magpies,St Kilda Saints,2019-05-18,2019,9,11.0,0.0,41,18.666666666666668,19.0,19.444444444444443,0.0,0.0,0.0,63.66666666666666,64.0,73.4
42177,44803,Western Bulldogs,Geelong Cats,2019-05-18,2019,9,9.0,0.0,36,10.333333333333334,9.0,9.6,0.0,0.0,0.0,37.66666666666666,33.4,35.6
345106,43313,Port Adelaide Power,Gold Coast Suns,2019-05-19,2019,9,19.0,0.0,58,12.333333333333334,12.333333333333334,12.333333333333334,0.0,0.0,0.0,44.66666666666666,44.66666666666666,44.66666666666666
426213,44345,Carlton Blues,Greater Western Sydney Giants,2019-05-19,2019,9,2.0,0.0,8,7.333333333333333,7.8,7.625,0.0,0.0,0.0,26.666666666666668,30.6,34.625
31937,45212,Collingwood Magpies,Sydney Swans,2019-05-24,2019,10,11.0,3.0,67,12.333333333333334,11.0,14.9,0.6666666666666666,0.6,1.0,50.333333333333336,50.2,65.4
35787,43358,Collingwood Magpies,Fremantle Dockers,2019-06-01,2019,11,15.0,1.0,57,24.0,25.2,28.1,0.3333333333333333,0.4,0.7,81.66666666666667,88.0,99.6
467630,44872,Gold Coast Suns,Greater Western Sydney Giants,2019-06-01,2019,11,10.0,0.0,31,10.333333333333334,13.6,12.555555555555555,0.3333333333333333,0.4,0.5,45.66666666666666,54.8,53.5
3586,43809,Carlton Blues,Essendon Bombers,2019-06-02,2019,11,6.0,0.0,22,5.333333333333333,7.8,11.8,0.6666666666666666,0.6,1.3,30.0,34.0,60.3
619674,46372,St Kilda Saints,Port Adelaide Power,2019-06-02,2019,11,7.0,,38,6.5,6.5,6.5,2.0,2.0,2.0,36.5,36.5,36.5
499320,45299,St Kilda Saints,Port Adelaide Power,2019-06-02,2019,11,7.0,0.0,38,6.5,6.5,6.5,1.0,1.0,1.0,36.5,36.5,36.5
475904,44970,West Coast Eagles,Sydney Swans,2019-06-09,2019,12,10.0,0.0,32,14.0,13.2,18.1,0.3333333333333333,0.2,0.3,65.0,54.4,74.7
64288,43872,Melbourne Demons,Collingwood Magpies,2019-06-10,2019,12,8.0,1.0,52,10.333333333333334,9.8,11.555555555555555,2.333333333333333,1.6,1.4,63.0,55.6,57.8
494415,45222,St Kilda Saints,Gold Coast Suns,2019-06-15,2019,13,10.0,0.0,56,11.666666666666666,12.4,12.6,0.0,0.0,0.1,44.66666666666666,50.6,49.2
33569,43302,St Kilda Saints,Brisbane Lions,2019-06-22,2019,14,16.0,0.0,64,14.333333333333334,17.4,21.5,0.0,0.0,0.5,65.66666666666667,72.6,84.7
343146,43282,Brisbane Lions,St Kilda Saints,2019-06-22,2019,14,13.0,0.0,40,11.666666666666666,13.4,15.444444444444445,0.3333333333333333,0.2,0.2222222222222222,45.0,50.2,60.11111111111112
385328,43862,Adelaide Crows,Port Adelaide Power,2019-07-06,2019,16,-1.0,0.0,20,9.333333333333334,9.0,8.5,0.3333333333333333,0.4,0.7,65.66666666666667,64.0,60.9
467373,44867,Gold Coast Suns,Adelaide Crows,2019-07-13,2019,17,12.0,0.0,56,9.666666666666666,9.2,10.6,0.6666666666666666,0.4,0.2,45.66666666666666,49.6,50.7
496312,45260,Adelaide Crows,Carlton Blues,2019-07-27,2019,19,15.0,0.0,59,12.0,12.0,12.0,0.0,0.0,0.0,51.0,51.0,51.0
476319,44977,Melbourne Demons,St Kilda Saints,2019-07-27,2019,19,11.0,1.0,48,11.0,10.8,11.4,1.3333333333333333,1.0,0.9,60.333333333333336,59.2,63.9
491975,45190,West Coast Eagles,North Melbourne Kangaroos,2019-07-27,2019,19,13.0,0.0,56,14.0,14.0,14.0,0.0,0.0,0.0,72.0,72.0,72.0
619572,46343,West Coast Eagles,North Melbourne Kangaroos,2019-07-27,2019,19,13.0,,56,14.0,14.0,14.0,,,,72.0,72.0,72.0
618290,46106,Port Adelaide Power,Greater Western Sydney Giants,2019-07-27,2019,19,14.0,,51,11.333333333333334,11.333333333333334,11.333333333333334,,,,46.333333333333336,46.333333333333336,46.333333333333336
385945,43873,Port Adelaide Power,Greater Western Sydney Giants,2019-07-27,2019,19,14.0,0.0,51,11.333333333333334,11.333333333333334,11.333333333333334,0.0,0.0,0.0,46.333333333333336,46.333333333333336,46.333333333333336
50253,44074,Gold Coast Suns,Essendon Bombers,2019-07-28,2019,19,7.0,0.0,36,6.333333333333333,7.4,8.444444444444445,0.0,0.0,0.0,34.0,36.4,39.2
27478,44532,Western Bulldogs,Fremantle Dockers,2019-07-28,2019,19,6.0,0.0,22,7.0,8.5,11.0,0.0,0.0,0.0,28.33333333333333,30.6,42.8
380293,43791,Gold Coast Suns,Essendon Bombers,2019-07-28,2019,19,12.0,0.0,37,20.0,17.5,14.0,0.0,0.0,0.3,71.33333333333333,60.8,54.2
57279,44655,Geelong Cats,Sydney Swans,2019-07-28,2019,19,13.0,1.0,74,9.666666666666666,7.2,8.3,0.6666666666666666,0.4,0.6,62.66666666666666,52.0,56.0
618655,46175,St Kilda Saints,Adelaide Crows,2019-08-03,2019,20,11.0,,39,13.0,13.0,13.0,1.0,1.0,1.0,67.0,67.0,67.0
419142,44259,St Kilda Saints,Adelaide Crows,2019-08-03,2019,20,11.0,0.0,39,12.0,12.0,12.0,1.0,1.0,1.0,67.0,67.0,67.0
113663,44893,Geelong Cats,Fremantle Dockers,2019-08-03,2019,20,15.0,0.0,74,21.666666666666668,19.4,18.1,0.6666666666666666,0.4,0.4,83.66666666666667,73.2,75.3
57446,44819,Sydney Swans,Greater Western Sydney Giants,2019-08-03,2019,20,5.0,0.0,29,15.666666666666666,13.8,12.3,0.3333333333333333,0.4,0.3,67.0,58.2,60.5
468271,44881,Carlton Blues,West Coast Eagles,2019-08-04,2019,20,13.0,0.0,43,,,,,,,,,
619328,46287,Carlton Blues,West Coast Eagles,2019-08-04,2019,20,13.0,,43,,,,,,,,,
388594,43904,Carlton Blues,West Coast Eagles,2019-08-04,2019,20,9.0,0.0,34,4.0,6.0,10.0,0.0,0.2,0.1,14.0,22.8,33.6
84319,43320,Essendon Bombers,Western Bulldogs,2019-08-10,2019,21,10.0,2.0,54,10.333333333333334,10.8,10.1,1.0,1.2,1.1,56.0,50.0,49.0
399657,44035,Gold Coast Suns,Brisbane Lions,2019-08-10,2019,21,8.0,0.0,34,13.666666666666666,11.2,10.1,0.0,0.0,0.1,52.66666666666666,44.8,41.2
7980,44491,Gold Coast Suns,Brisbane Lions,2019-08-10,2019,21,11.0,0.0,44,21.0,21.0,22.5,0.0,0.4,0.3,89.0,92.8,90.7
435332,44457,Essendon Bombers,Western Bulldogs,2019-08-10,2019,21,9.0,0.0,24,11.0,11.2,11.8,0.0,0.0,0.0,38.333333333333336,40.0,41.5
34740,44569,Essendon Bombers,Western Bulldogs,2019-08-10,2019,21,11.0,0.0,54,14.0,16.2,16.8,0.0,0.2,0.4,45.333333333333336,54.0,64.9
617905,46038,Fremantle Dockers,St Kilda Saints,2019-08-11,2019,21,9.0,,30,9.0,9.0,9.0,,,,47.0,47.0,47.0
7280,44640,Adelaide Crows,West Coast Eagles,2019-08-11,2019,21,16.0,0.0,68,14.0,16.25,14.88888888888889,0.0,0.0,0.0,71.33333333333333,75.2,66.1
361266,43533,Fremantle Dockers,St Kilda Saints,2019-08-11,2019,21,9.0,0.0,30,9.0,9.0,9.0,0.0,0.0,0.0,47.0,47.0,47.0
618174,46082,Melbourne Demons,Sydney Swans,2019-08-16,2019,22,7.0,,22,10.0,10.25,10.25,1.5,1.5,1.5,59.0,55.75,55.75
377919,43757,Melbourne Demons,Sydney Swans,2019-08-16,2019,22,7.0,0.0,22,10.0,10.25,10.25,1.0,0.75,0.75,59.0,55.75,55.75
133268,43563,Essendon Bombers,Fremantle Dockers,2019-08-17,2019,22,9.0,0.0,65,6.0,5.0,4.6,0.0,0.0,0.0,66.0,64.0,55.9
45587,43330,Fremantle Dockers,Essendon Bombers,2019-08-17,2019,22,13.0,0.0,62,11.333333333333334,10.4,10.3,1.6666666666666667,1.4,1.2,52.66666666666666,51.2,52.8
747,44856,Fremantle Dockers,Essendon Bombers,2019-08-17,2019,22,16.0,0.0,90,11.666666666666666,11.4,10.7,0.0,0.0,0.3,81.0,68.6,71.0
42459,44082,Gold Coast Suns,Hawthorn Hawks,2019-08-18,2019,22,,1.0,38,8.0,11.4,13.9,0.3333333333333333,0.2,0.4,36.333333333333336,46.6,54.1
473616,44938,Greater Western Sydney Giants,Western Bulldogs,2019-08-18,2019,22,5.0,0.0,72,6.666666666666667,8.6,8.3,0.3333333333333333,0.2,0.1,63.66666666666666,70.4,61.7
61451,44825,Hawthorn Hawks,Gold Coast Suns,2019-08-18,2019,22,14.0,6.0,100,10.666666666666666,11.8,11.88888888888889,1.0,1.4,1.5,50.66666666666666,60.4,62.9
618523,46157,Essendon Bombers,Collingwood Magpies,2019-08-23,2019,23,12.0,,58,,,,,,,,,
410840,44167,Essendon Bombers,Collingwood Magpies,2019-08-23,2019,23,12.0,0.0,58,,,,,,,,,
567678,45985,St Kilda Saints,Sydney Swans,2019-08-24,2019,23,8.0,,33,9.333333333333334,8.4,7.9,,,,36.333333333333336,35.4,32.6
464653,44832,St Kilda Saints,Sydney Swans,2019-08-24,2019,23,9.0,0.0,39,10.666666666666666,9.2,10.1,0.0,0.0,0.1,40.0,37.4,41.8
480073,45031,Melbourne Demons,North Melbourne Kangaroos,2019-08-24,2019,23,21.0,0.0,70,16.333333333333332,17.0,17.5,0.3333333333333333,0.2,0.2,67.0,69.6,70.8
92446,44793,Gold Coast Suns,Greater Western Sydney Giants,2019-08-24,2019,23,6.0,0.0,35,10.0,11.0,11.1,0.3333333333333333,0.4,0.3,43.66666666666666,50.8,46.2
618112,46074,Carlton Blues,Geelong Cats,2019-08-24,2019,23,12.0,1.0,59,13.333333333333334,11.8,12.444444444444445,1.0,1.0,1.0,55.0,51.6,49.66666666666666
69093,44554,Gold Coast Suns,Greater Western Sydney Giants,2019-08-24,2019,23,9.0,0.0,41,12.333333333333334,13.0,13.5,0.3333333333333333,0.2,0.1,56.333333333333336,53.6,56.0
95223,43467,St Kilda Saints,Sydney Swans,2019-08-24,2019,23,8.0,0.0,33,9.333333333333334,9.5,8.333333333333334,0.0,0.0,0.0,36.333333333333336,35.4,32.6
374656,43715,Carlton Blues,Geelong Cats,2019-08-24,2019,23,12.0,1.0,59,13.333333333333334,11.8,12.444444444444445,0.3333333333333333,0.6,0.5555555555555556,55.0,51.6,49.66666666666666
113904,45088,North Melbourne Kangaroos,Melbourne Demons,2019-08-24,2019,23,14.0,0.0,55,16.666666666666668,15.2,14.3,0.0,0.0,0.0,59.66666666666666,56.8,53.3
27736,45079,Carlton Blues,Geelong Cats,2019-08-24,2019,23,14.0,0.0,77,24.33333333333333,21.8,19.0,0.0,0.0,0.2,97.0,86.6,80.0
1045,45294,Gold Coast Suns,Greater Western Sydney Giants,2019-08-24,2019,23,11.0,1.0,54,12.333333333333334,12.2,13.5,0.3333333333333333,0.4,1.0,45.333333333333336,49.6,63.7
74795,44132,Sydney Swans,St Kilda Saints,2019-08-24,2019,23,11.0,1.0,47,9.666666666666666,8.8,11.9,0.3333333333333333,0.2,0.6,47.0,42.2,56.3
60370,44463,Sydney Swans,St Kilda Saints,2019-08-24,2019,23,11.0,1.0,45,16.666666666666668,19.4,19.2,0.0,0.0,0.0,65.66666666666667,65.4,70.4
544282,45638,Melbourne Demons,North Melbourne Kangaroos,2019-08-24,2019,23,15.0,,48,17.333333333333332,17.0,15.8,,,1.0,63.0,69.8,66.2
397034,43999,Melbourne Demons,North Melbourne Kangaroos,2019-08-24,2019,23,15.0,0.0,48,17.333333333333332,17.0,15.8,0.0,0.0,0.1,63.0,69.8,66.2
30564,44475,Sydney Swans,St Kilda Saints,2019-08-24,2019,23,7.0,0.0,34,11.333333333333334,11.0,9.7,1.6666666666666667,1.2,1.2,65.66666666666667,54.4,49.7
373791,43699,Gold Coast Suns,Greater Western Sydney Giants,2019-08-24,2019,23,15.0,0.0,72,19.33333333333333,17.4,16.625,0.0,0.0,0.125,82.33333333333333,72.8,64.625
68823,44279,Melbourne Demons,North Melbourne Kangaroos,2019-08-24,2019,23,24.0,0.0,87,15.333333333333334,13.8,15.6,0.6666666666666666,1.0,0.6,64.66666666666667,63.2,62.2
405343,44098,North Melbourne Kangaroos,Melbourne Demons,2019-08-24,2019,23,17.0,0.0,55,15.333333333333334,16.0,15.0,0.0,0.2,0.5,53.0,63.2,58.7
89077,43446,Port Adelaide Power,Fremantle Dockers,2019-08-25,2019,23,8.0,0.0,53,11.666666666666666,14.4,14.8,0.0,0.0,0.0,65.33333333333333,76.6,73.0
412391,44187,Fremantle Dockers,Port Adelaide Power,2019-08-25,2019,23,9.0,0.0,78,3.333333333333333,2.2,2.2,0.3333333333333333,0.4,0.4,59.333333333333336,51.8,51.8
367677,43633,Brisbane Lions,Richmond Tigers,2019-08-25,2019,23,9.0,0.0,44,8.333333333333334,10.2,11.2,0.3333333333333333,0.4,0.3,33.0,36.8,45.5
104546,43735,Adelaide Crows,Western Bulldogs,2019-08-25,2019,23,20.0,0.0,75,16.0,14.8,15.3,0.6666666666666666,0.4,0.2,71.66666666666667,61.0,58.8
446812,44607,Fremantle Dockers,Port Adelaide Power,2019-08-25,2019,23,6.0,0.0,20,11.333333333333334,10.5,11.22222222222222,0.0,0.0,0.0,46.333333333333336,50.0,49.0
17286,43713,Greater Western Sydney Giants,Western Bulldogs,2019-09-07,2019,EF,11.0,0.0,51,16.333333333333332,18.75,18.88888888888889,0.3333333333333333,0.2,0.3,64.66666666666667,71.4,72.4
23691,44377,West Coast Eagles,Geelong Cats,2019-09-13,2019,SF,13.0,1.0,63,19.666666666666668,20.0,17.88888888888889,0.0,0.0,0.1,75.0,76.6,69.5
4905,43551,Brisbane Lions,Greater Western Sydney Giants,2019-09-14,2019,SF,12.0,1.0,65,12.333333333333334,13.2,12.6,1.0,1.4,1.4,64.33333333333333,73.2,64.9
82293,44066,Brisbane Lions,Greater Western Sydney Giants,2019-09-14,2019,SF,22.0,0.0,78,22.0,18.0,17.4,0.0,0.0,0.0,84.66666666666667,72.8,73.4
98783,44802,Brisbane Lions,Greater Western Sydney Giants,2019-09-14,2019,SF,13.0,0.0,63,15.0,16.0,15.88888888888889,0.0,0.2,0.2,58.333333333333336,66.8,60.2
89425,44243,Carlton Blues,Richmond Tigers,2020-03-19,2020,1,1.0,0.0,16,13.333333333333334,13.2,12.444444444444445,0.3333333333333333,0.2,0.3,89.0,83.6,86.5
430318,44392,Fremantle Dockers,Essendon Bombers,2020-03-21,2020,1,11.0,0.0,45,8.333333333333334,10.0,10.4,1.0,1.0,1.2,47.0,51.2,51.5
413063,44193,Gold Coast Suns,Port Adelaide Power,2020-03-21,2020,1,14.0,0.0,50,11.333333333333334,15.8,15.6,0.0,0.0,0.1,43.0,58.4,61.2
39201,44799,St Kilda Saints,North Melbourne Kangaroos,2020-03-22,2020,1,8.0,0.0,20,12.333333333333334,14.8,18.7,0.3333333333333333,0.2,0.1,49.66666666666666,58.0,68.9
32764,44260,Carlton Blues,Melbourne Demons,2020-06-13,2020,2,4.0,1.0,25,5.666666666666667,7.5,8.555555555555555,0.6666666666666666,0.8,0.5,37.333333333333336,47.4,46.5
619174,46258,Carlton Blues,St Kilda Saints,2020-07-02,2020,5,9.0,1.0,36,5.0,5.0,5.0,,,,20.0,20.0,20.0
453004,44698,Carlton Blues,St Kilda Saints,2020-07-02,2020,5,9.0,1.0,36,5.0,5.0,5.0,0.0,0.0,0.0,20.0,20.0,20.0
618534,46160,Hawthorn Hawks,Greater Western Sydney Giants,2020-07-05,2020,5,11.0,,36,,,,,,,,,
128423,44915,Greater Western Sydney Giants,Hawthorn Hawks,2020-07-05,2020,5,1.0,0.0,26,6.333333333333333,8.6,10.0,0.3333333333333333,0.4,0.5,44.66666666666666,56.4,63.5
411875,44179,Hawthorn Hawks,Greater Western Sydney Giants,2020-07-05,2020,5,11.0,0.0,36,,,,,,,,,
479443,45022,Sydney Swans,Gold Coast Suns,2020-07-18,2020,7,16.0,0.0,57,7.333333333333333,7.4,7.4,0.0,0.2,0.2,24.0,28.0,28.0
104830,44027,Hawthorn Hawks,Melbourne Demons,2020-07-19,2020,7,23.0,0.0,95,16.0,14.0,17.0,0.0,0.0,0.2,60.66666666666666,52.8,64.8
454518,44720,Western Bulldogs,Gold Coast Suns,2020-07-23,2020,8,4.0,0.0,34,,,,,,,,,
619176,46260,Western Bulldogs,Gold Coast Suns,2020-07-23,2020,8,9.0,,34,,,,,,,,,
355587,43453,Hawthorn Hawks,Sydney Swans,2020-07-25,2020,8,5.0,0.0,29,15.333333333333334,15.8,14.3,0.0,0.0,0.0,70.33333333333333,80.8,68.2
467342,44865,Collingwood Magpies,West Coast Eagles,2020-07-26,2020,8,12.0,0.0,57,11.0,12.2,14.2,0.0,0.0,0.0,45.0,44.8,52.4
389711,43917,Western Bulldogs,Richmond Tigers,2020-07-29,2020,9,7.0,0.0,10,7.666666666666667,7.4,8.3,0.6666666666666666,0.6,0.8,33.0,32.6,37.0
52856,45113,Western Bulldogs,Richmond Tigers,2020-07-29,2020,9,8.0,0.0,38,12.333333333333334,11.8,12.2,0.0,0.0,0.0,56.66666666666666,51.6,53.0
440722,44520,Carlton Blues,Hawthorn Hawks,2020-07-31,2020,9,4.0,0.0,22,5.666666666666667,7.6,8.333333333333334,0.0,0.4,0.5555555555555556,23.0,36.0,42.22222222222222
110732,43928,Sydney Swans,St Kilda Saints,2020-08-01,2020,9,10.0,0.0,37,9.666666666666666,9.8,12.4,0.0,0.0,0.2,38.66666666666666,39.0,49.4
105083,44233,Adelaide Crows,North Melbourne Kangaroos,2020-08-01,2020,9,3.0,0.0,25,13.333333333333334,15.2,15.9,1.0,0.6,0.6,64.66666666666667,69.4,73.6
428883,44378,Fremantle Dockers,Collingwood Magpies,2020-08-02,2020,9,6.0,0.0,25,6.333333333333333,7.6,10.0,0.6666666666666666,0.6,0.7,38.0,39.2,48.9
395410,43981,Gold Coast Suns,Greater Western Sydney Giants,2020-08-02,2020,9,11.0,0.0,47,11.0,10.6,14.77777777777778,0.0,0.0,0.0,49.0,43.0,61.1
348941,43373,Melbourne Demons,Adelaide Crows,2020-08-05,2020,10,5.0,1.0,23,11.333333333333334,12.2,14.1,0.6666666666666666,0.6,0.8,39.0,43.2,56.8
619464,46317,Sydney Swans,Collingwood Magpies,2020-08-06,2020,10,6.0,,17,8.333333333333334,8.333333333333334,8.333333333333334,1.0,1.0,1.0,29.33333333333333,29.33333333333333,29.33333333333333
482991,45063,Sydney Swans,Collingwood Magpies,2020-08-06,2020,10,6.0,0.0,17,8.333333333333334,8.333333333333334,8.333333333333334,0.3333333333333333,0.3333333333333333,0.3333333333333333,29.33333333333333,29.33333333333333,29.33333333333333
62802,44707,North Melbourne Kangaroos,Melbourne Demons,2020-08-09,2020,11,11.0,0.0,50,7.666666666666667,8.0,8.9,1.0,0.6,0.4,56.0,55.8,55.7
360018,43515,West Coast Eagles,Carlton Blues,2020-08-09,2020,11,3.0,1.0,22,5.333333333333333,5.8,6.7,0.3333333333333333,0.4,1.0,26.0,27.0,37.4
58827,44341,North Melbourne Kangaroos,Melbourne Demons,2020-08-09,2020,11,14.0,0.0,47,13.666666666666666,13.0,12.4,0.3333333333333333,0.2,0.1,52.333333333333336,50.8,49.3
355689,43454,Collingwood Magpies,Adelaide Crows,2020-08-11,2020,11,7.0,0.0,22,10.0,12.4,14.6,1.0,1.0,0.6,48.333333333333336,54.4,58.0
406782,44117,Greater Western Sydney Giants,Sydney Swans,2020-08-13,2020,12,7.0,0.0,30,,,,,,,,,
618467,46144,Greater Western Sydney Giants,Sydney Swans,2020-08-13,2020,12,7.0,,30,,,,,,,,,
490423,45163,North Melbourne Kangaroos,Brisbane Lions,2020-08-15,2020,12,15.0,0.0,51,9.333333333333334,10.0,10.0,0.6666666666666666,0.8,0.8,43.333333333333336,48.6,48.6
378719,43771,Brisbane Lions,North Melbourne Kangaroos,2020-08-15,2020,12,-4.0,0.0,26,-1.0,1.0,1.0,0.3333333333333333,0.2,0.2,17.666666666666668,23.4,23.4
378297,43758,Collingwood Magpies,Melbourne Demons,2020-08-15,2020,12,3.0,0.0,25,8.0,6.8,7.9,0.3333333333333333,0.2,0.1,52.66666666666666,49.6,51.7
107698,45254,Collingwood Magpies,Melbourne Demons,2020-08-15,2020,12,16.0,0.0,50,14.333333333333334,15.2,15.3,0.0,0.0,0.0,50.333333333333336,51.8,63.5
11363,44761,Collingwood Magpies,Melbourne Demons,2020-08-15,2020,12,2.0,2.0,23,4.333333333333333,7.4,9.7,0.6666666666666666,1.4,1.2,21.0,39.0,50.0
430182,44390,Adelaide Crows,Western Bulldogs,2020-08-16,2020,12,3.0,0.0,21,7.0,8.25,6.875,0.0,0.0,0.0,27.33333333333333,29.2,28.11111111111111
69659,43367,Essendon Bombers,St Kilda Saints,2020-08-16,2020,12,5.0,1.0,39,13.0,12.75,10.75,0.0,1.0,0.6,41.0,51.6,44.0
618784,46202,Adelaide Crows,Western Bulldogs,2020-08-16,2020,12,-2.0,,21,1.6666666666666667,2.8,1.7777777777777777,,,,27.33333333333333,29.2,28.11111111111111
444013,44567,Essendon Bombers,St Kilda Saints,2020-08-16,2020,12,11.0,0.0,36,9.333333333333334,12.0,12.0,0.3333333333333333,0.25,0.25,36.333333333333336,45.0,45.0
383244,43837,Sydney Swans,Fremantle Dockers,2020-08-22,2020,13,4.0,0.0,24,10.0,10.0,10.0,1.0,1.0,1.0,46.0,46.0,46.0
124703,43369,Essendon Bombers,Richmond Tigers,2020-08-22,2020,13,3.0,0.0,15,7.0,6.4,9.2,0.3333333333333333,0.2,0.2,52.0,48.4,61.1
422001,44295,Melbourne Demons,Western Bulldogs,2020-08-22,2020,13,7.0,0.0,41,9.666666666666666,9.0,8.6,0.0,0.0,0.0,46.333333333333336,40.2,35.9
618276,46102,Sydney Swans,Fremantle Dockers,2020-08-22,2020,13,4.0,,24,10.0,10.0,10.0,1.0,1.0,1.0,46.0,46.0,46.0
368864,43643,Adelaide Crows,Geelong Cats,2020-08-23,2020,13,5.0,0.0,29,9.0,9.0,8.1,0.3333333333333333,0.6,0.7,52.66666666666666,51.4,45.7
344114,43298,Collingwood Magpies,North Melbourne Kangaroos,2020-08-24,2020,13,9.0,1.0,40,9.666666666666666,10.6,11.6,0.0,0.0,0.0,34.666666666666664,40.4,45.8
619229,46268,West Coast Eagles,Richmond Tigers,2020-08-27,2020,14,5.0,,20,8.0,8.0,8.0,1.0,1.0,1.0,33.5,33.5,33.5
68054,44662,Hawthorn Hawks,Essendon Bombers,2020-08-27,2020,14,1.0,0.0,3,5.0,5.25,9.555555555555555,0.3333333333333333,0.6,0.9,24.666666666666668,26.6,51.4
458002,44762,West Coast Eagles,Richmond Tigers,2020-08-27,2020,14,5.0,0.0,20,8.0,8.0,8.0,0.5,0.5,0.5,33.5,33.5,33.5
128942,43724,Western Bulldogs,Geelong Cats,2020-08-28,2020,14,4.0,0.0,13,8.0,9.8,10.7,1.6666666666666667,1.8,1.6,47.0,54.6,56.0
72773,45214,Port Adelaide Power,Sydney Swans,2020-08-29,2020,14,5.0,1.0,58,4.333333333333333,3.2,5.1,0.6666666666666666,0.4,0.9,55.66666666666666,44.4,52.8
374132,43704,North Melbourne Kangaroos,Gold Coast Suns,2020-08-30,2020,14,9.0,0.0,32,8.666666666666666,11.2,12.3,1.0,0.8,1.1,50.66666666666666,65.2,71.9
342562,43272,North Melbourne Kangaroos,Gold Coast Suns,2020-08-30,2020,14,13.0,0.0,52,12.0,10.0,15.0,0.0,0.2,0.2,45.0,36.6,50.9
388393,43899,Hawthorn Hawks,Adelaide Crows,2020-09-01,2020,15,6.0,0.0,30,12.0,12.2,13.1,0.3333333333333333,0.2,0.2,54.0,55.2,51.8
438986,44502,Hawthorn Hawks,Adelaide Crows,2020-09-01,2020,15,9.0,1.0,42,10.0,10.4,11.5,0.3333333333333333,0.2,0.5,36.66666666666666,43.0,52.7
454059,44713,Adelaide Crows,Hawthorn Hawks,2020-09-01,2020,15,6.0,0.0,13,11.333333333333334,11.2,11.7,0.3333333333333333,0.4,0.4,48.66666666666666,50.2,52.7
489510,45156,Melbourne Demons,Sydney Swans,2020-09-03,2020,15,10.0,0.0,34,17.0,15.6,15.4,0.0,0.0,0.0,64.0,56.2,57.2
85676,45246,North Melbourne Kangaroos,Port Adelaide Power,2020-09-05,2020,16,9.0,0.0,25,13.0,12.8,14.6,0.0,0.0,0.1,53.0,47.6,51.7
403938,44085,North Melbourne Kangaroos,Port Adelaide Power,2020-09-05,2020,16,3.0,0.0,17,9.0,9.0,9.0,0.3333333333333333,0.75,0.75,36.66666666666666,38.5,38.5
21006,45045,Port Adelaide Power,North Melbourne Kangaroos,2020-09-05,2020,16,0.0,0.0,25,4.0,5.0,5.2,0.3333333333333333,0.8,0.6,33.0,44.8,44.9
618446,46138,North Melbourne Kangaroos,Port Adelaide Power,2020-09-05,2020,16,3.0,,17,9.0,9.0,9.0,1.0,1.5,1.5,36.66666666666666,38.5,38.5
78802,44147,West Coast Eagles,Western Bulldogs,2020-09-06,2020,16,15.0,0.0,65,12.333333333333334,14.2,16.2,0.0,0.2,0.1,44.66666666666666,58.6,63.0
452891,44694,St Kilda Saints,Hawthorn Hawks,2020-09-06,2020,16,4.0,0.0,33,8.666666666666666,8.2,10.7,1.0,0.8,0.4,57.66666666666666,56.4,60.8
618874,46222,Essendon Bombers,Geelong Cats,2020-09-06,2020,16,6.0,,16,8.666666666666666,8.666666666666666,8.666666666666666,2.0,2.0,2.0,43.0,43.0,43.0
110938,44291,Western Bulldogs,West Coast Eagles,2020-09-06,2020,16,7.0,1.0,51,5.666666666666667,3.6,4.1,1.6666666666666667,1.2,0.9,57.66666666666666,45.8,46.6
107260,43261,St Kilda Saints,Hawthorn Hawks,2020-09-06,2020,16,3.0,1.0,22,8.333333333333334,10.8,10.8,0.6666666666666666,0.8,0.8,70.33333333333333,82.6,82.6
128241,44886,Hawthorn Hawks,St Kilda Saints,2020-09-06,2020,16,19.0,1.0,68,16.333333333333332,14.0,12.8,0.6666666666666666,0.4,0.2,55.0,48.4,43.3
441953,44539,Essendon Bombers,Geelong Cats,2020-09-06,2020,16,6.0,0.0,16,8.666666666666666,8.666666666666666,8.666666666666666,0.6666666666666666,0.6666666666666666,0.6666666666666666,43.0,43.0,43.0
111146,44134,Greater Western Sydney Giants,Adelaide Crows,2020-09-08,2020,16,14.0,1.0,102,7.333333333333333,6.6,8.8,0.3333333333333333,0.2,0.1,55.66666666666666,52.8,67.4
354477,43440,West Coast Eagles,St Kilda Saints,2020-09-10,2020,17,5.0,0.0,22,,,,,,,,,
617700,46024,West Coast Eagles,St Kilda Saints,2020-09-10,2020,17,5.0,,22,,,,,,,,,
618492,46149,Geelong Cats,Richmond Tigers,2020-09-11,2020,17,5.0,,27,,,,,,,,,
408841,44141,Geelong Cats,Richmond Tigers,2020-09-11,2020,17,5.0,0.0,27,,,,,,,,,
618434,46132,Essendon Bombers,Port Adelaide Power,2020-09-12,2020,17,17.0,,60,14.0,10.8,12.285714285714286,,,,60.333333333333336,43.6,46.5
400056,44040,Essendon Bombers,Port Adelaide Power,2020-09-12,2020,17,17.0,0.0,60,14.0,10.8,12.375,0.0,0.0,0.0,60.333333333333336,43.6,46.5
19022,43884,Adelaide Crows,Carlton Blues,2020-09-13,2020,17,27.0,0.0,90,12.333333333333334,14.8,16.4,0.0,0.0,0.2,38.0,54.8,66.8
87705,45038,Western Bulldogs,Hawthorn Hawks,2020-09-13,2020,17,9.0,0.0,33,7.666666666666667,10.0,15.333333333333334,0.6666666666666666,0.4,0.4,30.33333333333333,38.6,61.6
474909,44958,Brisbane Lions,Sydney Swans,2020-09-13,2020,17,5.0,0.0,25,5.333333333333333,6.0,8.1,0.0,0.0,0.2,27.666666666666668,30.4,37.1
20325,43462,Collingwood Magpies,Gold Coast Suns,2020-09-14,2020,17,10.0,0.0,37,11.0,12.8,12.7,0.6666666666666666,0.4,0.3,44.66666666666666,50.2,46.4
598921,44561,North Melbourne Kangaroos,West Coast Eagles,2020-09-17,2020,18,10.0,,35,10.0,8.8,10.0,1.0,1.0,1.0,50.333333333333336,39.6,42.875
132344,44875,West Coast Eagles,North Melbourne Kangaroos,2020-09-17,2020,18,8.0,0.0,37,4.666666666666667,5.8,7.0,0.0,0.0,0.0,15.666666666666666,24.2,30.3
488663,45147,North Melbourne Kangaroos,West Coast Eagles,2020-09-17,2020,18,18.0,0.0,58,11.333333333333334,10.8,10.5,0.0,0.0,0.0,43.66666666666666,44.0,43.9
47074,44905,Greater Western Sydney Giants,St Kilda Saints,2020-09-18,2020,18,16.0,0.0,68,9.666666666666666,10.4,9.9,0.3333333333333333,0.2,0.3,47.0,51.0,50.4
73115,44941,Carlton Blues,Brisbane Lions,2020-09-19,2020,18,14.0,1.0,75,11.666666666666666,11.6,9.9,0.0,0.0,0.0,63.0,64.8,56.3
31679,45055,Adelaide Crows,Richmond Tigers,2020-09-19,2020,18,6.0,0.0,24,7.0,7.0,9.1,0.0,0.0,0.0,24.666666666666668,26.8,39.8
454511,44718,Carlton Blues,Brisbane Lions,2020-09-19,2020,18,6.0,0.0,24,7.333333333333333,7.8,8.0,0.0,0.2,0.3,24.666666666666668,26.4,32.5
52670,45098,Sydney Swans,Geelong Cats,2020-09-20,2020,18,11.0,0.0,36,12.0,13.2,12.5,0.0,0.0,0.3,49.0,49.6,53.1
119427,44051,Fremantle Dockers,Western Bulldogs,2020-09-20,2020,18,19.0,0.0,65,13.666666666666666,11.0,12.22222222222222,0.0,0.0,0.0,64.33333333333333,45.0,49.3
51730,45013,Geelong Cats,Sydney Swans,2020-09-20,2020,18,13.0,0.0,63,19.33333333333333,19.0,16.1,0.0,0.0,0.2,82.0,80.0,65.2
11838,45028,Hawthorn Hawks,Gold Coast Suns,2020-09-20,2020,18,13.0,1.0,60,9.333333333333334,8.4,8.3,0.0,0.0,0.0,37.0,31.4,32.7
102540,44738,Hawthorn Hawks,Gold Coast Suns,2020-09-20,2020,18,11.0,3.0,65,8.666666666666666,8.6,11.0,0.3333333333333333,0.2,0.4,35.666666666666664,35.2,45.5
129830,45144,Collingwood Magpies,Port Adelaide Power,2020-09-21,2020,18,6.0,0.0,19,12.666666666666666,11.4,11.4,0.0,0.0,0.3,50.333333333333336,47.0,46.9
427718,44368,St Kilda Saints,Richmond Tigers,2020-10-09,2020,SF,13.0,0.0,43,3.0,7.666666666666667,8.0,0.0,0.4,0.3,30.0,38.8,38.9
116150,44862,St Kilda Saints,Richmond Tigers,2020-10-09,2020,SF,17.0,1.0,69,15.0,17.0,18.2,0.0,0.0,0.0,57.333333333333336,70.8,76.5
13086,43772,Port Adelaide Power,Richmond Tigers,2020-10-16,2020,PF,18.0,0.0,88,17.0,14.4,13.333333333333334,1.6666666666666667,1.2,0.8,73.66666666666667,65.2,62.2
380122,43789,Brisbane Lions,Geelong Cats,2020-10-17,2020,PF,12.0,0.0,37,10.333333333333334,11.25,13.22222222222222,0.3333333333333333,0.4,0.3,39.66666666666666,44.8,54.0
45867,45065,Geelong Cats,Richmond Tigers,2020-10-24,2020,GF,7.0,0.0,17,7.0,7.8,8.2,0.0,0.0,0.0,29.666666666666668,31.2,31.9
42816,43262,Geelong Cats,Richmond Tigers,2020-10-24,2020,GF,12.0,0.0,35,11.333333333333334,13.8,14.3,0.6666666666666666,0.6,0.8,50.0,52.0,55.2
71031,44144,Geelong Cats,Adelaide Crows,2021-03-20,2021,1,8.0,0.0,35,10.666666666666666,11.4,12.3,1.6666666666666667,1.8,2.0,66.33333333333333,69.2,73.1
462472,44809,Port Adelaide Power,Essendon Bombers,2021-03-27,2021,2,,0.0,0,17.666666666666668,22.8,23.0,0.0,0.4,0.3,64.0,83.8,85.9
421145,44284,Sydney Swans,Adelaide Crows,2021-03-27,2021,2,0.0,0.0,0,8.666666666666666,8.666666666666666,8.666666666666666,0.0,0.0,0.0,29.0,29.0,29.0
346333,43333,Brisbane Lions,Collingwood Magpies,2021-04-01,2021,3,4.0,0.0,13,4.5,4.5,4.5,0.5,0.5,0.5,26.0,26.0,26.0
379712,43785,Richmond Tigers,Sydney Swans,2021-04-03,2021,3,9.0,0.0,30,11.333333333333334,13.4,14.0,0.0,0.0,0.0,38.66666666666666,49.0,49.875
78600,43934,Collingwood Magpies,West Coast Eagles,2021-04-16,2021,5,19.0,0.0,74,9.5,11.0,12.555555555555555,0.0,0.2,0.1,36.0,41.4,44.1
361868,43538,Western Bulldogs,Gold Coast Suns,2021-04-17,2021,5,1.0,0.0,11,8.333333333333334,8.333333333333334,8.333333333333334,1.3333333333333333,1.3333333333333333,1.3333333333333333,44.66666666666666,44.66666666666666,44.66666666666666
80168,44189,Western Bulldogs,Greater Western Sydney Giants,2021-04-23,2021,6,4.0,0.0,17,13.666666666666666,13.5,13.444444444444445,0.0,0.6,0.6,49.333333333333336,53.4,54.2
37524,45131,North Melbourne Kangaroos,Fremantle Dockers,2021-04-24,2021,6,0.0,0.0,0,15.666666666666666,18.0,16.8,0.0,0.2,0.1,58.66666666666666,67.0,60.6
54317,43527,St Kilda Saints,Port Adelaide Power,2021-04-25,2021,6,5.0,1.0,29,11.0,9.8,11.0,0.0,0.0,0.0,57.66666666666666,47.8,52.3
91139,44004,Hawthorn Hawks,North Melbourne Kangaroos,2021-05-15,2021,9,13.0,0.0,46,19.0,16.4,15.5,0.3333333333333333,0.2,0.1,73.33333333333333,61.8,60.3
96806,44148,Melbourne Demons,Adelaide Crows,2021-05-22,2021,10,2.0,0.0,40,2.6666666666666665,3.0,2.0,0.0,0.0,0.0,28.0,30.0,25.0
118114,44445,St Kilda Saints,Western Bulldogs,2021-05-22,2021,10,11.0,1.0,60,8.333333333333334,7.4,7.8,0.3333333333333333,0.2,0.2,40.0,33.6,35.2
56449,43849,St Kilda Saints,Western Bulldogs,2021-05-22,2021,10,5.0,0.0,47,5.666666666666667,5.4,4.5,0.0,0.0,0.0,39.66666666666666,36.4,32.9
437009,44473,North Melbourne Kangaroos,St Kilda Saints,2021-05-29,2021,11,9.0,0.0,49,10.666666666666666,9.6,9.6,0.0,0.0,0.0,60.0,58.8,59.3
20605,44944,Sydney Swans,Carlton Blues,2021-05-30,2021,11,12.0,0.0,73,9.333333333333334,10.25,10.22222222222222,0.3333333333333333,0.2,0.2,67.33333333333333,59.0,63.4
386785,43882,Carlton Blues,Sydney Swans,2021-05-30,2021,11,6.0,0.0,24,12.333333333333334,11.8,15.0,0.6666666666666666,0.4,0.8,57.333333333333336,55.0,65.2
15162,44930,Collingwood Magpies,Adelaide Crows,2021-06-05,2021,12,4.0,0.0,29,12.333333333333334,14.6,14.6,0.0,0.2,0.3,50.333333333333336,54.6,52.7
101016,43284,Essendon Bombers,Richmond Tigers,2021-06-05,2021,12,5.0,0.0,21,13.0,12.0,11.0,0.0,0.0,0.0,57.333333333333336,55.2,50.4
618976,46240,Adelaide Crows,Collingwood Magpies,2021-06-05,2021,12,9.0,,20,,,,,,,24.5,24.5,24.5
61658,43879,St Kilda Saints,Sydney Swans,2021-06-05,2021,12,15.0,0.0,64,13.0,12.0,13.0,0.3333333333333333,0.6,0.3,53.0,50.6,55.6
447166,44618,Adelaide Crows,Collingwood Magpies,2021-06-05,2021,12,9.0,0.0,20,4.0,4.0,4.0,0.0,0.0,0.0,24.5,24.5,24.5
423049,44310,St Kilda Saints,Adelaide Crows,2021-06-12,2021,13,12.0,0.0,57,7.333333333333333,7.0,9.6,0.0,0.0,0.4,30.666666666666668,30.2,42.2
103618,43605,Fremantle Dockers,Gold Coast Suns,2021-06-12,2021,13,,0.0,85,10.0,11.0,12.333333333333334,0.0,0.0,0.0,39.66666666666666,43.8,45.8
377368,43752,Fremantle Dockers,Gold Coast Suns,2021-06-12,2021,13,22.0,0.0,87,14.0,13.8,13.2,0.0,0.0,0.0,58.333333333333336,53.6,52.4
122039,43874,North Melbourne Kangaroos,Greater Western Sydney Giants,2021-06-13,2021,13,7.0,0.0,30,15.666666666666666,13.6,13.8,2.333333333333333,1.6,1.1,81.33333333333333,65.4,62.3
44331,44002,Port Adelaide Power,Gold Coast Suns,2021-06-19,2021,14,12.0,0.0,45,14.0,15.2,15.1,0.3333333333333333,0.2,0.2,55.0,56.2,55.6
359475,43506,Essendon Bombers,Hawthorn Hawks,2021-06-20,2021,14,5.0,1.0,18,6.666666666666667,6.8,6.8,0.0,0.4,0.4,23.33333333333333,26.2,26.2
354278,43437,Sydney Swans,Port Adelaide Power,2021-06-26,2021,15,11.0,0.0,44,11.333333333333334,11.6,11.1,0.0,0.0,0.0,46.0,46.6,45.6
95861,44186,Melbourne Demons,Essendon Bombers,2021-06-26,2021,15,0.0,0.0,0,12.666666666666666,12.6,13.5,0.0,0.2,0.2,49.0,49.0,49.2
8841,44089,Richmond Tigers,Gold Coast Suns,2021-07-01,2021,16,24.0,0.0,93,21.666666666666668,22.6,22.5,0.0,0.0,0.1,92.33333333333331,93.2,89.6
362698,43546,West Coast Eagles,North Melbourne Kangaroos,2021-07-12,2021,17,13.0,0.0,58,12.666666666666666,11.0,11.11111111111111,0.3333333333333333,1.0,0.5,41.66666666666666,45.2,41.7
515079,45313,West Coast Eagles,North Melbourne Kangaroos,2021-07-12,2021,17,13.0,,58,12.666666666666666,13.75,12.375,1.0,2.5,2.5,41.66666666666666,45.2,41.7
485979,45104,Collingwood Magpies,Port Adelaide Power,2021-07-23,2021,19,9.0,0.0,29,,,,,,,,,
619501,46324,Collingwood Magpies,Port Adelaide Power,2021-07-23,2021,19,9.0,,29,,,,,,,,,
367500,43629,Hawthorn Hawks,Adelaide Crows,2021-07-24,2021,19,18.0,0.0,64,21.33333333333333,21.8,19.3,0.0,0.4,0.2,75.0,82.2,73.8
19444,44077,Essendon Bombers,Greater Western Sydney Giants,2021-07-25,2021,19,12.0,1.0,55,9.333333333333334,10.0,11.7,0.6666666666666666,0.6,1.1,43.333333333333336,41.6,52.1
35234,45304,Essendon Bombers,Greater Western Sydney Giants,2021-07-25,2021,19,10.0,1.0,51,9.666666666666666,13.4,10.2,0.0,0.2,0.5,37.0,53.6,41.9
390535,43929,Hawthorn Hawks,Brisbane Lions,2021-08-01,2021,20,4.0,0.0,24,16.666666666666668,14.0,13.555555555555555,0.0,0.2,0.1111111111111111,64.33333333333333,54.8,53.888888888888886
69833,43504,Richmond Tigers,Fremantle Dockers,2021-08-01,2021,20,0.0,0.0,0,10.333333333333334,11.0,13.2,0.3333333333333333,0.2,0.4,37.66666666666666,44.2,55.0
497481,45274,Port Adelaide Power,Greater Western Sydney Giants,2021-08-01,2021,20,0.0,0.0,0,9.0,11.0,11.4,0.6666666666666666,0.6,0.7,42.0,48.6,50.5
86952,43484,Greater Western Sydney Giants,Geelong Cats,2021-08-06,2021,21,6.0,1.0,29,11.333333333333334,9.2,10.3,0.0,0.0,0.0,51.66666666666666,38.6,44.3
472196,44920,Greater Western Sydney Giants,Geelong Cats,2021-08-06,2021,21,2.0,0.0,8,4.0,4.0,4.0,0.0,0.0,0.0,17.0,18.8,18.8
365787,43607,St Kilda Saints,Sydney Swans,2021-08-07,2021,21,10.0,0.0,37,13.333333333333334,12.4,12.166666666666666,0.0,0.2,0.1666666666666666,44.333333333333336,42.6,44.333333333333336
618030,46057,St Kilda Saints,Sydney Swans,2021-08-07,2021,21,10.0,,37,13.333333333333334,12.4,12.166666666666666,,1.0,1.0,44.333333333333336,42.6,44.333333333333336
386076,43875,Richmond Tigers,Greater Western Sydney Giants,2021-08-13,2021,22,6.0,0.0,48,5.0,5.4,4.5,0.0,0.0,0.0,35.333333333333336,41.8,40.0
376317,43737,Hawthorn Hawks,Western Bulldogs,2021-08-14,2021,22,12.0,0.0,36,0.0,0.0,0.0,0.0,0.0,0.0,0.0,0.0,0.0
618143,46079,Hawthorn Hawks,Western Bulldogs,2021-08-14,2021,22,12.0,,36,,,,,,,0.0,0.0,0.0
83665,44558,Carlton Blues,Port Adelaide Power,2021-08-14,2021,22,24.0,0.0,92,4.666666666666667,6.4,10.8,0.3333333333333333,0.2,0.5,16.0,24.0,42.3
13847,44914,West Coast Eagles,Fremantle Dockers,2021-08-15,2021,22,16.0,0.0,71,16.666666666666668,18.4,16.4,0.0,0.0,0.0,62.0,70.8,65.3
945,45141,Melbourne Demons,Adelaide Crows,2021-08-15,2021,22,0.0,0.0,0,9.0,11.0,11.8,0.0,0.0,0.1,33.666666666666664,43.4,44.9
351433,43399,Fremantle Dockers,West Coast Eagles,2021-08-15,2021,22,6.0,0.0,27,15.5,7.75,9.0,0.0,0.0,0.0,52.0,31.2,30.4
53315,45109,Gold Coast Suns,Essendon Bombers,2021-08-15,2021,22,14.0,1.0,43,8.0,6.25,6.666666666666667,1.0,0.8,0.7,47.66666666666666,36.8,36.5
395472,43985,Hawthorn Hawks,Richmond Tigers,2021-08-21,2021,23,13.0,1.0,47,9.666666666666666,8.8,10.3,0.3333333333333333,0.2,0.6,34.0,32.2,38.7
60813,43988,Gold Coast Suns,Sydney Swans,2021-08-21,2021,23,21.0,0.0,89,13.0,12.4,12.5,0.0,0.0,0.0,61.333333333333336,52.2,47.2
428308,44376,Richmond Tigers,Hawthorn Hawks,2021-08-21,2021,23,14.0,0.0,58,6.0,6.0,6.0,0.0,0.0,0.0,13.0,13.0,13.0
133614,44978,Gold Coast Suns,Sydney Swans,2021-08-21,2021,23,8.0,0.0,65,7.333333333333333,9.2,9.9,0.3333333333333333,0.4,0.3,48.333333333333336,53.4,56.6
84811,44118,West Coast Eagles,Brisbane Lions,2021-08-21,2021,23,13.0,0.0,46,8.333333333333334,7.4,8.5,0.0,0.0,0.0,37.66666666666666,34.2,35.8
33724,43309,Richmond Tigers,Hawthorn Hawks,2021-08-21,2021,23,20.0,0.0,94,13.333333333333334,14.4,13.333333333333334,0.0,0.0,0.0,60.0,60.4,56.1
40824,43383,Carlton Blues,Greater Western Sydney Giants,2021-08-21,2021,23,9.0,2.0,41,5.333333333333333,7.2,8.3,0.3333333333333333,0.6,1.2,18.666666666666668,31.4,41.4
96435,45143,West Coast Eagles,Brisbane Lions,2021-08-21,2021,23,6.0,2.0,41,4.666666666666667,4.6,4.8,0.0,0.4,0.3,30.0,35.2,33.8
117217,43488,Hawthorn Hawks,Richmond Tigers,2021-08-21,2021,23,21.0,0.0,62,15.0,12.4,11.3,0.3333333333333333,0.2,0.1,67.66666666666667,58.2,46.2
618765,46199,Richmond Tigers,Hawthorn Hawks,2021-08-21,2021,23,14.0,,58,12.0,12.0,12.0,,,,13.0,13.0,13.0
102672,44888,Adelaide Crows,North Melbourne Kangaroos,2021-08-22,2021,23,,1.0,83,29.666666666666668,28.2,27.1,0.3333333333333333,0.2,0.7,97.33333333333331,97.8,100.5
364035,43571,St Kilda Saints,Fremantle Dockers,2021-08-22,2021,23,7.0,0.0,41,7.333333333333333,7.25,7.25,0.0,0.0,0.0,28.33333333333333,27.5,27.5
618466,46143,St Kilda Saints,Fremantle Dockers,2021-08-22,2021,23,4.0,,50,6.0,6.8,7.166666666666667,1.0,1.0,1.0,42.66666666666666,47.2,46.66666666666666
363138,43555,Essendon Bombers,Collingwood Magpies,2021-08-22,2021,23,14.0,0.0,55,15.666666666666666,14.0,11.8,0.6666666666666666,0.6,0.6,60.0,55.0,47.1
617992,46047,St Kilda Saints,Fremantle Dockers,2021-08-22,2021,23,7.0,,41,11.0,9.666666666666666,9.666666666666666,,,,28.33333333333333,27.5,27.5
23993,44385,Collingwood Magpies,Essendon Bombers,2021-08-22,2021,23,23.0,0.0,76,25.0,25.0,25.125,0.0,0.0,0.0,90.33333333333331,93.0,101.7
34527,44337,Adelaide Crows,North Melbourne Kangaroos,2021-08-22,2021,23,19.0,1.0,80,11.666666666666666,11.0,11.88888888888889,0.6666666666666666,0.4,0.4,52.333333333333336,45.0,50.6
493860,45215,Fremantle Dockers,St Kilda Saints,2021-08-22,2021,23,7.0,0.0,33,6.0,6.0,6.0,0.0,0.0,0.0,22.666666666666668,22.666666666666668,22.666666666666668
619597,46349,Fremantle Dockers,St Kilda Saints,2021-08-22,2021,23,7.0,,33,6.0,6.0,6.0,,,,22.666666666666668,22.666666666666668,22.666666666666668
127063,44330,Adelaide Crows,North Melbourne Kangaroos,2021-08-22,2021,23,18.0,1.0,87,18.0,17.2,12.5,1.0,1.0,0.6,85.0,83.2,68.5
71447,45081,Collingwood Magpies,Essendon Bombers,2021-08-22,2021,23,16.0,1.0,73,14.333333333333334,12.4,13.3,1.0,1.0,0.9,60.0,51.0,61.1
457042,44750,Collingwood Magpies,Essendon Bombers,2021-08-22,2021,23,8.0,0.0,35,4.333333333333333,5.25,5.25,0.0,0.0,0.0,13.666666666666666,17.5,17.5
492075,45195,Fremantle Dockers,St Kilda Saints,2021-08-22,2021,23,16.0,0.0,62,9.666666666666666,10.0,10.8,0.0,0.0,0.1,44.0,41.6,45.9
117451,43314,North Melbourne Kangaroos,Adelaide Crows,2021-08-22,2021,23,17.0,0.0,52,11.0,12.0,14.22222222222222,0.0,0.0,0.0,49.66666666666666,48.8,52.6
350152,43386,Fremantle Dockers,St Kilda Saints,2021-08-22,2021,23,14.0,0.0,44,9.333333333333334,12.2,12.9,0.0,0.4,0.4,37.66666666666666,50.6,50.2
619187,46264,Collingwood Magpies,Essendon Bombers,2021-08-22,2021,23,8.0,,35,6.5,7.0,7.0,,,,13.666666666666666,17.5,17.5
405674,44108,St Kilda Saints,Fremantle Dockers,2021-08-22,2021,23,4.0,0.0,50,6.0,7.0,7.4,0.3333333333333333,0.4,0.3333333333333333,42.66666666666666,47.2,46.66666666666666
111885,44764,Greater Western Sydney Giants,Sydney Swans,2021-08-28,2021,EF,9.0,0.0,30,6.666666666666667,7.2,9.0,0.3333333333333333,0.4,0.2,34.666666666666664,31.4,37.1
86274,43900,Essendon Bombers,Western Bulldogs,2021-08-29,2021,EF,18.0,0.0,64,4.0,8.4,8.9,0.0,0.0,0.0,21.0,38.4,36.7
115812,44552,Greater Western Sydney Giants,Geelong Cats,2021-09-03,2021,SF,10.0,1.0,104,9.0,9.0,8.5,0.6666666666666666,0.6,0.3,78.0,75.8,65.8
43645,43392,Brisbane Lions,Western Bulldogs,2021-09-04,2021,SF,18.0,0.0,64,16.333333333333332,17.6,18.8,0.3333333333333333,0.2,0.2,67.33333333333333,68.0,72.1
75964,44028,Geelong Cats,Melbourne Demons,2021-09-10,2021,PF,8.0,0.0,30,14.666666666666666,16.2,14.8,0.0,0.0,0.1,67.66666666666667,71.6,64.5
39954,45277,Western Bulldogs,Melbourne Demons,2021-09-25,2021,GF,9.0,0.0,43,12.666666666666666,12.8,11.666666666666666,0.0,0.0,0.1,52.66666666666666,49.8,46.4
495479,45238,Carlton Blues,Richmond Tigers,2022-03-17,2022,1,0.0,0.0,0,11.666666666666666,12.0,11.2,0.0,0.4,0.2,48.333333333333336,56.4,47.9
435429,44459,Adelaide Crows,Fremantle Dockers,2022-03-20,2022,1,10.0,0.0,40,19.0,18.6,13.5,0.0,0.0,0.0,73.0,68.6,49.4
342652,43274,West Coast Eagles,North Melbourne Kangaroos,2022-03-27,2022,2,6.0,0.0,28,2.0,5.25,7.0,0.3333333333333333,0.4,0.2,11.0,20.0,28.0
617659,46016,West Coast Eagles,North Melbourne Kangaroos,2022-03-27,2022,2,15.0,1.0,67,,,,,,,,,
375186,43722,West Coast Eagles,North Melbourne Kangaroos,2022-03-27,2022,2,7.0,0.0,39,8.666666666666666,10.0,9.666666666666666,0.0,0.0,0.1,31.666666666666668,38.2,39.0
351168,43396,West Coast Eagles,North Melbourne Kangaroos,2022-03-27,2022,2,15.0,1.0,67,,,,,,,,,
388345,43898,West Coast Eagles,North Melbourne Kangaroos,2022-03-27,2022,2,9.0,0.0,37,10.0,10.25,12.77777777777778,0.3333333333333333,0.2,0.2,47.333333333333336,42.8,49.9
474392,44948,Port Adelaide Power,Adelaide Crows,2022-04-01,2022,3,8.0,0.0,33,9.0,9.0,9.0,0.3333333333333333,0.75,0.75,44.0,45.0,45.0
59243,44715,North Melbourne Kangaroos,Brisbane Lions,2022-04-02,2022,3,9.0,1.0,41,11.0,12.0,15.3,0.0,0.0,0.0,55.0,55.2,58.0
358616,43491,Western Bulldogs,Richmond Tigers,2022-04-09,2022,4,13.0,0.0,42,13.333333333333334,13.333333333333334,13.333333333333334,0.0,0.0,0.0,49.0,49.0,49.0
69390,44826,Collingwood Magpies,Brisbane Lions,2022-04-14,2022,5,6.0,0.0,25,12.0,13.0,13.2,0.0,0.0,0.0,55.0,55.0,60.5
449327,44653,Carlton Blues,Fremantle Dockers,2022-04-23,2022,6,9.0,0.0,35,5.0,7.2,7.428571428571429,0.0,0.0,0.0,13.0,26.6,30.714285714285715
449289,44652,Richmond Tigers,Melbourne Demons,2022-04-24,2022,6,4.0,0.0,17,13.0,12.75,13.444444444444445,1.3333333333333333,0.8,0.7,61.333333333333336,61.0,63.8
365086,43597,Richmond Tigers,West Coast Eagles,2022-04-29,2022,7,16.0,0.0,57,14.0,11.8,14.1,0.3333333333333333,0.2,0.3,48.333333333333336,40.4,53.7
480116,45035,West Coast Eagles,Richmond Tigers,2022-04-29,2022,7,10.0,1.0,51,11.0,11.0,11.0,0.0,0.0,0.0,58.0,58.0,58.0
619447,46313,West Coast Eagles,Richmond Tigers,2022-04-29,2022,7,10.0,1.0,51,11.0,11.0,11.0,,,,58.0,58.0,58.0
423123,44311,Essendon Bombers,Hawthorn Hawks,2022-05-07,2022,8,0.0,0.0,0,,,,,,,,,
618907,46224,West Coast Eagles,Brisbane Lions,2022-05-07,2022,8,8.0,,20,14.0,15.2,15.0,1.0,1.0,1.0,60.333333333333336,64.2,64.8
477162,44996,Richmond Tigers,Collingwood Magpies,2022-05-07,2022,8,0.0,0.0,0,13.0,17.2,14.1,0.6666666666666666,0.4,0.2,51.66666666666666,69.2,57.9
618261,46100,West Coast Eagles,Brisbane Lions,2022-05-07,2022,8,19.0,,83,,,,,,,,,
442315,44546,West Coast Eagles,Brisbane Lions,2022-05-07,2022,8,8.0,0.0,20,14.0,15.2,15.0,0.3333333333333333,0.6,0.4,60.333333333333336,64.2,64.8
382837,43830,West Coast Eagles,Brisbane Lions,2022-05-07,2022,8,19.0,0.0,83,,,,,,,,,
618704,46185,Essendon Bombers,Hawthorn Hawks,2022-05-07,2022,8,,,0,,,,,,,,,
617628,46012,Collingwood Magpies,Western Bulldogs,2022-05-13,2022,9,2.0,,13,13.0,13.0,13.0,,,,59.0,59.0,59.0
426349,44347,Collingwood Magpies,Western Bulldogs,2022-05-13,2022,9,3.0,0.0,14,5.0,7.4,11.555555555555555,0.3333333333333333,0.2,0.1,21.666666666666668,31.6,46.0
348449,43365,Collingwood Magpies,Western Bulldogs,2022-05-13,2022,9,2.0,0.0,13,14.0,14.0,14.0,0.0,0.0,0.0,59.0,59.0,59.0
446783,44606,Richmond Tigers,Hawthorn Hawks,2022-05-14,2022,9,6.0,0.0,23,,,,,,,,,
56208,43370,Sydney Swans,Carlton Blues,2022-05-20,2022,10,9.0,0.0,38,6.0,7.2,7.0,0.3333333333333333,0.8,0.6,32.333333333333336,39.2,36.2
484852,45086,Gold Coast Suns,Western Bulldogs,2022-05-21,2022,10,4.0,0.0,17,5.666666666666667,6.6,7.3,0.0,0.0,0.0,30.666666666666668,33.6,31.4
81722,43464,Adelaide Crows,Geelong Cats,2022-05-28,2022,11,12.0,0.0,46,14.5,13.75,13.77777777777778,0.0,0.0,0.0,51.333333333333336,50.4,53.2
619566,46339,Essendon Bombers,Port Adelaide Power,2022-05-29,2022,11,7.0,,25,2.0,2.0,2.0,1.0,1.0,1.0,21.0,15.75,15.75
491015,45174,Essendon Bombers,Port Adelaide Power,2022-05-29,2022,11,7.0,0.0,25,2.0,1.5,1.5,0.3333333333333333,0.25,0.25,21.0,15.75,15.75
37012,44964,Essendon Bombers,Port Adelaide Power,2022-05-29,2022,11,8.0,0.0,37,12.333333333333334,9.8,11.9,0.0,0.2,0.7,50.66666666666666,42.0,53.9
93940,45164,Western Bulldogs,Geelong Cats,2022-06-03,2022,12,0.0,0.0,0,8.333333333333334,7.8,9.2,1.0,1.0,0.8,47.0,41.6,43.9
496606,45264,West Coast Eagles,Adelaide Crows,2022-06-04,2022,12,8.0,0.0,27,10.666666666666666,8.4,7.833333333333333,1.0,0.6,0.6666666666666666,43.66666666666666,35.6,34.0
444295,44571,West Coast Eagles,Adelaide Crows,2022-06-04,2022,12,2.0,0.0,6,9.333333333333334,14.4,18.2,0.0,0.0,0.1,31.33333333333333,52.8,65.8
377578,43754,Port Adelaide Power,Richmond Tigers,2022-06-09,2022,13,15.0,0.0,38,17.666666666666668,17.2,16.5,0.6666666666666666,0.4,0.2,75.33333333333333,69.8,64.3
125183,43665,Essendon Bombers,Carlton Blues,2022-06-10,2022,13,14.0,0.0,59,18.0,17.25,18.625,0.0,0.4,0.5,67.0,65.2,73.4
3482,45186,Essendon Bombers,Carlton Blues,2022-06-10,2022,13,4.0,0.0,16,7.666666666666667,8.0,8.6,0.6666666666666666,1.2,1.6,37.0,40.4,47.0
617757,46033,Hawthorn Hawks,Fremantle Dockers,2022-06-11,2022,13,3.0,,40,3.0,3.0,3.0,,,,34.5,34.5,34.5
75193,44001,Hawthorn Hawks,Fremantle Dockers,2022-06-11,2022,13,6.0,0.0,21,5.333333333333333,7.2,8.6,0.0,0.0,0.0,18.0,24.2,31.6
434263,44441,St Kilda Saints,Brisbane Lions,2022-06-11,2022,13,6.0,1.0,39,16.333333333333332,16.2,17.9,0.3333333333333333,0.4,0.2,72.33333333333333,70.4,69.8
359763,43511,Hawthorn Hawks,Fremantle Dockers,2022-06-11,2022,13,3.0,0.0,40,3.0,3.0,3.0,0.0,0.0,0.0,34.5,34.5,34.5
397885,44015,North Melbourne Kangaroos,Greater Western Sydney Giants,2022-06-12,2022,13,11.0,0.0,40,11.0,9.6,9.5,0.0,0.0,0.0,44.66666666666666,40.8,39.7
87527,43410,Greater Western Sydney Giants,North Melbourne Kangaroos,2022-06-12,2022,13,7.0,1.0,33,12.0,7.2,8.6,0.6666666666666666,0.4,0.4,47.0,28.2,35.3
559032,45471,Greater Western Sydney Giants,North Melbourne Kangaroos,2022-06-12,2022,13,7.0,1.0,33,12.0,12.0,12.285714285714286,2.0,2.0,1.3333333333333333,47.0,28.2,35.3
25415,44634,Sydney Swans,Port Adelaide Power,2022-06-18,2022,14,9.0,0.0,32,13.0,8.0,7.888888888888889,0.0,0.0,0.0,30.0,22.8,27.6
354203,43436,Greater Western Sydney Giants,Western Bulldogs,2022-06-18,2022,14,12.0,1.0,61,14.333333333333334,13.4,13.8,0.6666666666666666,0.6,0.3,63.0,58.6,55.0
619424,46310,Geelong Cats,Richmond Tigers,2022-06-25,2022,15,,,0,13.666666666666666,14.25,15.2,,,,46.333333333333336,41.2,43.16666666666666
369582,43648,Fremantle Dockers,Carlton Blues,2022-06-25,2022,15,0.0,0.0,0,12.333333333333334,11.6,9.8,0.3333333333333333,0.2,0.4,38.66666666666666,39.8,37.6
483271,45067,Sydney Swans,St Kilda Saints,2022-06-25,2022,15,0.0,0.0,0,2.0,5.2,7.5,0.0,0.4,0.6,10.666666666666666,24.8,37.4
478354,45009,Geelong Cats,Richmond Tigers,2022-06-25,2022,15,0.0,0.0,0,13.666666666666666,11.4,12.666666666666666,0.0,0.0,0.0,46.333333333333336,41.2,43.16666666666666
429563,44382,Port Adelaide Power,Gold Coast Suns,2022-06-26,2022,15,-5.0,0.0,0,0.6666666666666666,-1.0,1.2,0.6666666666666666,0.6,0.7,30.0,22.8,32.9
384240,43848,Port Adelaide Power,Gold Coast Suns,2022-06-26,2022,15,6.0,0.0,43,3.6666666666666665,4.6,5.3,0.0,0.2,0.2,19.666666666666668,22.0,21.7
617966,46042,Collingwood Magpies,Gold Coast Suns,2022-07-02,2022,16,,,0,5.0,5.0,5.0,,,,20.0,20.0,20.0
363028,43552,Collingwood Magpies,Gold Coast Suns,2022-07-02,2022,16,0.0,0.0,0,5.0,5.0,5.0,0.0,0.0,0.0,20.0,20.0,20.0
353208,43418,North Melbourne Kangaroos,Geelong Cats,2022-07-02,2022,16,15.0,0.0,59,3.6666666666666665,5.4,7.4,0.0,0.0,0.1,22.666666666666668,28.2,33.4
118023,44044,Geelong Cats,North Melbourne Kangaroos,2022-07-02,2022,16,0.0,0.0,16,13.666666666666666,13.4,12.2,0.0,0.2,0.2,80.0,71.0,67.1
92990,43466,Melbourne Demons,Adelaide Crows,2022-07-02,2022,16,7.0,2.0,54,9.0,12.0,9.8,0.6666666666666666,0.4,0.5,51.0,61.8,50.7
73901,44251,Richmond Tigers,West Coast Eagles,2022-07-03,2022,16,3.0,0.0,11,10.333333333333334,13.0,15.0,0.0,0.2,0.3,36.66666666666666,55.2,61.7
120455,44544,Port Adelaide Power,Fremantle Dockers,2022-07-03,2022,16,1.0,0.0,15,9.0,10.4,11.9,0.3333333333333333,0.6,0.7,48.0,50.6,56.5
617620,46008,Western Bulldogs,Sydney Swans,2022-07-08,2022,17,9.0,,40,11.0,11.0,11.0,1.0,1.0,1.0,43.0,43.0,43.0
348323,43361,Western Bulldogs,Sydney Swans,2022-07-08,2022,17,9.0,0.0,40,11.0,11.0,11.0,1.0,1.0,1.0,43.0,43.0,43.0
103130,43695,Greater Western Sydney Giants,Port Adelaide Power,2022-07-09,2022,17,7.0,0.0,27,12.0,12.0,11.8,0.0,0.0,0.0,53.333333333333336,50.0,48.3
618839,46214,Brisbane Lions,Essendon Bombers,2022-07-10,2022,17,8.0,1.0,47,,,,,,,,,
437730,44483,Brisbane Lions,Essendon Bombers,2022-07-10,2022,17,8.0,1.0,47,,,,,,,,,
100774,44847,St Kilda Saints,Western Bulldogs,2022-07-15,2022,18,4.0,0.0,28,7.333333333333333,7.6,8.5,1.0,0.8,1.1,65.66666666666667,62.2,65.7
400635,44045,St Kilda Saints,Western Bulldogs,2022-07-15,2022,18,11.0,0.0,56,17.666666666666668,16.2,15.2,0.0,0.0,0.0,68.0,65.6,63.6
131720,44018,Carlton Blues,Geelong Cats,2022-07-16,2022,18,18.0,0.0,74,3.333333333333333,4.6,7.9,0.0,0.0,0.3,31.0,39.6,53.5
341139,43260,Richmond Tigers,North Melbourne Kangaroos,2022-07-16,2022,18,2.0,0.0,8,7.0,6.6,6.8,0.3333333333333333,0.2,0.4,32.0,26.4,29.4
378195,43760,Melbourne Demons,Port Adelaide Power,2022-07-17,2022,18,0.0,0.0,0,15.0,16.6,21.4,0.0,0.0,0.0,50.0,56.4,72.3
128054,44696,Hawthorn Hawks,North Melbourne Kangaroos,2022-07-23,2022,19,0.0,0.0,0,12.333333333333334,13.8,16.7,0.0,0.4,0.6,58.333333333333336,60.2,70.7
133969,44993,Greater Western Sydney Giants,Carlton Blues,2022-07-24,2022,19,1.0,0.0,30,-0.3333333333333333,2.2,3.5,0.0,0.4,0.6,31.0,42.4,48.6
14855,43979,Essendon Bombers,Collingwood Magpies,2022-07-24,2022,19,-4.0,0.0,18,-4.333333333333333,-1.8,1.3,0.0,0.0,0.0,-0.3333333333333333,10.8,23.8
128828,43602,Fremantle Dockers,Melbourne Demons,2022-07-29,2022,20,1.0,0.0,27,7.666666666666667,5.6,6.4,0.0,0.2,0.4,47.66666666666666,43.2,51.6
548901,44215,Sydney Swans,Greater Western Sydney Giants,2022-07-30,2022,20,,,0,12.666666666666666,13.6,14.77777777777778,1.0,1.0,1.0,47.66666666666666,52.4,48.8
441488,44533,Hawthorn Hawks,St Kilda Saints,2022-07-30,2022,20,10.0,0.0,38,11.666666666666666,7.2,4.2,0.0,0.0,0.0,37.66666666666666,23.0,15.8
94236,43586,Brisbane Lions,Richmond Tigers,2022-07-31,2022,20,9.0,0.0,39,8.333333333333334,10.0,8.3,0.0,0.2,0.2,40.66666666666666,45.2,39.7
455372,44732,Greater Western Sydney Giants,Essendon Bombers,2022-08-06,2022,21,9.0,0.0,60,10.0,12.4,11.555555555555555,0.3333333333333333,0.2,0.2,68.0,80.6,82.1
57950,45016,Essendon Bombers,Greater Western Sydney Giants,2022-08-06,2022,21,10.0,1.0,53,7.0,8.2,10.9,1.0,0.6,0.3,33.0,35.6,41.5
81947,43666,Geelong Cats,St Kilda Saints,2022-08-06,2022,21,18.0,0.0,67,8.0,6.8,9.2,0.3333333333333333,0.2,0.3,32.666666666666664,23.2,36.2
71881,45160,North Melbourne Kangaroos,Sydney Swans,2022-08-07,2022,21,12.0,0.0,56,8.666666666666666,8.2,10.3,0.0,0.0,0.0,39.66666666666666,36.6,43.8
83755,43267,Brisbane Lions,Carlton Blues,2022-08-07,2022,21,2.0,0.0,16,14.0,11.0,14.0,0.0,0.0,0.0,46.333333333333336,47.4,57.4
71324,44216,West Coast Eagles,Adelaide Crows,2022-08-07,2022,21,15.0,8.0,120,9.333333333333334,10.6,8.9,2.0,2.6,2.0,58.0,61.8,50.6
11407,44814,Sydney Swans,North Melbourne Kangaroos,2022-08-07,2022,21,0.0,0.0,0,8.0,11.6,8.7,0.0,0.8,0.6,33.333333333333336,50.0,36.9
63844,43288,North Melbourne Kangaroos,Adelaide Crows,2022-08-13,2022,22,15.0,0.0,59,22.5,25.0,23.11111111111111,0.3333333333333333,0.2,0.3,87.33333333333333,92.6,91.9
97019,44574,West Coast Eagles,Fremantle Dockers,2022-08-13,2022,22,9.0,0.0,75,12.333333333333334,14.4,14.7,0.0,0.2,0.3,76.0,75.8,77.5
118875,44375,Western Bulldogs,Greater Western Sydney Giants,2022-08-13,2022,22,6.0,0.0,32,12.333333333333334,12.0,10.5,0.0,0.0,0.0,55.66666666666666,53.2,49.4
408897,44143,Hawthorn Hawks,Richmond Tigers,2022-08-14,2022,22,10.0,0.0,42,10.0,9.6,8.333333333333334,0.0,0.4,0.3333333333333333,36.66666666666666,37.6,35.5
105513,43927,Port Adelaide Power,Adelaide Crows,2022-08-20,2022,23,7.0,2.0,68,11.0,13.0,11.5,0.6666666666666666,0.4,0.4,56.66666666666666,63.8,61.0
61792,43536,Richmond Tigers,Essendon Bombers,2022-08-20,2022,23,0.0,0.0,0,9.333333333333334,8.8,10.22222222222222,0.3333333333333333,0.4,0.7,44.66666666666666,44.2,50.1
133490,44256,West Coast Eagles,Geelong Cats,2022-08-20,2022,23,13.0,0.0,68,8.333333333333334,10.0,9.444444444444445,0.3333333333333333,0.4,0.3,41.333333333333336,44.8,42.2
464466,44830,Adelaide Crows,Port Adelaide Power,2022-08-20,2022,23,4.0,0.0,15,7.333333333333333,9.4,14.0,0.6666666666666666,0.8,0.7,30.0,40.8,56.8
91530,44114,Essendon Bombers,Richmond Tigers,2022-08-20,2022,23,6.0,1.0,31,12.0,13.8,15.666666666666666,0.0,0.0,0.0,47.66666666666666,53.4,58.2
50920,44756,West Coast Eagles,Geelong Cats,2022-08-20,2022,23,25.0,0.0,98,19.666666666666668,19.8,21.2,1.0,0.6,0.4,94.33333333333331,97.2,98.1
375847,43729,West Coast Eagles,Geelong Cats,2022-08-20,2022,23,4.0,0.0,26,7.0,7.8,9.11111111111111,1.0,0.6,0.5,35.666666666666664,35.6,43.8
52986,44588,West Coast Eagles,Geelong Cats,2022-08-20,2022,23,12.0,0.0,47,13.0,15.8,14.333333333333334,0.0,0.0,0.0,48.66666666666666,58.0,51.5
618129,46076,West Coast Eagles,Geelong Cats,2022-08-20,2022,23,4.0,,26,7.0,7.8,8.75,1.5,1.5,1.25,35.666666666666664,35.6,43.8
373449,43694,Adelaide Crows,Port Adelaide Power,2022-08-20,2022,23,5.0,0.0,18,2.0,3.2,4.333333333333333,0.0,0.0,0.1,8.0,9.6,22.0
389787,43919,Gold Coast Suns,North Melbourne Kangaroos,2022-08-20,2022,23,11.0,0.0,41,10.0,10.2,10.0,0.0,0.0,0.1,49.66666666666666,47.8,43.8
55540,45005,Greater Western Sydney Giants,Fremantle Dockers,2022-08-20,2022,23,9.0,0.0,47,2.0,2.25,5.875,0.3333333333333333,0.2,0.1,19.666666666666668,15.2,29.4
619309,46283,Hawthorn Hawks,Western Bulldogs,2022-08-21,2022,23,7.0,1.0,31,,,,,,,,,
415730,44219,St Kilda Saints,Sydney Swans,2022-08-21,2022,23,4.0,0.0,29,13.5,13.75,12.444444444444445,1.0,1.2,0.7,41.66666666666666,56.6,54.8
446468,44593,Carlton Blues,Collingwood Magpies,2022-08-21,2022,23,0.0,0.0,0,8.333333333333334,10.2,14.4,0.3333333333333333,0.2,0.2,31.33333333333333,40.6,56.1
10990,44414,Hawthorn Hawks,Western Bulldogs,2022-08-21,2022,23,5.0,2.0,50,11.666666666666666,13.4,12.2,1.0,0.8,0.6,97.0,84.4,76.8
466808,44859,Hawthorn Hawks,Western Bulldogs,2022-08-21,2022,23,7.0,1.0,31,,,,,,,,,
421116,44283,St Kilda Saints,Sydney Swans,2022-08-21,2022,23,20.0,0.0,76,14.666666666666666,10.4,13.6,0.0,0.0,0.0,69.66666666666667,48.8,57.0
28251,43982,St Kilda Saints,Sydney Swans,2022-08-21,2022,23,30.0,0.0,107,16.5,17.75,16.666666666666668,0.3333333333333333,0.2,0.1,61.66666666666666,58.4,53.5
94187,44807,Brisbane Lions,Richmond Tigers,2022-09-01,2022,EF,10.0,0.0,26,10.666666666666666,13.6,11.1,1.0,0.6,0.8,46.66666666666666,52.0,45.7
115533,43782,Richmond Tigers,Brisbane Lions,2022-09-01,2022,EF,6.0,0.0,22,12.333333333333334,12.6,12.9,1.6666666666666667,1.0,1.0,60.333333333333336,52.4,50.2
106089,45062,Richmond Tigers,Brisbane Lions,2022-09-01,2022,EF,6.0,0.0,33,8.333333333333334,9.0,9.2,0.0,0.0,0.0,28.0,36.6,39.0
105242,44975,Western Bulldogs,Fremantle Dockers,2022-09-03,2022,EF,13.0,1.0,54,6.333333333333333,6.0,10.1,1.0,0.6,0.5,27.666666666666668,26.6,43.2
35610,44553,Fremantle Dockers,Collingwood Magpies,2022-09-10,2022,SF,18.0,1.0,72,25.0,26.4,22.6,0.3333333333333333,0.2,0.2,79.33333333333333,80.6,74.8
103837,44379,Brisbane Lions,Geelong Cats,2022-09-16,2022,PF,13.0,0.0,37,12.333333333333334,14.8,14.7,0.0,0.2,0.3,43.0,58.0,58.1
112066,44765,Sydney Swans,Geelong Cats,2022-09-24,2022,GF,4.0,0.0,11,9.666666666666666,10.8,11.7,1.0,1.0,1.1,56.66666666666666,61.4,70.1
67360,44892,Geelong Cats,Sydney Swans,2022-09-24,2022,GF,26.0,1.0,113,21.666666666666668,19.8,20.2,1.0,0.6,0.3,82.66666666666667,76.8,76.2
356950,43469,Adelaide Crows,Greater Western Sydney Giants,2023-03-19,2023,1,1.0,0.0,12,0.3333333333333333,3.8,6.2,0.0,0.2,0.2,4.666666666666667,19.8,28.5
619629,46357,Geelong Cats,Carlton Blues,2023-03-23,2023,2,1.0,,6,,,,,,,,,
494946,45232,Geelong Cats,Carlton Blues,2023-03-23,2023,2,1.0,0.0,6,,,,,,,,,
365895,43609,Gold Coast Suns,Essendon Bombers,2023-03-26,2023,2,19.0,0.0,81,10.0,12.2,14.0,0.0,0.2,0.2,35.0,46.0,53.0
69841,43528,Collingwood Magpies,Richmond Tigers,2023-03-31,2023,3,2.0,0.0,8,9.333333333333334,9.0,11.857142857142858,0.0,0.6,0.5714285714285714,28.0,32.4,46.285714285714285
124888,43584,Port Adelaide Power,Adelaide Crows,2023-04-01,2023,3,3.0,0.0,16,9.0,9.8,9.7,0.0,0.0,0.0,40.66666666666666,44.2,41.5
352891,43413,North Melbourne Kangaroos,Carlton Blues,2023-04-07,2023,4,9.0,0.0,28,13.0,13.2,9.2,0.0,0.0,0.0,52.0,50.2,33.7
105636,44401,Western Bulldogs,Richmond Tigers,2023-04-08,2023,4,8.0,1.0,35,1.6666666666666667,4.8,8.2,0.0,0.0,0.1,5.333333333333333,16.2,28.5
96647,45259,Fremantle Dockers,Adelaide Crows,2023-04-08,2023,4,10.0,0.0,42,17.0,17.2,16.444444444444443,0.0,0.0,0.0,65.66666666666667,63.8,60.0
100493,44397,Sydney Swans,Port Adelaide Power,2023-04-08,2023,4,0.0,0.0,4,12.0,9.25,10.666666666666666,0.0,0.2,0.1,52.0,42.4,46.0
454029,44710,Carlton Blues,Adelaide Crows,2023-04-13,2023,5,12.0,0.0,55,13.0,13.0,12.7,0.0,0.0,0.0,46.66666666666666,49.2,48.2
496337,45261,Collingwood Magpies,St Kilda Saints,2023-04-16,2023,5,5.0,0.0,22,7.666666666666667,9.2,10.142857142857142,0.6666666666666666,0.4,0.2857142857142857,32.333333333333336,34.4,36.142857142857146
394717,43972,Greater Western Sydney Giants,Hawthorn Hawks,2023-04-16,2023,5,16.0,0.0,45,13.666666666666666,12.0,11.714285714285714,0.3333333333333333,0.2,0.1428571428571428,47.66666666666666,40.8,44.57142857142857
1331,44213,Greater Western Sydney Giants,Brisbane Lions,2023-04-22,2023,6,-2.0,0.0,11,2.0,4.4,6.4,0.0,0.0,0.0,22.33333333333333,33.4,44.7
424144,44328,Hawthorn Hawks,Adelaide Crows,2023-04-23,2023,6,2.0,0.0,17,10.666666666666666,10.4,8.7,0.6666666666666666,0.8,0.4,63.333333333333336,63.2,53.2
464742,44837,Collingwood Magpies,Essendon Bombers,2023-04-25,2023,6,6.0,0.0,58,6.0,3.6,8.0,0.0,0.0,0.0,47.333333333333336,35.8,50.6
131333,43451,Fremantle Dockers,Brisbane Lions,2023-04-29,2023,7,24.0,0.0,72,19.666666666666668,19.2,22.5,0.3333333333333333,0.2,0.2,62.333333333333336,70.0,81.6
414469,44210,Collingwood Magpies,Adelaide Crows,2023-04-30,2023,7,8.0,0.0,34,5.333333333333333,5.25,5.25,0.0,0.25,0.25,22.0,22.5,22.5
426696,44353,North Melbourne Kangaroos,Port Adelaide Power,2023-05-13,2023,9,9.0,0.0,32,8.666666666666666,6.2,6.4,0.3333333333333333,0.4,0.3,40.0,33.4,30.9
619354,46292,Sydney Swans,Fremantle Dockers,2023-05-13,2023,9,5.0,,25,3.0,3.0,3.0,1.0,1.0,1.0,15.0,15.0,15.0
470820,44907,Sydney Swans,Fremantle Dockers,2023-05-13,2023,9,5.0,0.0,25,3.0,3.0,3.0,0.5,0.5,0.5,15.0,15.0,15.0
389644,43915,Sydney Swans,North Melbourne Kangaroos,2023-05-20,2023,10,6.0,0.0,29,6.666666666666667,6.666666666666667,6.666666666666667,0.0,0.0,0.0,27.666666666666668,27.666666666666668,27.666666666666668
618308,46110,Sydney Swans,North Melbourne Kangaroos,2023-05-20,2023,10,6.0,,29,6.666666666666667,6.666666666666667,6.666666666666667,,,,27.666666666666668,27.666666666666668,27.666666666666668
618260,46099,Greater Western Sydney Giants,St Kilda Saints,2023-05-21,2023,10,11.0,,41,6.0,6.0,6.0,,,,31.0,31.0,31.0
382744,43826,Greater Western Sydney Giants,St Kilda Saints,2023-05-21,2023,10,11.0,0.0,41,6.0,6.0,6.0,0.0,0.0,0.0,31.0,31.0,31.0
430169,44388,Sydney Swans,Carlton Blues,2023-05-26,2023,11,3.0,0.0,18,9.0,9.0,9.0,0.0,0.0,0.0,66.0,66.0,66.0
618774,46201,Sydney Swans,Carlton Blues,2023-05-26,2023,11,3.0,,18,9.0,9.0,9.0,,,,66.0,66.0,66.0
446945,44611,Carlton Blues,Melbourne Demons,2023-06-02,2023,12,9.0,0.0,37,9.0,6.8,12.0,0.0,0.0,0.0,41.0,29.2,48.8
67821,43539,Geelong Cats,Western Bulldogs,2023-06-03,2023,12,7.0,0.0,60,14.333333333333334,13.8,14.0,0.0,0.0,0.0,74.33333333333333,71.2,67.4
493955,45217,West Coast Eagles,Collingwood Magpies,2023-06-03,2023,12,,0.0,11,11.666666666666666,12.4,10.8,0.3333333333333333,0.4,0.3,46.333333333333336,49.2,42.3
112158,44942,Geelong Cats,Western Bulldogs,2023-06-03,2023,12,2.0,0.0,4,10.0,11.333333333333334,12.375,1.0,1.4,0.9,38.333333333333336,46.8,47.9
31272,44782,Brisbane Lions,Hawthorn Hawks,2023-06-10,2023,13,13.0,0.0,52,23.666666666666668,19.6,21.0,0.3333333333333333,0.2,0.2,92.0,74.2,76.3
394671,43965,North Melbourne Kangaroos,Greater Western Sydney Giants,2023-06-11,2023,13,25.0,0.0,105,21.0,23.0,23.4,0.0,0.0,0.1,76.33333333333333,89.6,91.3
447157,44614,Western Bulldogs,North Melbourne Kangaroos,2023-06-18,2023,14,5.0,0.0,21,12.666666666666666,11.8,11.555555555555555,0.0,0.0,0.1,58.333333333333336,56.2,54.8
476955,44991,North Melbourne Kangaroos,Western Bulldogs,2023-06-18,2023,14,4.0,0.0,28,6.0,7.0,6.777777777777778,0.3333333333333333,0.2,0.2,38.66666666666666,37.4,32.2
93472,43980,Western Bulldogs,Fremantle Dockers,2023-07-01,2023,16,7.0,1.0,40,7.333333333333333,7.2,9.6,0.3333333333333333,0.4,0.3,36.333333333333336,36.0,43.7
130188,43388,Collingwood Magpies,Western Bulldogs,2023-07-07,2023,17,9.0,0.0,34,12.666666666666666,10.4,10.0,0.3333333333333333,0.2,0.1,55.333333333333336,48.2,45.2
426242,44346,Brisbane Lions,West Coast Eagles,2023-07-08,2023,17,7.0,0.0,28,4.666666666666667,6.6,8.9,0.0,0.0,0.0,25.33333333333333,33.0,38.2
619119,46252,St Kilda Saints,Gold Coast Suns,2023-07-15,2023,18,13.0,,57,,,,,,,,,
450890,44675,St Kilda Saints,Gold Coast Suns,2023-07-15,2023,18,13.0,0.0,57,,,,,,,,,
390567,43930,Hawthorn Hawks,North Melbourne Kangaroos,2023-07-16,2023,18,6.0,0.0,25,8.0,8.0,8.3,1.3333333333333333,1.4,1.5,39.66666666666666,41.6,44.8
618327,46112,Hawthorn Hawks,North Melbourne Kangaroos,2023-07-16,2023,18,6.0,,25,8.0,8.5,8.555555555555555,2.0,2.333333333333333,2.142857142857143,39.66666666666666,41.6,44.8
403358,44076,Carlton Blues,West Coast Eagles,2023-07-22,2023,19,4.0,1.0,25,8.666666666666666,8.0,7.7,0.3333333333333333,0.4,0.3,36.333333333333336,38.8,32.9
447318,44622,Gold Coast Suns,Greater Western Sydney Giants,2023-07-23,2023,19,2.0,1.0,17,5.5,8.0,7.25,0.6666666666666666,0.4,0.2,37.0,42.8,37.9
397757,44011,Adelaide Crows,Melbourne Demons,2023-07-23,2023,19,4.0,0.0,8,17.333333333333332,20.4,20.6,0.0,0.0,0.2,64.66666666666667,72.2,78.8
477421,44999,Fremantle Dockers,Geelong Cats,2023-07-29,2023,20,3.0,0.0,17,5.0,5.0,5.0,0.0,0.0,0.0,18.0,18.0,18.0
357263,43470,Western Bulldogs,Greater Western Sydney Giants,2023-07-29,2023,20,3.0,0.0,21,8.0,9.8,9.77777777777778,0.0,0.0,0.1,29.0,35.0,42.8
77546,43847,Sydney Swans,Essendon Bombers,2023-07-29,2023,20,3.0,0.0,8,12.666666666666666,10.4,9.77777777777778,2.333333333333333,1.8,1.5,77.0,57.4,55.6
619409,46307,Fremantle Dockers,Geelong Cats,2023-07-29,2023,20,3.0,,17,5.0,5.0,5.0,,,,18.0,18.0,18.0
499281,45298,North Melbourne Kangaroos,West Coast Eagles,2023-07-30,2023,20,12.0,0.0,71,13.333333333333334,16.8,15.4,0.0,0.0,0.1,50.66666666666666,63.0,68.1
366358,43617,Fremantle Dockers,West Coast Eagles,2023-08-12,2023,22,7.0,0.0,29,7.333333333333333,6.2,6.5,1.0,0.6,0.9,42.66666666666666,31.6,35.1
447895,44632,West Coast Eagles,Fremantle Dockers,2023-08-12,2023,22,17.0,0.0,75,10.666666666666666,9.8,11.7,0.3333333333333333,0.2,0.2,52.0,45.4,52.2
363757,43565,West Coast Eagles,Fremantle Dockers,2023-08-12,2023,22,9.0,0.0,22,6.333333333333333,7.0,10.77777777777778,0.3333333333333333,0.2,0.2,25.33333333333333,29.8,43.2
10293,43658,North Melbourne Kangaroos,Essendon Bombers,2023-08-12,2023,22,24.0,2.0,80,20.33333333333333,18.6,18.22222222222222,0.3333333333333333,0.2,0.1,61.66666666666666,58.2,59.2
487194,45119,Gold Coast Suns,Sydney Swans,2023-08-12,2023,22,8.0,1.0,46,3.6666666666666665,3.6666666666666665,3.6666666666666665,0.6666666666666666,0.5,0.5,19.0,20.0,20.0
383220,43835,West Coast Eagles,Fremantle Dockers,2023-08-12,2023,22,16.0,0.0,76,11.333333333333334,12.6,11.9,0.0,0.0,0.0,53.66666666666666,57.6,51.4
22283,45267,Hawthorn Hawks,Western Bulldogs,2023-08-13,2023,22,0.0,0.0,0,23.0,20.6,17.4,1.6666666666666667,1.4,0.8,96.33333333333331,86.0,73.6
619307,46281,Collingwood Magpies,Brisbane Lions,2023-08-18,2023,23,5.0,,19,,,,,,,,,
465013,44843,Collingwood Magpies,Brisbane Lions,2023-08-18,2023,23,5.0,0.0,19,,,,,,,,,
51464,44785,Richmond Tigers,North Melbourne Kangaroos,2023-08-19,2023,23,5.0,1.0,63,2.333333333333333,4.2,3.8,1.6666666666666667,1.4,1.5,48.66666666666666,56.2,55.4
130165,43624,Richmond Tigers,North Melbourne Kangaroos,2023-08-19,2023,23,18.0,0.0,70,15.0,14.75,17.666666666666668,0.0,0.2,0.3,52.0,52.2,64.0
40209,43660,Carlton Blues,Gold Coast Suns,2023-08-19,2023,23,7.0,0.0,21,7.0,9.25,11.88888888888889,0.3333333333333333,0.2,0.2,29.33333333333333,39.6,46.0
106937,44955,Adelaide Crows,Sydney Swans,2023-08-19,2023,23,9.0,0.0,50,12.333333333333334,14.8,17.1,0.3333333333333333,0.2,0.4,60.0,63.8,71.2
618217,46092,Greater Western Sydney Giants,Essendon Bombers,2023-08-19,2023,23,13.0,1.0,62,7.0,7.6,6.5,1.0,1.0,1.0,33.666666666666664,33.6,29.0
52424,45306,North Melbourne Kangaroos,Richmond Tigers,2023-08-19,2023,23,23.0,0.0,88,22.33333333333333,17.4,19.1,0.0,0.2,0.1,88.0,70.8,75.9
381254,43803,Greater Western Sydney Giants,Essendon Bombers,2023-08-19,2023,23,13.0,1.0,62,7.0,7.6,6.5,0.6666666666666666,0.6,0.5,33.666666666666664,33.6,29.0
390028,43924,Hawthorn Hawks,Melbourne Demons,2023-08-20,2023,23,8.0,1.0,46,5.0,4.4,5.9,0.6666666666666666,0.6,0.3,24.666666666666668,22.2,26.6
452928,44693,Essendon Bombers,Collingwood Magpies,2023-08-25,2023,24,7.0,0.0,56,8.0,8.4,8.8,0.3333333333333333,0.2,0.2,67.66666666666667,66.4,66.6
8113,44406,Essendon Bombers,Collingwood Magpies,2023-08-25,2023,24,4.0,0.0,14,7.666666666666667,8.4,6.6,0.3333333333333333,0.6,0.6,32.666666666666664,40.0,33.1
132409,44980,Essendon Bombers,Collingwood Magpies,2023-08-25,2023,24,6.0,0.0,40,2.333333333333333,4.0,6.2,0.0,0.2,0.4,30.0,37.4,49.6
345976,43328,Essendon Bombers,Collingwood Magpies,2023-08-25,2023,24,0.0,0.0,0,11.666666666666666,9.6,8.285714285714286,0.0,0.4,0.2857142857142857,56.0,50.6,43.85714285714285
116614,44115,West Coast Eagles,Adelaide Crows,2023-08-26,2023,24,22.0,0.0,89,20.666666666666668,19.4,21.33333333333333,0.0,0.0,0.0,81.0,79.6,78.5
48551,44966,Geelong Cats,Western Bulldogs,2023-08-26,2023,24,,1.0,160,20.33333333333333,19.4,19.6,0.3333333333333333,0.4,0.3,88.0,83.0,80.5
123655,44450,Western Bulldogs,Geelong Cats,2023-08-26,2023,24,15.0,0.0,56,4.0,6.8,9.7,0.0,0.0,0.2,14.333333333333334,23.6,41.2
450887,44674,North Melbourne Kangaroos,Gold Coast Suns,2023-08-26,2023,24,10.0,0.0,38,9.0,13.4,11.8,0.3333333333333333,0.2,0.1,38.66666666666666,52.4,46.9
451951,44683,West Coast Eagles,Adelaide Crows,2023-08-26,2023,24,18.0,0.0,64,16.0,14.0,11.7,0.3333333333333333,0.2,0.3,69.33333333333333,58.4,51.8
46009,43651,Western Bulldogs,Geelong Cats,2023-08-26,2023,24,17.0,0.0,70,12.333333333333334,12.6,11.7,0.0,0.0,0.1,52.333333333333336,51.4,48.1
464996,44842,Hawthorn Hawks,Fremantle Dockers,2023-08-26,2023,24,,0.0,2,8.5,8.5,8.5,2.0,2.0,2.0,57.0,57.0,57.0
29807,44096,North Melbourne Kangaroos,Gold Coast Suns,2023-08-26,2023,24,1.0,1.0,39,12.0,10.0,10.4,0.3333333333333333,0.2,0.1,71.33333333333333,64.4,60.0
484641,45085,North Melbourne Kangaroos,Gold Coast Suns,2023-08-26,2023,24,22.0,0.0,94,23.33333333333333,18.8,19.6,0.6666666666666666,1.0,1.0,89.33333333333333,81.8,77.6
351701,43403,Hawthorn Hawks,Fremantle Dockers,2023-08-26,2023,24,7.0,0.0,22,5.0,5.4,6.111111111111111,0.0,0.0,0.0,22.33333333333333,22.4,21.8
83312,44924,West Coast Eagles,Adelaide Crows,2023-08-26,2023,24,25.0,1.0,101,18.666666666666668,20.0,19.3,0.0,0.0,0.1,61.333333333333336,71.4,72.3
109481,44237,Geelong Cats,Western Bulldogs,2023-08-26,2023,24,17.0,0.0,62,14.666666666666666,15.2,13.88888888888889,0.0,0.0,0.0,56.333333333333336,60.6,52.5
74272,45127,North Melbourne Kangaroos,Gold Coast Suns,2023-08-26,2023,24,12.0,0.0,74,13.666666666666666,10.6,9.5,0.0,0.2,0.2,56.333333333333336,46.2,42.4
110849,44474,Geelong Cats,Western Bulldogs,2023-08-26,2023,24,27.0,0.0,99,15.0,17.4,19.5,0.6666666666666666,0.6,0.7,57.66666666666666,62.8,74.0
398198,44017,Port Adelaide Power,Richmond Tigers,2023-08-27,2023,24,6.0,0.0,28,9.666666666666666,9.0,8.3,0.0,0.0,0.0,58.0,55.6,56.6
125872,44171,Port Adelaide Power,Richmond Tigers,2023-08-27,2023,24,6.0,0.0,31,10.0,8.2,7.8,0.0,0.0,0.1,46.0,40.0,36.0
107951,43560,Sydney Swans,Melbourne Demons,2023-08-27,2023,24,9.0,0.0,25,5.0,4.2,4.555555555555555,0.0,0.0,0.3,20.0,14.8,22.0
7171,43438,Melbourne Demons,Collingwood Magpies,2023-09-07,2023,QF,2.0,0.0,7,24.33333333333333,26.4,26.1,0.6666666666666666,0.4,0.2,98.0,95.0,94.7
53681,44816,Melbourne Demons,Collingwood Magpies,2023-09-07,2023,QF,6.0,0.0,37,7.0,7.8,9.0,1.3333333333333333,2.0,1.4,51.66666666666666,58.0,54.0
91336,44039,Melbourne Demons,Collingwood Magpies,2023-09-07,2023,QF,10.0,0.0,45,7.666666666666667,7.8,11.2,0.0,0.0,0.0,28.33333333333333,28.8,40.2
126112,44041,Sydney Swans,Carlton Blues,2023-09-08,2023,EF,10.0,0.0,50,10.666666666666666,10.4,12.2,0.0,0.0,0.0,59.333333333333336,61.8,66.7
545679,45988,Melbourne Demons,Carlton Blues,2023-09-15,2023,SF,6.0,3.0,52,8.333333333333334,7.4,6.25,1.5,1.3333333333333333,1.25,50.0,44.8,32.1
112913,44325,Port Adelaide Power,Greater Western Sydney Giants,2023-09-16,2023,SF,6.0,0.0,32,8.5,9.25,10.77777777777778,0.0,0.0,0.0,67.66666666666667,71.6,68.6
130424,44444,Port Adelaide Power,Greater Western Sydney Giants,2023-09-16,2023,SF,8.0,0.0,23,5.666666666666667,5.4,7.9,0.0,0.0,0.0,23.0,25.0,35.3
30064,44289,Greater Western Sydney Giants,Collingwood Magpies,2023-09-22,2023,PF,14.0,1.0,87,13.333333333333334,12.4,11.88888888888889,0.6666666666666666,0.6,0.7,58.333333333333336,57.4,57.1
125065,44236,Carlton Blues,Brisbane Lions,2023-09-23,2023,PF,8.0,0.0,52,15.333333333333334,13.8,13.1,1.0,0.8,0.7,78.33333333333333,66.6,71.4
96492,44559,Collingwood Magpies,Brisbane Lions,2023-09-30,2023,GF,4.0,0.0,16,8.0,8.6,9.555555555555555,0.0,0.0,0.0,30.33333333333333,33.8,40.0
68354,43905,Collingwood Magpies,Brisbane Lions,2023-09-30,2023,GF,18.0,2.0,83,26.666666666666668,23.4,22.9,0.6666666666666666,0.8,0.6,88.0,80.6,81.0
19927,43547,Brisbane Lions,Collingwood Magpies,2023-09-30,2023,GF,6.0,0.0,23,10.333333333333334,10.0,11.333333333333334,0.3333333333333333,0.6,0.6,49.0,44.4,53.8
608485,44863,Melbourne Demons,Sydney Swans,2024-03-07,2024,0,-1.0,,29,-1.6666666666666667,1.0,2.2,0.3333333333333333,0.4,0.6,16.666666666666668,33.6,41.2
608403,43902,North Melbourne Kangaroos,Greater Western Sydney Giants,2024-03-16,2024,1,10.0,,32,16.0,13.2,13.88888888888889,0.0,0.0,0.0,59.66666666666666,50.4,54.5
602977,44342,Gold Coast Suns,Adelaide Crows,2024-03-16,2024,1,1.0,,3,8.666666666666666,11.6,14.1,0.0,0.25,0.3333333333333333,35.333333333333336,47.8,58.7
600565,43646,St Kilda Saints,Geelong Cats,2024-03-16,2024,1,15.0,,59,25.33333333333333,26.75,27.33333333333333,0.3333333333333333,0.4,0.5,87.0,91.0,100.7
604167,43345,West Coast Eagles,Greater Western Sydney Giants,2024-03-24,2024,2,6.0,,29,2.0,2.0,2.0,0.0,0.0,0.0,9.0,9.0,9.0
609878,43535,Gold Coast Suns,Western Bulldogs,2024-03-24,2024,2,8.0,,49,10.0,9.4,9.4,2.0,1.3333333333333333,1.75,46.333333333333336,49.2,57.1
608714,43557,Richmond Tigers,Port Adelaide Power,2024-03-24,2024,2,4.0,,17,8.333333333333334,7.8,7.2,0.6666666666666666,1.0,0.8,36.0,38.4,33.4
613282,44654,Adelaide Crows,Melbourne Demons,2024-04-04,2024,4,10.0,,34,9.333333333333334,10.6,10.5,0.0,0.0,0.0,39.0,43.6,43.0
601348,44138,West Coast Eagles,Sydney Swans,2024-04-06,2024,4,12.0,,53,11.0,12.5,8.666666666666666,,0.0,0.0,45.66666666666666,50.6,38.5
619188,46265,West Coast Eagles,Sydney Swans,2024-04-06,2024,4,4.0,,22,,,,,,,,,
607171,44332,Brisbane Lions,Geelong Cats,2024-04-20,2024,6,11.0,,40,16.0,10.6,12.3,0.0,0.3333333333333333,0.25,65.33333333333333,42.8,50.5
603787,44103,Fremantle Dockers,West Coast Eagles,2024-04-20,2024,6,14.0,,60,14.0,12.8,12.0,,,0.0,48.333333333333336,51.0,50.5
619341,46289,North Melbourne Kangaroos,Hawthorn Hawks,2024-04-21,2024,6,2.0,,-2,1.0,1.0,1.0,,,,7.0,7.0,7.0
618956,46236,North Melbourne Kangaroos,Adelaide Crows,2024-04-27,2024,7,13.0,,65,12.5,12.5,12.5,,,,51.0,51.0,51.0
614474,44573,Richmond Tigers,Fremantle Dockers,2024-05-05,2024,8,6.0,,30,9.333333333333334,9.4,8.9,0.0,0.0,0.0,63.0,68.0,63.9
610162,44394,Brisbane Lions,Gold Coast Suns,2024-05-05,2024,8,,,0,13.0,14.0,13.5,1.0,1.25,1.4444444444444444,64.0,71.2,68.1
603331,43947,Richmond Tigers,Fremantle Dockers,2024-05-05,2024,8,10.0,,32,8.0,8.2,8.555555555555555,,0.0,0.0,27.0,27.6,32.1
617987,46046,Western Bulldogs,Hawthorn Hawks,2024-05-05,2024,8,1.0,,21,,,,,,,,,
605395,44016,St Kilda Saints,Hawthorn Hawks,2024-05-11,2024,9,2.0,,12,9.5,11.75,12.833333333333334,1.3333333333333333,1.2,1.2857142857142858,49.333333333333336,52.6,62.142857142857146
604740,43933,North Melbourne Kangaroos,Gold Coast Suns,2024-05-11,2024,9,11.0,,51,9.333333333333334,12.8,14.1,1.0,0.5,0.4444444444444444,58.0,65.2,64.5
601443,43956,Geelong Cats,Gold Coast Suns,2024-05-16,2024,10,9.0,,39,19.33333333333333,20.8,21.33333333333333,,0.0,0.1428571428571428,71.33333333333333,75.2,81.1
600018,43460,Melbourne Demons,West Coast Eagles,2024-05-19,2024,10,3.0,1.0,20,6.0,6.8,7.0,2.0,2.0,1.125,34.666666666666664,38.4,36.0
619172,46257,Hawthorn Hawks,Port Adelaide Power,2024-05-19,2024,10,,,39,,,,,,,,,
601867,44264,North Melbourne Kangaroos,Port Adelaide Power,2024-05-25,2024,11,6.0,,22,8.0,10.2,12.1,1.0,1.0,0.5,32.333333333333336,39.6,44.7
619306,46280,Brisbane Lions,Hawthorn Hawks,2024-05-26,2024,11,,1.0,19,4.0,4.0,4.0,2.0,2.0,2.0,38.66666666666666,38.66666666666666,38.66666666666666
599599,44154,Collingwood Magpies,Western Bulldogs,2024-05-31,2024,12,,,26,3.6666666666666665,5.8,5.6,0.0,2.0,1.625,20.0,34.4,33.2
615415,43610,Geelong Cats,Richmond Tigers,2024-06-01,2024,12,14.0,,70,14.333333333333334,12.0,12.0,,0.5,0.5,79.33333333333333,70.8,70.8
614856,44387,Melbourne Demons,Fremantle Dockers,2024-06-02,2024,12,11.0,,43,9.0,8.75,9.333333333333334,1.0,2.25,1.6666666666666667,55.66666666666666,62.4,59.4
609406,44107,Melbourne Demons,Fremantle Dockers,2024-06-02,2024,12,7.0,,18,21.0,20.4,22.4,0.3333333333333333,0.2,0.2,72.0,71.2,77.9
612128,44427,Adelaide Crows,Richmond Tigers,2024-06-06,2024,13,8.0,,16,9.0,9.25,10.142857142857142,1.0,1.0,0.8,38.0,39.2,43.6
599206,44202,Western Bulldogs,Brisbane Lions,2024-06-07,2024,13,11.0,,46,12.333333333333334,11.2,11.8,,0.0,0.0,44.333333333333336,45.8,49.9
603295,44909,West Coast Eagles,North Melbourne Kangaroos,2024-06-08,2024,13,16.0,,51,14.333333333333334,14.6,14.11111111111111,,,0.3333333333333333,57.0,54.8,59.3
614765,44823,St Kilda Saints,Brisbane Lions,2024-06-14,2024,14,10.0,,47,10.0,13.2,17.3,1.0,1.0,1.0,42.66666666666666,52.0,69.5
609190,45027,Adelaide Crows,Sydney Swans,2024-06-15,2024,14,12.0,,80,11.0,12.4,11.0,0.3333333333333333,0.2,0.1666666666666666,64.33333333333333,68.0,61.833333333333336
599552,44883,Western Bulldogs,Fremantle Dockers,2024-06-15,2024,14,10.0,,50,10.0,11.0,9.88888888888889,0.5,0.25,0.3333333333333333,27.0,38.2,40.0
618501,46152,Collingwood Magpies,North Melbourne Kangaroos,2024-06-16,2024,14,,,27,,,,,,,,,
615878,44012,Geelong Cats,Carlton Blues,2024-06-21,2024,15,3.0,,14,11.333333333333334,10.4,9.7,1.6666666666666667,1.5,2.333333333333333,64.66666666666667,57.4,55.3
600713,43790,Gold Coast Suns,Fremantle Dockers,2024-06-23,2024,15,7.0,1.0,27,11.666666666666666,15.0,17.3,,0.5,0.5714285714285714,46.0,59.8,72.4
617729,46028,Melbourne Demons,Brisbane Lions,2024-06-28,2024,16,2.0,,9,1.0,1.0,1.0,,,,8.0,8.0,8.0
616681,43971,Adelaide Crows,Greater Western Sydney Giants,2024-06-29,2024,16,12.0,,46,14.333333333333334,12.0,10.0,,,0.0,62.0,50.0,41.1
618079,46068,Fremantle Dockers,Sydney Swans,2024-06-29,2024,16,7.0,,32,1.0,1.0,1.0,,,,0.0,0.0,0.0
615761,43525,St Kilda Saints,Port Adelaide Power,2024-06-30,2024,16,6.0,,36,10.666666666666666,10.4,11.5,0.0,0.0,0.6666666666666666,59.333333333333336,51.6,59.0
611554,44228,St Kilda Saints,Port Adelaide Power,2024-06-30,2024,16,10.0,,30,8.666666666666666,10.0,9.8,2.333333333333333,2.5,2.125,50.333333333333336,51.6,49.3
612716,43653,Richmond Tigers,Fremantle Dockers,2024-07-06,2024,17,5.0,,19,5.0,7.8,6.6,2.0,2.0,1.1428571428571428,26.33333333333333,37.2,31.9
601208,44358,Carlton Blues,Western Bulldogs,2024-07-13,2024,18,9.0,,30,13.0,13.4,13.0,0.0,0.0,0.0,42.0,50.4,53.2
602496,45064,North Melbourne Kangaroos,Sydney Swans,2024-07-13,2024,18,4.0,,17,9.333333333333334,11.4,11.8,1.0,1.0,0.8333333333333334,42.0,52.6,52.7
612328,44055,Essendon Bombers,Melbourne Demons,2024-07-13,2024,18,8.0,,29,8.666666666666666,13.0,14.1,1.0,1.0,1.2,36.333333333333336,52.2,58.7
606570,44181,West Coast Eagles,St Kilda Saints,2024-07-20,2024,19,11.0,,49,8.666666666666666,10.0,11.3,1.0,1.0,1.0,43.333333333333336,46.2,49.9
612070,44242,Collingwood Magpies,Hawthorn Hawks,2024-07-20,2024,19,4.0,,21,8.333333333333334,8.4,5.4,1.5,1.75,0.7777777777777778,59.0,59.4,35.6
600709,44650,Geelong Cats,Western Bulldogs,2024-07-20,2024,19,6.0,,25,16.666666666666668,17.4,18.6,,1.0,0.3333333333333333,61.0,66.8,77.7
614358,43763,Carlton Blues,North Melbourne Kangaroos,2024-07-21,2024,19,5.0,,15,7.666666666666667,8.4,7.8,0.0,0.0,0.0,28.33333333333333,33.8,31.1
603173,43656,Carlton Blues,Port Adelaide Power,2024-07-26,2024,20,,,0,9.0,9.6,11.77777777777778,,0.5,0.4285714285714285,30.33333333333333,40.6,49.5
608484,44824,West Coast Eagles,Fremantle Dockers,2024-07-27,2024,20,1.0,,33,2.5,2.333333333333333,3.75,,,,33.666666666666664,30.6,38.0
610388,43781,West Coast Eagles,Fremantle Dockers,2024-07-27,2024,20,12.0,,41,12.333333333333334,12.0,9.444444444444445,1.0,1.0,1.0,50.0,53.2,45.2
615718,43382,Gold Coast Suns,Brisbane Lions,2024-07-27,2024,20,6.0,,18,10.0,10.0,11.0,,1.0,1.0,40.0,39.8,44.6
603643,44053,Adelaide Crows,Hawthorn Hawks,2024-07-28,2024,20,,,13,8.666666666666666,10.0,9.9,1.5,1.3333333333333333,1.1428571428571428,46.333333333333336,49.6,52.1
604573,43997,Collingwood Magpies,Richmond Tigers,2024-07-28,2024,20,,,15,9.666666666666666,10.4,9.7,2.0,2.0,2.0,46.66666666666666,50.6,44.6
618854,46219,Melbourne Demons,Western Bulldogs,2024-08-02,2024,21,11.0,,50,11.0,13.0,13.0,,,,45.333333333333336,52.8,52.8
610169,44165,Gold Coast Suns,West Coast Eagles,2024-08-02,2024,21,9.0,,31,8.666666666666666,10.2,10.375,1.0,1.0,0.6,43.0,52.6,48.125
606150,45007,North Melbourne Kangaroos,Richmond Tigers,2024-08-03,2024,21,17.0,1.0,99,15.0,14.6,12.5,1.0,1.0,1.25,54.0,57.4,51.3
603326,44371,Richmond Tigers,North Melbourne Kangaroos,2024-08-03,2024,21,16.0,,47,11.666666666666666,14.8,17.8,1.5,2.0,1.6,42.333333333333336,53.6,65.7
613659,43415,St Kilda Saints,Brisbane Lions,2024-08-04,2024,21,,,53,19.666666666666668,19.75,20.444444444444443,,,,66.33333333333333,68.2,74.1
615816,43794,Fremantle Dockers,Essendon Bombers,2024-08-04,2024,21,4.0,,15,8.666666666666666,8.2,8.2,3.0,3.0,1.75,48.0,42.8,41.2
612596,43636,Essendon Bombers,Gold Coast Suns,2024-08-10,2024,22,6.0,,26,11.666666666666666,11.6,10.2,3.0,3.0,2.333333333333333,56.0,55.2,48.7
599380,43686,Essendon Bombers,Gold Coast Suns,2024-08-10,2024,22,8.0,,40,5.333333333333333,4.6,5.3,1.0,1.0,0.8333333333333334,27.0,23.4,24.6
611336,45056,Fremantle Dockers,Geelong Cats,2024-08-10,2024,22,6.0,,25,5.666666666666667,7.2,7.8,1.3333333333333333,1.6,1.1,33.333333333333336,38.4,42.2
614626,45206,Essendon Bombers,Sydney Swans,2024-08-16,2024,23,9.0,,28,7.666666666666667,8.0,8.4,0.6666666666666666,0.4,0.4,36.66666666666666,39.0,40.3
605163,43502,Collingwood Magpies,Brisbane Lions,2024-08-17,2024,23,10.0,,21,20.0,12.75,9.666666666666666,1.0,1.0,0.2,73.66666666666667,57.2,42.3
603931,44813,Geelong Cats,St Kilda Saints,2024-08-17,2024,23,5.0,1.0,25,7.666666666666667,9.4,8.11111111111111,,2.0,1.6,32.333333333333336,44.4,39.6
609684,43910,Adelaide Crows,Port Adelaide Power,2024-08-17,2024,23,7.0,,16,5.0,7.2,7.4,1.0,1.0,0.75,24.0,37.4,38.0
617699,46023,Brisbane Lions,Collingwood Magpies,2024-08-17,2024,23,14.0,,54,13.333333333333334,12.2,9.375,,,,40.333333333333336,43.2,35.375
617311,45115,West Coast Eagles,Carlton Blues,2024-08-18,2024,23,5.0,,18,11.0,15.0,11.22222222222222,1.0,1.0,0.5,42.333333333333336,54.6,40.8
611714,43376,North Melbourne Kangaroos,Western Bulldogs,2024-08-18,2024,23,3.0,,11,10.666666666666666,9.8,10.22222222222222,0.0,0.0,0.0,42.66666666666666,39.4,42.1
599323,45270,West Coast Eagles,Carlton Blues,2024-08-18,2024,23,16.0,,70,18.0,17.6,16.8,,,1.0,64.33333333333333,61.8,61.2
603486,43839,North Melbourne Kangaroos,Western Bulldogs,2024-08-18,2024,23,10.0,,43,14.666666666666666,13.6,13.5,1.0,1.0,1.2,68.0,61.4,62.6
599432,43859,West Coast Eagles,Carlton Blues,2024-08-18,2024,23,25.0,,95,16.333333333333332,14.0,19.0,1.0,0.5,0.4285714285714285,53.66666666666666,46.4,68.0
611208,43628,Richmond Tigers,Hawthorn Hawks,2024-08-18,2024,23,-2.0,,7,2.333333333333333,1.4,1.4,0.3333333333333333,0.4,0.4,34.666666666666664,29.4,29.4
603821,44344,Collingwood Magpies,Melbourne Demons,2024-08-23,2024,24,11.0,,37,11.0,12.4,9.7,1.0,2.0,1.0,40.333333333333336,49.2,39.6
610943,44081,Melbourne Demons,Collingwood Magpies,2024-08-23,2024,24,11.0,,35,12.333333333333334,11.6,11.2,,,0.0,61.0,55.6,47.5
599105,45105,Melbourne Demons,Collingwood Magpies,2024-08-23,2024,24,15.0,,61,12.0,13.4,13.6,,,0.0,49.0,52.0,54.1
618522,46156,West Coast Eagles,Geelong Cats,2024-08-24,2024,24,8.0,,34,10.333333333333334,8.6,8.6,,,,33.666666666666664,27.8,27.8
600351,43747,North Melbourne Kangaroos,Hawthorn Hawks,2024-08-24,2024,24,6.0,,26,9.666666666666666,11.0,9.333333333333334,,1.5,0.5,36.0,50.6,39.77777777777778
603663,45293,West Coast Eagles,Geelong Cats,2024-08-24,2024,24,21.0,,68,23.666666666666668,23.75,22.11111111111111,2.0,1.5,1.25,93.0,97.6,96.8
610937,44704,Richmond Tigers,Gold Coast Suns,2024-08-24,2024,24,10.0,1.0,43,13.0,13.6,14.7,1.0,1.0,1.0,46.0,51.4,55.2
603168,44192,Brisbane Lions,Essendon Bombers,2024-08-24,2024,24,5.0,,22,13.0,13.2,10.9,,,0.0,55.333333333333336,53.2,44.6
606263,44207,Essendon Bombers,Brisbane Lions,2024-08-24,2024,24,21.0,,66,11.5,14.25,13.555555555555555,,,1.0,45.0,56.0,56.6
603468,44033,Essendon Bombers,Brisbane Lions,2024-08-24,2024,24,34.0,,102,19.666666666666668,18.2,19.4,,1.0,1.0,63.0,61.2,68.5
610121,44918,North Melbourne Kangaroos,Hawthorn Hawks,2024-08-24,2024,24,11.0,,48,13.333333333333334,10.0,12.1,1.0,1.0,1.0,59.333333333333336,43.6,50.1
614516,45036,Fremantle Dockers,Port Adelaide Power,2024-08-25,2024,24,13.0,1.0,50,10.666666666666666,10.4,9.6,1.6666666666666667,1.8,2.125,55.66666666666666,53.8,50.1
613149,43739,St Kilda Saints,Carlton Blues,2024-08-25,2024,24,18.0,1.0,65,15.333333333333334,13.2,16.5,1.0,1.0,0.6666666666666666,69.0,56.6,63.3
611666,45170,Fremantle Dockers,Port Adelaide Power,2024-08-25,2024,24,4.0,,16,7.333333333333333,8.2,8.9,3.0,3.0,2.2,42.0,44.2,42.9
617160,45125,Geelong Cats,Port Adelaide Power,2024-09-05,2024,QF,4.0,,15,15.666666666666666,17.2,16.9,1.0,1.0,1.0,49.333333333333336,59.6,60.1
602043,45205,Western Bulldogs,Hawthorn Hawks,2024-09-06,2024,EF,7.0,,36,13.666666666666666,12.4,11.2,1.5,1.6666666666666667,1.8571428571428568,63.0,58.2,56.5
606592,45132,Western Bulldogs,Hawthorn Hawks,2024-09-06,2024,EF,4.0,,18,11.333333333333334,12.6,13.0,2.0,2.5,2.875,53.66666666666666,69.2,65.8
612576,44592,Carlton Blues,Brisbane Lions,2024-09-07,2024,EF,24.0,,92,29.0,28.2,24.6,,,1.0,129.0,126.4,113.1
606206,44896,Hawthorn Hawks,Port Adelaide Power,2024-09-13,2024,SF,8.0,,39,7.666666666666667,9.8,7.555555555555555,,0.0,0.2,36.66666666666666,42.0,34.666666666666664
615610,44367,Port Adelaide Power,Hawthorn Hawks,2024-09-13,2024,SF,5.0,1.0,37,11.5,9.75,10.0,,1.0,1.6666666666666667,32.0,37.2,50.3
601858,43728,Port Adelaide Power,Sydney Swans,2024-09-20,2024,PF,12.0,1.0,46,9.333333333333334,10.0,9.3,2.0,2.5,2.5,46.66666666666666,48.2,51.0
615070,43471,Geelong Cats,Brisbane Lions,2024-09-21,2024,PF,10.0,,37,15.0,16.8,16.4,1.0,1.0,1.0,62.0,69.8,65.7
606287,44232,Geelong Cats,Brisbane Lions,2024-09-21,2024,PF,10.0,,34,13.666666666666666,12.8,13.0,,,,68.66666666666667,59.8,62.0
613749,43845,Sydney Swans,Brisbane Lions,2024-09-28,2024,GF,21.0,1.0,88,3.0,7.0,10.0,,,1.0,11.666666666666666,28.0,40.7
607856,43678,Brisbane Lions,Sydney Swans,2024-09-28,2024,GF,16.0,2.0,83,12.333333333333334,13.4,13.5,3.0,2.75,2.6666666666666665,70.0,71.6,70.4
610241,44408,Sydney Swans,Brisbane Lions,2024-09-28,2024,GF,,,6,9.0,9.0,6.625,2.0,1.75,1.875,69.33333333333333,62.4,61.1
614471,43856,Hawthorn Hawks,Essendon Bombers,2025-03-14,2025,1,5.0,,17,7.333333333333333,7.8,7.2,,,,25.33333333333333,31.6,30.7
553467,45828,Fremantle Dockers,Geelong Cats,2025-03-15,2025,1,6.0,,37,5.0,5.0,5.0,,,,51.5,51.5,51.5
601698,43331,Gold Coast Suns,West Coast Eagles,2025-03-16,2025,1,6.0,,30,11.0,11.8,11.2,1.0,1.0,1.0,43.66666666666666,43.8,43.5
617207,43619,St Kilda Saints,Adelaide Crows,2025-03-16,2025,1,4.0,1.0,26,5.0,7.6,8.1,1.0,1.0,0.3333333333333333,20.666666666666668,33.4,35.6
617689,46021,St Kilda Saints,Adelaide Crows,2025-03-16,2025,1,,,68,,,,,,,,,
613422,44431,Collingwood Magpies,Western Bulldogs,2025-03-21,2025,2,,,0,11.0,7.4,6.5,1.0,1.0,1.4285714285714286,49.333333333333336,34.4,33.2
618234,46094,Richmond Tigers,Port Adelaide Power,2025-03-22,2025,2,5.0,1.0,22,,,,,,,,,
615053,45272,Melbourne Demons,North Melbourne Kangaroos,2025-03-23,2025,2,10.0,,33,9.666666666666666,6.4,7.555555555555555,1.0,1.0,1.0,43.0,29.6,32.4
600769,45159,Fremantle Dockers,Sydney Swans,2025-03-23,2025,2,5.0,,12,10.333333333333334,13.8,14.444444444444445,,,,47.66666666666666,57.2,54.5
605008,44979,Port Adelaide Power,Essendon Bombers,2025-03-27,2025,3,5.0,,26,9.0,9.0,10.4,1.0,1.0,1.3333333333333333,55.333333333333336,64.0,74.4
618197,46089,Essendon Bombers,Port Adelaide Power,2025-03-27,2025,3,6.0,,22,8.0,8.0,8.0,3.0,3.0,3.0,58.0,58.0,58.0
605062,43390,Melbourne Demons,Gold Coast Suns,2025-03-29,2025,3,14.0,,47,20.666666666666668,18.4,16.6,1.0,1.0,1.0,78.0,70.0,64.6
609692,44204,Greater Western Sydney Giants,Hawthorn Hawks,2025-03-29,2025,3,8.0,,36,9.333333333333334,8.8,7.6,1.0,1.0,0.4,57.66666666666666,57.4,50.0
606627,43417,Adelaide Crows,Gold Coast Suns,2025-04-05,2025,4,,,19,7.0,7.8,10.1,,1.0,1.0,29.666666666666668,38.8,47.1
609772,44921,Adelaide Crows,Geelong Cats,2025-04-10,2025,5,7.0,,28,13.666666666666666,16.2,20.3,1.0,1.0,1.0,53.0,60.6,76.2
601036,44211,Carlton Blues,West Coast Eagles,2025-04-12,2025,5,10.0,,36,8.333333333333334,8.0,10.8,3.0,2.333333333333333,2.4,55.66666666666666,46.0,57.0
618419,46129,Melbourne Demons,Essendon Bombers,2025-04-12,2025,5,4.0,,12,11.0,11.5,11.5,1.0,1.0,1.0,49.0,48.75,48.75
612222,43474,Essendon Bombers,Melbourne Demons,2025-04-12,2025,5,3.0,,11,12.0,11.8,11.5,,,0.0,73.33333333333333,72.6,70.0
605933,43355,Richmond Tigers,Fremantle Dockers,2025-04-13,2025,5,-2.0,,4,1.0,2.75,2.111111111111111,1.0,1.25,1.375,23.666666666666668,37.0,35.8
614357,43742,Essendon Bombers,West Coast Eagles,2025-04-18,2025,6,14.0,1.0,95,15.5,13.0,11.77777777777778,2.5,1.75,1.5555555555555556,75.66666666666667,71.8,76.6
618012,46052,Port Adelaide Power,Sydney Swans,2025-04-20,2025,6,7.0,1.0,37,6.5,6.5,6.5,1.0,1.0,1.0,29.5,29.5,29.5
615818,43857,Melbourne Demons,Richmond Tigers,2025-04-24,2025,7,3.0,,23,5.333333333333333,7.4,7.7,0.0,0.25,0.3333333333333333,23.666666666666668,32.8,34.8
611139,43647,Adelaide Crows,Fremantle Dockers,2025-04-25,2025,7,18.0,,61,24.33333333333333,27.2,28.666666666666668,,1.0,1.0,69.66666666666667,85.8,92.8
602358,45025,Greater Western Sydney Giants,Western Bulldogs,2025-04-26,2025,7,18.0,,65,13.333333333333334,13.8,9.77777777777778,,,1.0,44.333333333333336,48.2,35.3
603067,45120,North Melbourne Kangaroos,Port Adelaide Power,2025-04-26,2025,7,,,9,18.666666666666668,18.2,15.7,,,,65.33333333333333,66.8,59.6
611206,43625,Carlton Blues,Geelong Cats,2025-04-27,2025,7,15.0,,51,17.666666666666668,18.25,13.666666666666666,,1.0,1.0,70.0,69.2,58.6
604303,44180,Essendon Bombers,North Melbourne Kangaroos,2025-05-01,2025,8,7.0,,28,9.333333333333334,10.25,11.444444444444445,1.0,1.0,1.0,48.0,50.0,52.9
605763,43300,North Melbourne Kangaroos,Essendon Bombers,2025-05-01,2025,8,1.0,,4,8.0,9.0,10.8,,,,27.0,37.2,46.7
613410,44577,Fremantle Dockers,St Kilda Saints,2025-05-02,2025,8,2.0,1.0,39,2.6666666666666665,1.75,3.0,,,1.0,29.666666666666668,23.8,29.2
619648,46365,Geelong Cats,Collingwood Magpies,2025-05-03,2025,8,7.0,1.0,40,6.0,6.0,6.0,,,,29.0,29.0,29.0
607666,44418,West Coast Eagles,Melbourne Demons,2025-05-03,2025,8,13.0,,44,18.33333333333333,18.8,19.33333333333333,,,1.0,71.33333333333333,67.8,73.3
603313,44093,St Kilda Saints,Carlton Blues,2025-05-09,2025,9,11.0,,68,9.666666666666666,11.0,12.0,,,,46.66666666666666,52.6,54.3
618389,46124,Essendon Bombers,Sydney Swans,2025-05-10,2025,9,11.0,,52,,,,,,,,,
616674,43923,Gold Coast Suns,Western Bulldogs,2025-05-10,2025,9,11.0,2.0,74,9.0,9.6,12.3,2.0,1.6666666666666667,1.6666666666666667,44.66666666666666,46.8,57.7
604561,43860,Western Bulldogs,Gold Coast Suns,2025-05-10,2025,9,5.0,,21,11.333333333333334,11.0,11.4,,,1.0,41.66666666666666,42.0,47.5
600269,44659,Sydney Swans,Essendon Bombers,2025-05-10,2025,9,3.0,,18,9.0,6.75,8.25,,,0.0,36.0,27.6,35.7
612144,44760,Hawthorn Hawks,Gold Coast Suns,2025-05-15,2025,10,6.0,,63,7.5,7.75,9.0,1.0,0.5,0.2857142857142857,52.66666666666666,49.8,63.1
603622,44069,Carlton Blues,Sydney Swans,2025-05-16,2025,10,20.0,,76,18.33333333333333,16.8,18.6,1.0,1.0,1.25,76.0,65.8,76.0
610496,44576,Adelaide Crows,Collingwood Magpies,2025-05-17,2025,10,10.0,,39,12.0,14.4,14.0,,,1.0,46.66666666666666,52.6,50.9
609188,43591,Brisbane Lions,Melbourne Demons,2025-05-18,2025,10,19.0,,73,23.5,20.25,19.77777777777778,0.0,0.0,0.1111111111111111,89.0,86.6,86.0
506761,45732,St Kilda Saints,West Coast Eagles,2025-05-18,2025,10,7.0,,32,12.5,12.5,12.5,,,,54.0,54.0,54.0
614503,44846,Richmond Tigers,Essendon Bombers,2025-05-23,2025,11,11.0,,53,8.0,6.6,6.1,,1.0,1.0,44.333333333333336,36.0,34.0
600217,44436,Essendon Bombers,Richmond Tigers,2025-05-23,2025,11,8.0,,33,10.0,8.4,8.9,,,,46.66666666666666,39.4,38.5
617142,44766,Essendon Bombers,Richmond Tigers,2025-05-23,2025,11,15.0,,67,19.0,16.2,13.444444444444445,,,,96.66666666666669,80.0,70.4
615200,43740,Richmond Tigers,Essendon Bombers,2025-05-23,2025,11,11.0,,46,16.333333333333332,19.0,19.3,,1.0,1.0,52.333333333333336,63.4,68.3
602409,44937,Fremantle Dockers,Port Adelaide Power,2025-05-24,2025,11,,,0,16.0,12.666666666666666,12.666666666666666,1.0,1.0,1.0,47.333333333333336,42.5,42.5
606559,45187,West Coast Eagles,Adelaide Crows,2025-05-25,2025,11,7.0,3.0,51,12.0,11.4,10.9,2.0,2.4,2.111111111111111,67.33333333333333,66.6,64.1
618973,46239,St Kilda Saints,Gold Coast Suns,2025-05-25,2025,11,9.0,,39,7.666666666666667,6.75,6.8,,,,44.66666666666666,35.2,34.166666666666664
617540,45994,Greater Western Sydney Giants,Richmond Tigers,2025-05-31,2025,12,2.0,1.0,46,7.333333333333333,7.333333333333333,7.333333333333333,,,,40.66666666666666,40.66666666666666,40.66666666666666
618311,46111,Richmond Tigers,Greater Western Sydney Giants,2025-05-31,2025,12,8.0,,50,6.0,6.0,6.0,,,,42.0,42.0,42.0
601340,45176,Greater Western Sydney Giants,Richmond Tigers,2025-05-31,2025,12,1.0,,3,16.0,16.4,15.7,1.0,1.0,1.0,59.333333333333336,59.6,55.5
601211,44504,Sydney Swans,Adelaide Crows,2025-05-31,2025,12,13.0,,51,10.0,10.0,10.0,,,,18.0,18.0,18.0
599740,44262,Melbourne Demons,St Kilda Saints,2025-06-01,2025,12,3.0,,12,13.333333333333334,9.2,8.555555555555555,,2.0,0.4,51.0,37.8,31.6
618506,46153,Melbourne Demons,St Kilda Saints,2025-06-01,2025,12,4.0,1.0,33,5.5,6.0,6.0,1.0,1.0,1.0,26.0,30.25,30.25
613973,43868,Western Bulldogs,Hawthorn Hawks,2025-06-05,2025,13,5.0,,26,8.0,7.2,9.444444444444445,0.0,0.0,0.1,29.33333333333333,30.0,38.8
618383,46122,Sydney Swans,Richmond Tigers,2025-06-07,2025,13,2.0,,12,5.666666666666667,7.4,7.857142857142857,2.0,1.6666666666666667,1.5,25.33333333333333,33.2,36.142857142857146
615093,43269,Sydney Swans,Richmond Tigers,2025-06-07,2025,13,6.0,,19,10.333333333333334,12.4,14.9,1.0,1.0,1.0,41.333333333333336,48.2,55.4
615172,43576,Geelong Cats,Gold Coast Suns,2025-06-07,2025,13,10.0,,83,-2.0,-0.75,2.2222222222222223,,,2.0,10.0,15.4,32.0
614752,44273,Gold Coast Suns,Geelong Cats,2025-06-07,2025,13,10.0,,32,12.333333333333334,11.4,9.8,,0.0,0.0,52.333333333333336,49.6,41.4
609109,44389,Richmond Tigers,Sydney Swans,2025-06-07,2025,13,19.0,,80,20.33333333333333,17.2,14.0,,,,78.33333333333333,68.0,52.4
618391,46125,Collingwood Magpies,Melbourne Demons,2025-06-09,2025,13,9.0,1.0,38,7.0,7.0,7.0,,,,52.0,52.0,52.0
604737,44116,Hawthorn Hawks,Adelaide Crows,2025-06-13,2025,14,4.0,,15,17.0,13.4,11.666666666666666,,,1.0,63.66666666666666,47.4,45.22222222222222
605599,44663,Brisbane Lions,Greater Western Sydney Giants,2025-06-14,2025,14,1.0,,6,14.666666666666666,13.4,13.3,,,,67.33333333333333,63.4,61.5
618094,46071,Essendon Bombers,Geelong Cats,2025-06-14,2025,14,10.0,,24,9.0,8.25,8.25,,1.0,1.0,38.0,35.25,35.25
618101,46073,Greater Western Sydney Giants,Brisbane Lions,2025-06-14,2025,14,7.0,,33,4.0,4.0,4.0,,,,25.5,25.5,25.5
600962,43675,Greater Western Sydney Giants,Brisbane Lions,2025-06-14,2025,14,3.0,,7,14.333333333333334,14.4,17.0,,1.0,1.5,54.66666666666666,55.8,73.5
609007,43701,North Melbourne Kangaroos,Fremantle Dockers,2025-06-14,2025,14,8.0,,40,7.666666666666667,8.0,9.2,,,1.0,31.666666666666668,29.6,36.5
613077,43281,West Coast Eagles,Carlton Blues,2025-06-15,2025,14,7.0,,27,8.333333333333334,10.6,9.1,3.0,2.6666666666666665,2.0,57.0,59.4,51.1
606615,43275,Fremantle Dockers,Essendon Bombers,2025-06-19,2025,15,6.0,,17,7.666666666666667,7.8,10.3,,,,30.666666666666668,28.6,37.9
607703,44903,Fremantle Dockers,Essendon Bombers,2025-06-19,2025,15,12.0,,63,9.666666666666666,9.0,12.7,,1.0,1.0,36.66666666666666,33.2,46.1
608345,43741,Fremantle Dockers,Essendon Bombers,2025-06-19,2025,15,8.0,,41,6.333333333333333,8.0,7.8,,,,23.33333333333333,29.4,30.5
603037,44649,Essendon Bombers,Fremantle Dockers,2025-06-19,2025,15,31.0,,96,27.666666666666668,27.2,26.0,,,1.0,86.66666666666667,91.2,93.5
613940,43489,Port Adelaide Power,Sydney Swans,2025-06-21,2025,15,21.0,,71,20.0,20.6,19.6,,1.0,1.0,68.33333333333333,73.6,73.7
607340,43391,Carlton Blues,North Melbourne Kangaroos,2025-06-21,2025,15,17.0,,73,15.0,16.6,14.714285714285714,,1.0,1.0,53.333333333333336,61.0,54.57142857142857
607603,43816,Port Adelaide Power,Sydney Swans,2025-06-21,2025,15,3.0,,17,9.0,8.8,10.0,1.0,2.0,1.5,41.0,43.6,46.7
599132,45112,Western Bulldogs,Richmond Tigers,2025-06-22,2025,15,,,35,25.0,25.4,28.9,1.0,1.0,1.5,81.33333333333333,88.0,103.4
618736,46193,Greater Western Sydney Giants,Gold Coast Suns,2025-06-22,2025,15,11.0,,63,11.0,11.0,11.0,,,,63.5,63.5,63.5
550443,45886,Richmond Tigers,Western Bulldogs,2025-06-22,2025,15,14.0,,47,15.666666666666666,12.2,9.8,,,1.0,64.0,47.0,38.7
608043,43427,Carlton Blues,Port Adelaide Power,2025-06-26,2025,16,11.0,,34,7.5,11.0,12.333333333333334,,,,21.33333333333333,37.8,46.2
605700,44932,Carlton Blues,Port Adelaide Power,2025-06-26,2025,16,10.0,,28,14.666666666666666,13.2,14.3,,,,58.333333333333336,59.0,65.9
601166,44224,Western Bulldogs,Sydney Swans,2025-06-27,2025,16,2.0,,12,5.666666666666667,8.8,8.7,1.3333333333333333,1.8,1.625,37.0,50.6,49.3
606649,43996,Western Bulldogs,Sydney Swans,2025-06-27,2025,16,21.0,1.0,79,15.666666666666666,17.4,19.444444444444443,1.0,1.0,2.0,54.333333333333336,63.0,68.5
607402,44109,West Coast Eagles,Collingwood Magpies,2025-06-28,2025,16,,,2,3.6666666666666665,5.6,8.1,,1.0,1.0,34.333333333333336,39.6,47.6
610469,44407,North Melbourne Kangaroos,Hawthorn Hawks,2025-06-28,2025,16,9.0,,43,22.666666666666668,18.8,15.5,,,,88.33333333333333,76.0,59.9
619593,46348,Collingwood Magpies,West Coast Eagles,2025-06-28,2025,16,4.0,1.0,19,,,,,,,,,
617035,43822,North Melbourne Kangaroos,Hawthorn Hawks,2025-06-28,2025,16,9.0,1.0,33,12.333333333333334,10.6,16.9,1.0,1.0,1.0,49.333333333333336,39.4,54.6
611945,44272,Richmond Tigers,Adelaide Crows,2025-06-29,2025,16,2.0,,11,5.666666666666667,7.2,7.2,1.6666666666666667,1.75,1.75,36.333333333333336,41.6,44.7
605181,43530,St Kilda Saints,Fremantle Dockers,2025-06-29,2025,16,,,0,8.0,9.2,8.0,1.0,1.0,1.0,37.333333333333336,40.6,35.2
615120,43764,Western Bulldogs,North Melbourne Kangaroos,2025-07-03,2025,17,8.0,,34,12.0,11.4,13.3,,,,50.66666666666666,51.0,57.5
617532,45992,West Coast Eagles,Greater Western Sydney Giants,2025-07-04,2025,17,10.0,,23,12.5,9.0,9.0,,,,31.33333333333333,27.4,27.4
618658,46176,Greater Western Sydney Giants,West Coast Eagles,2025-07-04,2025,17,5.0,,39,6.0,6.0,6.0,1.0,1.0,1.0,28.0,28.0,28.0
611605,44747,Hawthorn Hawks,St Kilda Saints,2025-07-05,2025,17,5.0,1.0,40,10.5,7.25,7.428571428571429,3.0,3.0,1.0,57.66666666666666,43.2,42.125
611745,43753,Geelong Cats,Richmond Tigers,2025-07-05,2025,17,,,0,10.0,12.0,13.8,,,1.0,42.66666666666666,53.6,56.7
539796,45362,Richmond Tigers,Geelong Cats,2025-07-05,2025,17,17.0,,77,9.666666666666666,11.8,11.875,1.0,1.0,1.0,48.0,60.2,54.11111111111112
608831,43507,Essendon Bombers,Gold Coast Suns,2025-07-05,2025,17,15.0,1.0,79,28.666666666666668,29.0,27.0,1.0,1.0,1.0,113.66666666666669,117.8,106.1
604850,44744,Richmond Tigers,Geelong Cats,2025-07-05,2025,17,8.0,,20,12.333333333333334,15.4,13.7,1.0,1.5,1.2,54.66666666666666,63.2,59.4
618629,46172,Richmond Tigers,Geelong Cats,2025-07-05,2025,17,,,4,11.0,11.0,13.666666666666666,2.0,1.6666666666666667,1.5714285714285714,55.0,52.2,59.1
612139,44547,Gold Coast Suns,Essendon Bombers,2025-07-05,2025,17,9.0,1.0,90,3.6666666666666665,8.2,11.5,,,1.0,32.0,54.6,68.6
607829,45200,St Kilda Saints,Hawthorn Hawks,2025-07-05,2025,17,1.0,,6,9.666666666666666,11.4,12.8,,,,48.333333333333336,54.6,55.8
602746,45151,Port Adelaide Power,Brisbane Lions,2025-07-05,2025,17,,,0,7.666666666666667,9.8,9.1,1.0,1.0,1.0,48.0,56.4,59.5
614719,44509,Hawthorn Hawks,St Kilda Saints,2025-07-05,2025,17,1.0,,3,8.0,8.0,8.4,,,,40.0,39.2,35.3
603781,44751,Port Adelaide Power,Brisbane Lions,2025-07-05,2025,17,,,4,15.666666666666666,15.6,12.1,,,,68.66666666666667,66.2,54.1
614493,44723,Port Adelaide Power,Brisbane Lions,2025-07-05,2025,17,16.0,2.0,63,18.0,14.4,15.3,1.0,1.0,1.4285714285714286,70.33333333333333,56.4,62.9
607889,43283,Sydney Swans,Fremantle Dockers,2025-07-06,2025,17,8.0,2.0,57,9.333333333333334,8.8,9.0,2.0,2.6666666666666665,2.5,46.66666666666666,52.6,52.3
611892,44419,Carlton Blues,Brisbane Lions,2025-07-10,2025,18,,1.0,45,13.0,12.6,13.7,2.5,2.25,2.25,61.66666666666666,66.0,61.2
612677,43295,Brisbane Lions,Carlton Blues,2025-07-10,2025,18,,,30,12.333333333333334,13.8,14.1,,1.0,1.0,51.66666666666666,60.0,59.9
613054,43805,Carlton Blues,Brisbane Lions,2025-07-10,2025,18,14.0,1.0,61,11.666666666666666,12.25,10.77777777777778,1.6666666666666667,1.5,1.625,51.333333333333336,51.4,47.6
599186,43553,Carlton Blues,Brisbane Lions,2025-07-10,2025,18,7.0,,38,9.666666666666666,9.4,9.4,1.0,1.0,1.0,44.66666666666666,42.0,39.0
612234,43589,Western Bulldogs,Adelaide Crows,2025-07-12,2025,18,9.0,,50,7.333333333333333,6.4,6.666666666666667,,,,56.66666666666666,49.2,46.1
612552,44374,Essendon Bombers,Richmond Tigers,2025-07-12,2025,18,5.0,,18,23.0,26.0,26.6,,1.5,1.4,87.0,96.6,104.7
616840,44897,Essendon Bombers,Richmond Tigers,2025-07-12,2025,18,18.0,,76,23.33333333333333,22.0,22.3,,1.0,1.0,98.0,92.6,96.0
601519,44338,Hawthorn Hawks,Fremantle Dockers,2025-07-12,2025,18,8.0,,28,13.0,14.4,17.77777777777778,,,,45.66666666666666,55.4,64.7
618141,46078,Western Bulldogs,Adelaide Crows,2025-07-12,2025,18,10.0,,24,8.333333333333334,8.0,7.6,,,1.0,29.33333333333333,28.0,27.8
603634,45118,Essendon Bombers,Richmond Tigers,2025-07-12,2025,18,19.0,1.0,66,15.666666666666666,14.2,12.4,,,1.0,42.333333333333336,40.2,39.7
608181,43496,Adelaide Crows,Western Bulldogs,2025-07-12,2025,18,2.0,,8,8.333333333333334,6.6,7.0,,,,37.333333333333336,28.8,28.7
619426,46311,Geelong Cats,Greater Western Sydney Giants,2025-07-12,2025,18,,,21,21.0,21.0,21.0,1.0,1.0,1.0,84.0,84.0,84.0
612921,44031,Geelong Cats,Greater Western Sydney Giants,2025-07-12,2025,18,-1.0,1.0,19,3.6666666666666665,4.4,2.7,1.5,1.25,1.2857142857142858,49.333333333333336,51.4,40.9
618475,46145,Western Bulldogs,Adelaide Crows,2025-07-12,2025,18,2.0,1.0,14,10.333333333333334,7.2,6.5,2.0,1.5,1.5,44.66666666666666,32.4,29.0
607253,44083,Port Adelaide Power,West Coast Eagles,2025-07-13,2025,18,22.0,3.0,112,9.666666666666666,10.2,14.4,1.0,1.0,1.0,63.0,62.4,77.8
602518,43492,St Kilda Saints,Sydney Swans,2025-07-13,2025,18,4.0,,27,8.666666666666666,8.4,8.9,1.5,2.333333333333333,1.8333333333333333,39.66666666666666,41.2,43.7
617907,46039,West Coast Eagles,Port Adelaide Power,2025-07-13,2025,18,7.0,,20,6.0,6.0,6.0,,,,21.0,21.0,21.0
606313,44278,Melbourne Demons,North Melbourne Kangaroos,2025-07-13,2025,18,3.0,,30,6.666666666666667,6.2,6.9,,,,56.0,51.0,51.6
619554,46334,Essendon Bombers,Greater Western Sydney Giants,2025-07-17,2025,19,10.0,,36,15.0,15.0,15.0,,,,63.0,63.0,63.0
610068,44184,Western Bulldogs,Brisbane Lions,2025-07-18,2025,19,6.0,,30,11.333333333333334,9.4,8.9,,,,48.66666666666666,42.4,40.1
601344,43590,North Melbourne Kangaroos,Sydney Swans,2025-07-19,2025,19,,,3,6.0,6.4,8.1,,0.0,0.2857142857142857,26.0,29.2,40.7
605925,45242,West Coast Eagles,Richmond Tigers,2025-07-19,2025,19,,,0,6.333333333333333,7.8,8.3,1.5,1.5,1.625,35.666666666666664,46.6,47.9
609253,45078,Melbourne Demons,Carlton Blues,2025-07-19,2025,19,6.0,,20,7.666666666666667,6.8,8.5,1.0,1.0,1.2,30.33333333333333,30.6,42.8
605984,44238,Richmond Tigers,West Coast Eagles,2025-07-19,2025,19,9.0,,39,9.5,10.0,10.22222222222222,,1.5,1.5,29.0,38.6,46.1
603892,44348,Hawthorn Hawks,Port Adelaide Power,2025-07-19,2025,19,9.0,,41,8.0,9.6,13.6,1.0,1.0,1.0,33.666666666666664,33.8,47.6
605617,44685,West Coast Eagles,Richmond Tigers,2025-07-19,2025,19,4.0,,23,7.666666666666667,8.6,9.0,1.0,1.0,1.25,31.33333333333333,34.6,35.2
616823,44697,North Melbourne Kangaroos,Sydney Swans,2025-07-19,2025,19,17.0,,71,17.0,14.6,14.7,,,1.0,68.33333333333333,59.8,64.0
618499,46150,Melbourne Demons,Carlton Blues,2025-07-19,2025,19,4.0,1.0,39,1.6666666666666667,1.0,0.8,1.0,1.0,1.5,37.66666666666666,25.8,27.0
611245,44158,Fremantle Dockers,Collingwood Magpies,2025-07-20,2025,19,14.0,,54,19.666666666666668,19.4,19.3,,,1.0,71.66666666666667,71.0,73.3
618500,46151,Gold Coast Suns,Adelaide Crows,2025-07-20,2025,19,12.0,,38,,,,,,,,,
607533,45171,Gold Coast Suns,Adelaide Crows,2025-07-20,2025,19,4.0,1.0,34,8.0,7.0,7.1,1.5,1.3333333333333333,1.3333333333333333,39.66666666666666,34.2,34.3
614218,43577,Gold Coast Suns,Adelaide Crows,2025-07-20,2025,19,11.0,,50,12.0,13.0,16.375,1.0,1.0,1.0,61.66666666666666,58.0,66.0
599746,44334,Hawthorn Hawks,Carlton Blues,2025-07-24,2025,20,3.0,,14,5.333333333333333,5.8,6.5,1.0,1.0,0.3333333333333333,22.0,19.8,29.142857142857142
614336,43731,Carlton Blues,Hawthorn Hawks,2025-07-24,2025,20,16.0,1.0,75,20.33333333333333,21.8,21.9,1.0,1.0,1.0,76.66666666666667,90.8,87.8
601828,43659,Carlton Blues,Hawthorn Hawks,2025-07-24,2025,20,10.0,2.0,63,15.666666666666666,13.6,12.5,3.0,3.0,2.5,73.33333333333333,65.4,66.5
599058,43540,Carlton Blues,Hawthorn Hawks,2025-07-24,2025,20,19.0,1.0,85,24.33333333333333,23.0,24.4,1.0,1.0,1.0,85.66666666666667,85.0,95.3
611377,44804,Sydney Swans,Greater Western Sydney Giants,2025-07-25,2025,20,20.0,,81,14.333333333333334,15.0,19.0,,,,62.66666666666666,61.8,75.4
598983,43846,Sydney Swans,Greater Western Sydney Giants,2025-07-25,2025,20,10.0,,47,5.666666666666667,5.0,8.5,,1.0,1.6666666666666667,24.666666666666668,28.8,40.6
567285,45399,Essendon Bombers,Western Bulldogs,2025-07-25,2025,20,12.0,1.0,54,10.333333333333334,10.0,11.0,1.6666666666666667,1.6666666666666667,1.8571428571428568,59.66666666666666,49.6,54.7
605147,43477,Greater Western Sydney Giants,Sydney Swans,2025-07-25,2025,20,11.0,,57,11.333333333333334,10.2,12.88888888888889,,,,44.333333333333336,41.4,53.3
607939,43973,Sydney Swans,Greater Western Sydney Giants,2025-07-25,2025,20,6.0,,15,7.666666666666667,7.4,7.0,,1.0,1.0,40.333333333333336,37.0,31.9
608156,44783,Essendon Bombers,Western Bulldogs,2025-07-25,2025,20,9.0,,33,20.33333333333333,17.6,16.5,,,,82.0,69.8,62.4
553510,45507,Port Adelaide Power,Adelaide Crows,2025-07-26,2025,20,8.0,,33,12.333333333333334,14.2,12.8,,,1.0,49.66666666666666,54.2,48.7
598319,45310,North Melbourne Kangaroos,Geelong Cats,2025-07-26,2025,20,7.0,,35,6.333333333333333,7.0,7.333333333333333,,,,43.66666666666666,35.6,35.857142857142854
611711,43377,Port Adelaide Power,Adelaide Crows,2025-07-26,2025,20,14.0,,39,14.0,16.2,19.1,1.0,1.5,1.25,78.33333333333333,81.4,89.2
618702,46184,Gold Coast Suns,Brisbane Lions,2025-07-26,2025,20,2.0,,10,5.666666666666667,5.666666666666667,5.666666666666667,1.0,1.0,1.0,27.33333333333333,27.33333333333333,27.33333333333333
602300,44439,Brisbane Lions,Gold Coast Suns,2025-07-26,2025,20,2.0,,12,4.333333333333333,5.2,6.1,1.0,1.0,1.0,28.666666666666668,26.6,27.2
618747,46195,North Melbourne Kangaroos,Geelong Cats,2025-07-26,2025,20,8.0,1.0,36,6.666666666666667,6.0,6.333333333333333,1.0,1.0,1.0,37.66666666666666,34.2,35.666666666666664
604113,44763,West Coast Eagles,Fremantle Dockers,2025-07-26,2025,20,15.0,2.0,52,26.0,24.6,21.1,1.5,1.5,1.3333333333333333,105.66666666666669,92.2,78.0
539786,45612,West Coast Eagles,Fremantle Dockers,2025-07-26,2025,20,16.0,,51,14.333333333333334,13.8,12.9,1.0,1.0,1.0,63.0,65.8,57.4
617526,45991,Richmond Tigers,Collingwood Magpies,2025-07-27,2025,20,3.0,,12,5.666666666666667,5.666666666666667,5.666666666666667,2.0,2.0,2.0,26.0,26.0,26.0
618696,46181,Melbourne Demons,St Kilda Saints,2025-07-27,2025,20,9.0,2.0,42,12.5,11.25,13.666666666666666,,,,33.0,36.6,47.3
601878,44985,Melbourne Demons,St Kilda Saints,2025-07-27,2025,20,2.0,,22,13.0,11.75,11.333333333333334,,1.0,1.0,47.66666666666666,45.8,41.6
609796,45039,Collingwood Magpies,Richmond Tigers,2025-07-27,2025,20,9.0,,22,13.333333333333334,11.8,11.0,1.0,1.0,1.0,50.0,50.0,45.9
508524,45858,St Kilda Saints,Melbourne Demons,2025-07-27,2025,20,11.0,,52,15.0,14.5,15.2,,,,59.66666666666666,56.0,59.0
615486,44453,Greater Western Sydney Giants,Western Bulldogs,2025-07-31,2025,21,7.0,,23,8.666666666666666,10.2,12.0,,1.0,1.0,37.0,39.0,44.2
600826,43612,Adelaide Crows,Hawthorn Hawks,2025-08-01,2025,21,1.0,,2,8.333333333333334,9.6,8.9,,,2.0,39.0,39.0,38.1
604368,44529,Hawthorn Hawks,Adelaide Crows,2025-08-01,2025,21,19.0,,65,18.666666666666668,17.2,17.6,1.0,1.0,1.0,71.33333333333333,69.4,72.9
616600,43707,Hawthorn Hawks,Adelaide Crows,2025-08-01,2025,21,19.0,1.0,89,21.666666666666668,21.4,18.1,1.0,1.6666666666666667,1.5,75.33333333333333,86.4,69.8
612790,44365,Collingwood Magpies,Brisbane Lions,2025-08-02,2025,21,8.0,,35,10.666666666666666,9.4,9.8,,,1.0,36.66666666666666,30.6,38.3
604226,43779,West Coast Eagles,Melbourne Demons,2025-08-02,2025,21,6.0,,22,13.333333333333334,10.8,11.0,,,,61.66666666666666,48.6,49.0
600467,44048,Collingwood Magpies,Brisbane Lions,2025-08-02,2025,21,,1.0,19,10.0,10.0,9.0,1.0,1.4,1.5555555555555556,55.333333333333336,57.4,47.8
618233,46093,Richmond Tigers,Gold Coast Suns,2025-08-02,2025,21,,,0,9.0,8.6,7.666666666666667,1.3333333333333333,1.25,1.1666666666666667,44.0,44.0,40.8
619380,46297,Richmond Tigers,Gold Coast Suns,2025-08-02,2025,21,3.0,,25,7.0,6.8,7.2,1.0,1.0,1.0,39.333333333333336,36.8,38.7
601840,43708,Collingwood Magpies,Brisbane Lions,2025-08-02,2025,21,8.0,,30,11.333333333333334,10.4,10.9,,,,35.666666666666664,37.2,44.8
619385,46299,Essendon Bombers,Sydney Swans,2025-08-02,2025,21,1.0,,10,7.0,7.0,7.0,,,,35.666666666666664,35.666666666666664,35.666666666666664
613085,44409,Fremantle Dockers,Carlton Blues,2025-08-03,2025,21,12.0,1.0,63,7.666666666666667,9.0,8.8,,2.0,0.6,38.0,44.6,42.0
618488,46147,Port Adelaide Power,Geelong Cats,2025-08-03,2025,21,4.0,,17,9.0,11.2,10.0,,,1.0,30.0,36.0,35.375
603450,45241,Port Adelaide Power,Geelong Cats,2025-08-03,2025,21,8.0,,34,8.333333333333334,9.0,9.9,,,0.0,34.333333333333336,36.8,41.1
610711,44708,Carlton Blues,Fremantle Dockers,2025-08-03,2025,21,15.0,,69,8.666666666666666,11.4,12.1,2.0,2.0,1.6666666666666667,59.0,67.2,71.7
607214,43487,Port Adelaide Power,Geelong Cats,2025-08-03,2025,21,14.0,,55,16.666666666666668,16.0,18.2,,,1.0,59.0,60.4,70.7
618982,46241,Carlton Blues,Fremantle Dockers,2025-08-03,2025,21,-1.0,1.0,20,8.333333333333334,6.4,6.4,,,,63.0,52.4,52.4
613767,43987,North Melbourne Kangaroos,St Kilda Saints,2025-08-03,2025,21,8.0,,21,7.666666666666667,8.4,8.1,1.0,1.0,1.0,35.0,37.8,33.8
611934,44642,St Kilda Saints,North Melbourne Kangaroos,2025-08-03,2025,21,,1.0,37,7.666666666666667,7.4,8.3,2.0,1.5,1.4285714285714286,57.0,52.8,60.4
612405,44261,North Melbourne Kangaroos,St Kilda Saints,2025-08-03,2025,21,7.0,3.0,58,10.0,10.25,9.88888888888889,3.6666666666666665,3.5,2.333333333333333,76.0,67.6,59.1
599492,44010,St Kilda Saints,North Melbourne Kangaroos,2025-08-03,2025,21,7.0,,33,10.0,10.2,8.7,,,1.0,37.66666666666666,43.2,36.2
613972,43499,St Kilda Saints,North Melbourne Kangaroos,2025-08-03,2025,21,8.0,1.0,50,13.0,15.4,17.0,,1.0,1.0,49.333333333333336,57.0,68.1
616030,44510,Collingwood Magpies,Hawthorn Hawks,2025-08-07,2025,22,18.0,,73,25.0,23.0,21.9,,,0.5,96.66666666666669,87.6,88.1
616766,44086,Collingwood Magpies,Hawthorn Hawks,2025-08-07,2025,22,4.0,,13,7.333333333333333,10.0,9.4,1.5,1.3333333333333333,1.2,37.66666666666666,43.6,45.2
618772,46200,Essendon Bombers,Geelong Cats,2025-08-08,2025,22,7.0,,42,8.666666666666666,9.6,9.166666666666666,1.0,1.75,1.75,45.66666666666666,55.0,52.833333333333336
610042,44029,St Kilda Saints,Richmond Tigers,2025-08-09,2025,22,4.0,,19,9.0,8.0,11.3,1.0,1.0,1.25,36.66666666666666,32.6,46.5
604874,43564,St Kilda Saints,Richmond Tigers,2025-08-09,2025,22,22.0,,91,17.666666666666668,15.6,16.4,,,1.0,66.66666666666667,58.0,64.6
605512,44322,Port Adelaide Power,Fremantle Dockers,2025-08-09,2025,22,9.0,2.0,51,9.666666666666666,10.75,10.444444444444445,2.0,2.5,2.0,51.333333333333336,46.8,47.6
618414,46128,St Kilda Saints,Richmond Tigers,2025-08-09,2025,22,2.0,,9,8.333333333333334,8.333333333333334,8.333333333333334,1.5,1.5,1.5,55.333333333333336,55.333333333333336,55.333333333333336
615803,43732,Brisbane Lions,Sydney Swans,2025-08-09,2025,22,5.0,,47,4.0,8.6,9.5,0.0,0.0,0.0,31.0,47.6,53.2
539596,45885,Brisbane Lions,Sydney Swans,2025-08-09,2025,22,2.0,1.0,18,8.333333333333334,7.2,7.2,3.0,3.0,3.0,51.333333333333336,43.2,43.2
610690,44817,Gold Coast Suns,Carlton Blues,2025-08-09,2025,22,2.0,,14,7.0,5.8,6.777777777777778,1.0,1.5,1.8571428571428568,31.0,23.8,37.8
618825,46211,Brisbane Lions,Sydney Swans,2025-08-09,2025,22,3.0,1.0,21,4.333333333333333,4.8,4.8,,2.0,2.0,20.0,23.8,23.8
603262,44801,Brisbane Lions,Sydney Swans,2025-08-09,2025,22,6.0,,23,2.6666666666666665,4.8,7.5,,,0.2,13.0,18.6,32.6
608751,44428,Sydney Swans,Brisbane Lions,2025-08-09,2025,22,19.0,,57,17.5,18.75,20.88888888888889,1.3333333333333333,1.3333333333333333,1.1666666666666667,86.33333333333333,80.4,83.9
613699,43989,North Melbourne Kangaroos,Greater Western Sydney Giants,2025-08-10,2025,22,2.0,,8,17.0,16.6,16.333333333333332,,,,69.0,59.0,55.1
618343,46115,West Coast Eagles,Adelaide Crows,2025-08-10,2025,22,1.0,,10,8.666666666666666,6.8,9.857142857142858,,,1.0,33.666666666666664,27.0,38.42857142857143
601899,44175,Adelaide Crows,West Coast Eagles,2025-08-10,2025,22,2.0,,9,6.0,6.8,10.9,,,2.0,23.0,29.2,49.7
601225,44722,Western Bulldogs,Melbourne Demons,2025-08-10,2025,22,10.0,,38,8.333333333333334,7.8,12.8,1.0,1.0,1.0,44.66666666666666,40.4,58.8
601135,45072,North Melbourne Kangaroos,Greater Western Sydney Giants,2025-08-10,2025,22,4.0,,38,12.333333333333334,8.6,7.8,1.0,1.0,1.2,79.33333333333333,53.0,47.4
617513,45989,Melbourne Demons,Western Bulldogs,2025-08-10,2025,22,5.0,,27,,,,,,,,,
601308,45265,Melbourne Demons,Western Bulldogs,2025-08-10,2025,22,21.0,,67,13.666666666666666,10.4,12.333333333333334,,,,53.0,42.2,47.8
617304,43766,North Melbourne Kangaroos,Greater Western Sydney Giants,2025-08-10,2025,22,8.0,,37,8.666666666666666,6.8,6.666666666666667,,,1.3333333333333333,34.333333333333336,28.2,27.7
601907,43486,Adelaide Crows,West Coast Eagles,2025-08-10,2025,22,10.0,,50,7.333333333333333,7.2,7.0,2.0,1.6666666666666667,1.0,51.0,44.0,40.0
609839,45142,Western Bulldogs,Melbourne Demons,2025-08-10,2025,22,,,45,4.5,9.75,10.555555555555555,,1.0,1.6666666666666667,13.666666666666666,32.2,40.4
619202,46266,West Coast Eagles,Adelaide Crows,2025-08-10,2025,22,4.0,,37,4.666666666666667,4.25,5.333333333333333,1.0,1.0,1.0,32.666666666666664,31.4,33.2
610024,43751,West Coast Eagles,Adelaide Crows,2025-08-10,2025,22,16.0,,77,21.0,22.4,22.7,,,,85.0,91.6,87.9
618130,46077,St Kilda Saints,Essendon Bombers,2025-08-15,2025,23,8.0,,22,,,,,,,,,
600048,44064,Essendon Bombers,St Kilda Saints,2025-08-15,2025,23,14.0,,74,12.666666666666666,14.6,13.9,,1.0,1.0,50.66666666666666,57.0,54.0
603709,44060,Brisbane Lions,Fremantle Dockers,2025-08-15,2025,23,3.0,,23,14.666666666666666,12.8,11.4,1.0,1.0,1.0,71.66666666666667,61.6,54.1
617625,46011,Brisbane Lions,Fremantle Dockers,2025-08-15,2025,23,3.0,,10,,,,,,,,,
608511,44946,Port Adelaide Power,Carlton Blues,2025-08-16,2025,23,3.0,,14,13.0,11.4,12.1,,,,43.66666666666666,41.4,48.6
613033,45268,Port Adelaide Power,Carlton Blues,2025-08-16,2025,23,15.0,,80,27.33333333333333,26.6,26.1,,,1.0,91.0,90.6,95.4
523876,45688,Carlton Blues,Port Adelaide Power,2025-08-16,2025,23,16.0,,54,18.0,15.0,15.1,,,,79.66666666666667,68.0,63.8
598327,45689,Port Adelaide Power,Carlton Blues,2025-08-16,2025,23,7.0,,35,15.666666666666666,12.6,9.857142857142858,1.0,1.0,1.0,64.66666666666667,49.8,41.0
605045,44749,Adelaide Crows,Collingwood Magpies,2025-08-16,2025,23,18.0,1.0,78,18.0,17.4,18.2,1.6666666666666667,1.6,1.7777777777777777,84.33333333333333,82.4,80.6
612365,44071,Gold Coast Suns,Greater Western Sydney Giants,2025-08-16,2025,23,6.0,,35,4.333333333333333,4.4,7.6,1.0,1.0,1.3333333333333333,18.0,16.6,34.9
609404,43833,Carlton Blues,Port Adelaide Power,2025-08-16,2025,23,14.0,,47,12.333333333333334,11.0,12.3,1.0,1.0,1.5,53.333333333333336,47.0,56.5
534777,45318,Collingwood Magpies,Adelaide Crows,2025-08-16,2025,23,,,9,9.666666666666666,9.4,10.0,1.0,1.0,1.0,54.333333333333336,53.8,56.1
604468,44871,Adelaide Crows,Collingwood Magpies,2025-08-16,2025,23,5.0,,23,10.5,12.25,15.22222222222222,1.0,0.75,0.5555555555555556,34.333333333333336,39.6,53.9
609747,44557,Adelaide Crows,Collingwood Magpies,2025-08-16,2025,23,6.0,,19,5.0,9.0,11.0,,,1.0,29.33333333333333,37.0,46.7
612470,45152,Richmond Tigers,North Melbourne Kangaroos,2025-08-17,2025,23,2.0,,3,21.33333333333333,22.4,21.0,,,,94.66666666666669,97.8,84.3
611331,44641,West Coast Eagles,Western Bulldogs,2025-08-17,2025,23,9.0,1.0,54,5.0,8.2,8.8,,,1.5,23.33333333333333,38.8,40.6
619625,46355,North Melbourne Kangaroos,Richmond Tigers,2025-08-17,2025,23,2.0,1.0,11,10.0,10.0,10.0,,,,36.0,36.0,36.0
614102,44855,Western Bulldogs,West Coast Eagles,2025-08-17,2025,23,6.0,,6,13.333333333333334,15.2,16.666666666666668,1.0,1.0,1.3333333333333333,53.66666666666666,54.4,63.1
614067,44362,West Coast Eagles,Western Bulldogs,2025-08-17,2025,23,26.0,,95,22.0,19.8,19.0,1.0,1.0,1.0,79.33333333333333,71.6,72.0
588238,45557,Richmond Tigers,North Melbourne Kangaroos,2025-08-17,2025,23,2.0,1.0,21,7.5,7.333333333333333,7.0,2.0,1.5,1.6666666666666667,25.666666666666668,23.6,27.5
519016,45429,Sydney Swans,Geelong Cats,2025-08-17,2025,23,8.0,,28,6.333333333333333,9.2,11.2,,,1.0,29.0,34.8,47.0
601487,45308,North Melbourne Kangaroos,Richmond Tigers,2025-08-17,2025,23,2.0,1.0,8,10.0,11.0,10.2,2.5,2.6666666666666665,2.5,65.0,62.4,57.2
618056,46065,Sydney Swans,Geelong Cats,2025-08-17,2025,23,7.0,,23,10.0,10.0,10.0,,,,38.0,38.0,38.0
613362,44244,Sydney Swans,Geelong Cats,2025-08-17,2025,23,17.0,2.0,109,7.0,8.0,9.6,,2.0,1.25,27.33333333333333,36.8,43.7
612967,44070,Carlton Blues,Essendon Bombers,2025-08-21,2025,24,16.0,,73,17.666666666666668,15.4,15.9,,,1.0,77.0,76.0,76.0
593289,45475,Carlton Blues,Essendon Bombers,2025-08-21,2025,24,15.0,,80,14.666666666666666,14.2,14.555555555555555,1.0,1.0,1.0,73.66666666666667,65.8,71.5
618516,46155,Essendon Bombers,Carlton Blues,2025-08-21,2025,24,10.0,,39,8.333333333333334,10.0,13.5,,,,33.333333333333336,39.6,51.875
613196,43642,Carlton Blues,Essendon Bombers,2025-08-21,2025,24,28.0,,87,24.5,24.0,23.22222222222222,2.0,2.0,1.3333333333333333,105.33333333333331,96.4,87.1
606095,43938,Essendon Bombers,Carlton Blues,2025-08-21,2025,24,14.0,,39,17.0,16.0,13.1,1.0,1.0,1.2,70.33333333333333,63.8,55.0
603919,43799,Carlton Blues,Essendon Bombers,2025-08-21,2025,24,19.0,3.0,104,14.333333333333334,12.6,9.7,2.6666666666666665,2.25,2.0,80.0,68.4,49.2
618989,46243,Carlton Blues,Essendon Bombers,2025-08-21,2025,24,7.0,1.0,35,7.0,7.0,7.0,1.0,1.0,1.0,33.666666666666664,39.25,39.25
604336,44437,Carlton Blues,Essendon Bombers,2025-08-21,2025,24,17.0,1.0,97,15.333333333333334,15.0,14.1,3.6666666666666665,3.0,2.857142857142857,95.33333333333331,82.6,77.7
612313,44019,Carlton Blues,Essendon Bombers,2025-08-21,2025,24,15.0,,69,20.0,18.4,18.1,,,,79.0,72.4,76.5
617903,46037,Carlton Blues,Essendon Bombers,2025-08-21,2025,24,15.0,,65,10.666666666666666,11.2,12.2,,1.0,1.0,45.66666666666666,49.8,49.0
508929,45753,Carlton Blues,Essendon Bombers,2025-08-21,2025,24,8.0,2.0,41,9.333333333333334,9.4,7.333333333333333,1.0,1.75,1.4285714285714286,45.66666666666666,46.4,39.2
619646,46364,Carlton Blues,Essendon Bombers,2025-08-21,2025,24,19.0,,85,9.666666666666666,9.666666666666666,9.666666666666666,,,,37.0,37.0,37.0
617886,46036,Carlton Blues,Essendon Bombers,2025-08-21,2025,24,5.0,,26,14.5,14.5,14.5,,,,53.0,53.0,53.0
606054,45207,Carlton Blues,Essendon Bombers,2025-08-21,2025,24,13.0,,64,11.0,11.2,13.3,,,,44.0,46.4,58.4
603976,44037,Carlton Blues,Essendon Bombers,2025-08-21,2025,24,36.0,1.0,106,31.33333333333333,27.6,27.6,,,1.0,103.66666666666669,96.0,94.8
619619,46353,Carlton Blues,Essendon Bombers,2025-08-21,2025,24,4.0,1.0,17,8.333333333333334,6.8,7.9,2.0,2.0,1.25,51.66666666666666,38.0,37.1
619671,46371,Carlton Blues,Essendon Bombers,2025-08-21,2025,24,14.0,2.0,90,7.0,6.5,4.5,2.0,1.5,1.5,49.66666666666666,47.6,39.285714285714285
609680,43631,Carlton Blues,Essendon Bombers,2025-08-21,2025,24,22.0,,87,19.33333333333333,17.2,14.1,,,,84.33333333333333,76.0,61.8
607774,44542,Carlton Blues,Essendon Bombers,2025-08-21,2025,24,22.0,1.0,74,9.0,9.4,9.9,1.0,1.0,1.1666666666666667,44.0,40.2,45.6
609941,45297,Carlton Blues,Essendon Bombers,2025-08-21,2025,24,6.0,,17,14.5,12.0,11.75,,1.0,1.3333333333333333,47.0,39.6,48.4
614625,45167,Carlton Blues,Essendon Bombers,2025-08-21,2025,24,28.0,,89,28.666666666666668,25.2,26.7,,1.0,2.0,88.66666666666667,86.2,95.2
599097,44850,Carlton Blues,Essendon Bombers,2025-08-21,2025,24,11.0,,76,10.666666666666666,11.4,11.5,,,1.0,57.333333333333336,60.8,62.0
617198,45249,Carlton Blues,Essendon Bombers,2025-08-21,2025,24,18.0,1.0,68,18.33333333333333,17.8,16.7,1.5,1.5,1.5714285714285714,66.66666666666667,62.2,66.2
600345,43266,Carlton Blues,Essendon Bombers,2025-08-21,2025,24,29.0,,92,18.0,19.0,18.4,1.0,1.0,1.0,74.66666666666667,76.6,73.8
602439,43761,Carlton Blues,Essendon Bombers,2025-08-21,2025,24,15.0,,63,6.666666666666667,6.4,7.4,1.0,1.0,1.0,29.0,27.6,30.7
599935,43855,Melbourne Demons,Collingwood Magpies,2025-08-22,2025,24,17.0,3.0,92,13.0,14.0,14.7,3.0,2.75,2.4444444444444446,67.66666666666667,74.2,71.4
616151,44986,Melbourne Demons,Collingwood Magpies,2025-08-22,2025,24,15.0,,45,15.0,13.8,12.8,,1.0,1.0,60.0,59.4,60.4
618652,46174,Melbourne Demons,Collingwood Magpies,2025-08-22,2025,24,26.0,1.0,95,13.666666666666666,15.25,17.666666666666668,1.6666666666666667,1.5,1.5,59.66666666666666,57.0,59.3
609095,43808,Port Adelaide Power,Gold Coast Suns,2025-08-22,2025,24,21.0,,81,20.666666666666668,22.2,21.22222222222222,,,1.0,83.66666666666667,87.0,81.5
602026,44630,Melbourne Demons,Collingwood Magpies,2025-08-22,2025,24,30.0,,101,27.666666666666668,27.25,25.88888888888889,1.0,1.0,1.0,91.33333333333331,92.2,88.4
608948,43541,Melbourne Demons,Collingwood Magpies,2025-08-22,2025,24,15.0,,60,14.333333333333334,14.0,14.4,1.0,1.25,1.4,64.66666666666667,65.6,64.3
616274,43406,Port Adelaide Power,Gold Coast Suns,2025-08-22,2025,24,22.0,,94,22.666666666666668,18.8,20.0,1.0,1.0,1.0,96.66666666666669,75.2,73.2
618674,46179,Port Adelaide Power,Gold Coast Suns,2025-08-22,2025,24,17.0,1.0,70,16.0,13.5,13.142857142857142,,,,63.66666666666666,56.2,57.25
604492,44902,Melbourne Demons,Collingwood Magpies,2025-08-22,2025,24,,,2,4.0,3.6666666666666665,3.125,,,1.3333333333333333,30.666666666666668,26.6,32.4
608217,45049,Port Adelaide Power,Gold Coast Suns,2025-08-22,2025,24,9.0,,67,16.0,16.2,11.7,,1.0,1.0,98.0,103.4,82.9
539853,45934,Melbourne Demons,Collingwood Magpies,2025-08-22,2025,24,12.0,1.0,52,12.0,11.0,11.0,1.6666666666666667,1.5,1.5714285714285714,77.33333333333333,64.8,61.1
617641,46014,Port Adelaide Power,Gold Coast Suns,2025-08-22,2025,24,14.0,,45,11.333333333333334,8.6,8.5,1.0,1.0,1.0,57.333333333333336,42.0,39.0
619282,46271,Port Adelaide Power,Gold Coast Suns,2025-08-22,2025,24,14.0,1.0,42,13.0,12.25,15.77777777777778,1.0,1.0,1.2,55.333333333333336,57.6,70.4
611788,43881,Port Adelaide Power,Gold Coast Suns,2025-08-22,2025,24,15.0,4.0,93,11.333333333333334,12.4,12.1,2.0,1.8,2.9,62.0,62.8,71.7
601983,44851,Melbourne Demons,Collingwood Magpies,2025-08-22,2025,24,27.0,,100,28.0,26.2,23.2,,,,103.66666666666669,100.2,92.3
604453,44689,Melbourne Demons,Collingwood Magpies,2025-08-22,2025,24,,1.0,40,12.333333333333334,9.2,8.7,2.333333333333333,2.0,1.5,79.33333333333333,59.2,51.3
609445,44183,Port Adelaide Power,Gold Coast Suns,2025-08-22,2025,24,17.0,,64,11.333333333333334,11.4,11.555555555555555,,,1.0,48.333333333333336,47.8,43.8
611491,43878,Melbourne Demons,Collingwood Magpies,2025-08-22,2025,24,23.0,,115,22.0,20.0,18.666666666666668,1.0,1.0,1.0,122.0,118.2,110.5
602277,44834,Port Adelaide Power,Gold Coast Suns,2025-08-22,2025,24,34.0,1.0,142,21.0,21.8,24.33333333333333,2.0,2.0,1.5,86.0,85.0,96.7
599305,44899,Gold Coast Suns,Port Adelaide Power,2025-08-22,2025,24,8.0,,28,3.0,6.2,9.9,,,1.0,14.666666666666666,27.4,41.3
607503,44413,Port Adelaide Power,Gold Coast Suns,2025-08-22,2025,24,10.0,,44,11.333333333333334,8.4,7.7,1.5,1.6666666666666667,1.2857142857142858,48.0,43.4,39.3
616020,44410,Melbourne Demons,Collingwood Magpies,2025-08-22,2025,24,12.0,,51,11.0,11.4,13.11111111111111,,,1.0,40.333333333333336,46.2,56.0
602794,43498,Port Adelaide Power,Gold Coast Suns,2025-08-22,2025,24,13.0,,67,9.666666666666666,7.2,8.3,1.0,1.0,1.6,69.33333333333333,53.4,59.8
606243,43425,Melbourne Demons,Collingwood Magpies,2025-08-22,2025,24,24.0,,93,24.33333333333333,22.4,22.33333333333333,,,,89.66666666666667,85.6,82.7
615036,44386,Melbourne Demons,Collingwood Magpies,2025-08-22,2025,24,23.0,,106,21.0,17.25,17.0,,,,80.0,69.4,71.3
600430,44095,Melbourne Demons,Collingwood Magpies,2025-08-22,2025,24,12.0,,45,8.333333333333334,9.2,10.6,1.0,1.0,1.0,36.66666666666666,36.8,44.8
609326,44702,Melbourne Demons,Collingwood Magpies,2025-08-22,2025,24,16.0,2.0,67,19.33333333333333,20.0,20.0,1.0,2.0,2.2222222222222223,82.66666666666667,87.0,86.9
618733,46192,Port Adelaide Power,Gold Coast Suns,2025-08-22,2025,24,15.0,1.0,75,,,,,,,,,
613773,43311,Port Adelaide Power,Gold Coast Suns,2025-08-22,2025,24,3.0,,7,18.33333333333333,14.4,17.555555555555557,,,0.2,63.0,49.6,59.5
617253,43495,Port Adelaide Power,Gold Coast Suns,2025-08-22,2025,24,35.0,,152,22.666666666666668,24.0,27.4,,,1.0,84.33333333333333,88.8,97.1
619623,46354,Port Adelaide Power,Gold Coast Suns,2025-08-22,2025,24,8.0,1.0,49,6.0,6.0,6.0,3.0,3.0,3.0,40.66666666666666,40.66666666666666,40.66666666666666
617521,45990,Gold Coast Suns,Port Adelaide Power,2025-08-22,2025,24,9.0,,37,7.0,6.6,6.428571428571429,,,,30.33333333333333,28.0,24.857142857142858
601943,44681,Melbourne Demons,Collingwood Magpies,2025-08-22,2025,24,23.0,1.0,104,19.666666666666668,18.6,19.8,1.0,1.0,1.0,78.0,77.6,84.0
600808,45305,Port Adelaide Power,Gold Coast Suns,2025-08-22,2025,24,9.0,,51,5.333333333333333,6.4,5.5,,,,46.333333333333336,47.0,46.2
602735,45126,Melbourne Demons,Collingwood Magpies,2025-08-22,2025,24,13.0,,60,12.666666666666666,11.4,12.3,1.0,1.0,1.0,57.66666666666666,51.4,58.3
618868,46220,Port Adelaide Power,Gold Coast Suns,2025-08-22,2025,24,12.0,,46,10.333333333333334,9.2,10.1,1.0,1.0,1.0,39.66666666666666,39.6,41.0
616649,43743,Port Adelaide Power,Gold Coast Suns,2025-08-22,2025,24,21.0,,67,20.33333333333333,19.2,17.9,,,,84.0,79.4,75.6
605894,45150,Melbourne Demons,Collingwood Magpies,2025-08-22,2025,24,22.0,,77,21.666666666666668,22.0,22.0,1.0,1.0,1.0,90.0,97.0,94.9
605809,44464,Port Adelaide Power,Gold Coast Suns,2025-08-22,2025,24,8.0,,39,16.0,12.0,12.11111111111111,,1.0,1.0,49.0,49.6,46.7
602658,44461,Collingwood Magpies,Melbourne Demons,2025-08-22,2025,24,9.0,1.0,57,8.0,9.4,9.5,1.0,1.0,2.0,38.333333333333336,46.4,53.8
608713,44462,Melbourne Demons,Collingwood Magpies,2025-08-22,2025,24,17.0,,52,12.666666666666666,13.0,12.4,,,,43.333333333333336,47.4,45.9
616805,44792,Port Adelaide Power,Gold Coast Suns,2025-08-22,2025,24,11.0,,41,5.333333333333333,5.5,7.777777777777778,2.0,2.6666666666666665,2.0,30.0,35.4,41.2
612988,44313,Port Adelaide Power,Gold Coast Suns,2025-08-22,2025,24,3.0,1.0,25,5.333333333333333,4.8,5.4,1.5,1.3333333333333333,1.3333333333333333,33.0,25.6,24.9
599370,43277,Port Adelaide Power,Gold Coast Suns,2025-08-22,2025,24,,,47,11.666666666666666,10.6,9.0,1.0,1.0,1.0,75.66666666666667,71.0,57.3
603531,44254,Melbourne Demons,Collingwood Magpies,2025-08-22,2025,24,14.0,,39,17.0,17.2,16.1,1.0,1.0,1.0,59.66666666666666,66.2,63.1
606388,44470,Melbourne Demons,Collingwood Magpies,2025-08-22,2025,24,12.0,2.0,57,10.0,9.0,9.6,1.5,1.5,2.625,37.333333333333336,42.0,56.0
618344,46116,Gold Coast Suns,Port Adelaide Power,2025-08-22,2025,24,9.0,,50,,,,,,,,,
606138,43652,Melbourne Demons,Collingwood Magpies,2025-08-22,2025,24,10.0,,40,14.666666666666666,11.6,10.2,1.5,1.3333333333333333,1.2857142857142858,66.33333333333333,54.0,47.9
619182,46263,Port Adelaide Power,Gold Coast Suns,2025-08-22,2025,24,5.0,,35,,,,,,,,,
616320,44795,Melbourne Demons,Collingwood Magpies,2025-08-22,2025,24,22.0,,75,20.0,22.4,21.4,1.0,1.0,1.0,84.33333333333333,92.2,83.6
619118,46251,North Melbourne Kangaroos,Adelaide Crows,2025-08-23,2025,24,2.0,,13,7.0,7.0,7.0,1.5,1.5,1.5,33.5,33.5,33.5
616409,43449,West Coast Eagles,Sydney Swans,2025-08-23,2025,24,6.0,,28,8.333333333333334,8.75,10.333333333333334,1.0,1.0,1.1428571428571428,42.0,45.4,50.8
605156,43483,Sydney Swans,West Coast Eagles,2025-08-23,2025,24,14.0,3.0,75,10.0,10.0,7.777777777777778,1.0,1.25,1.1428571428571428,51.333333333333336,51.6,41.0
606823,44828,Sydney Swans,West Coast Eagles,2025-08-23,2025,24,11.0,2.0,90,14.333333333333334,15.0,14.333333333333334,1.0,1.0,1.0,71.33333333333333,68.0,74.6
610376,43687,North Melbourne Kangaroos,Adelaide Crows,2025-08-23,2025,24,31.0,1.0,106,27.0,25.6,23.7,1.0,1.0,1.0,113.0,102.2,84.5
612883,43829,Sydney Swans,West Coast Eagles,2025-08-23,2025,24,17.0,,72,16.333333333333332,13.8,14.1,1.0,1.0,1.0,66.66666666666667,54.6,54.5
606988,43640,West Coast Eagles,Sydney Swans,2025-08-23,2025,24,14.0,1.0,68,10.0,12.2,10.8,1.3333333333333333,1.4,1.2857142857142858,52.66666666666666,60.8,53.2
612213,43400,Sydney Swans,West Coast Eagles,2025-08-23,2025,24,20.0,2.0,97,24.0,24.5,24.444444444444443,,,1.0,97.0,91.8,94.5
611447,44791,Richmond Tigers,Geelong Cats,2025-08-23,2025,24,5.0,,31,9.0,9.6,8.9,1.0,1.0,1.0,48.0,45.8,41.6
607474,44923,Richmond Tigers,Geelong Cats,2025-08-23,2025,24,26.0,,109,18.666666666666668,19.0,20.666666666666668,,1.0,1.0,74.0,75.6,82.8
613351,43664,North Melbourne Kangaroos,Adelaide Crows,2025-08-23,2025,24,11.0,3.0,77,11.333333333333334,10.4,10.0,3.5,3.0,2.2857142857142856,71.0,70.4,64.1
618617,46170,North Melbourne Kangaroos,Adelaide Crows,2025-08-23,2025,24,14.0,,69,10.0,8.2,9.4,1.0,1.0,1.0,43.333333333333336,38.0,45.8
606361,44290,Sydney Swans,West Coast Eagles,2025-08-23,2025,24,22.0,,94,19.33333333333333,19.4,19.11111111111111,,,2.0,70.66666666666667,76.0,84.0
615802,43593,West Coast Eagles,Sydney Swans,2025-08-23,2025,24,20.0,,97,18.33333333333333,19.2,17.9,,,1.0,76.33333333333333,75.8,72.6
617556,45998,Richmond Tigers,Geelong Cats,2025-08-23,2025,24,8.0,,44,5.0,5.6,6.428571428571429,1.0,1.3333333333333333,1.5,22.0,27.8,30.714285714285715
604951,44025,Sydney Swans,West Coast Eagles,2025-08-23,2025,24,26.0,1.0,103,19.0,20.0,22.0,2.333333333333333,2.6,2.4444444444444446,95.33333333333331,109.2,104.9
618153,46080,Adelaide Crows,North Melbourne Kangaroos,2025-08-23,2025,24,5.0,,16,5.0,5.6,7.444444444444445,,1.0,1.5,18.666666666666668,20.4,30.77777777777778
605647,44821,Richmond Tigers,Geelong Cats,2025-08-23,2025,24,20.0,,74,22.666666666666668,23.4,20.2,,,1.0,76.33333333333333,82.0,75.8
616363,45289,North Melbourne Kangaroos,Adelaide Crows,2025-08-23,2025,24,25.0,,154,13.333333333333334,15.0,15.666666666666666,,,1.0,102.0,99.0,102.4
615529,44575,Richmond Tigers,Geelong Cats,2025-08-23,2025,24,14.0,,74,15.666666666666666,16.4,16.0,,1.0,1.0,89.66666666666667,91.8,88.0
619351,46291,West Coast Eagles,Sydney Swans,2025-08-23,2025,24,6.0,3.0,51,6.333333333333333,6.0,7.875,2.0,1.6666666666666667,1.5,45.0,42.6,47.5
605352,43920,West Coast Eagles,Sydney Swans,2025-08-23,2025,24,25.0,,97,16.666666666666668,18.6,18.9,1.0,1.0,1.0,81.33333333333333,83.0,83.2
601643,45179,Sydney Swans,West Coast Eagles,2025-08-23,2025,24,17.0,1.0,69,25.0,24.0,22.55555555555556,2.0,1.5,1.4,95.66666666666669,92.8,88.3
609919,44469,Sydney Swans,West Coast Eagles,2025-08-23,2025,24,6.0,,19,8.666666666666666,8.4,9.8,,,,40.0,42.8,47.2
612064,43448,Richmond Tigers,Geelong Cats,2025-08-23,2025,24,6.0,,18,12.666666666666666,12.75,14.0,,,,63.0,62.8,62.4
604025,44297,North Melbourne Kangaroos,Adelaide Crows,2025-08-23,2025,24,14.0,,60,13.666666666666666,14.2,12.666666666666666,1.0,1.0,1.0,55.66666666666666,58.0,51.3
609982,43326,West Coast Eagles,Sydney Swans,2025-08-23,2025,24,26.0,,91,18.666666666666668,21.0,21.0,1.0,1.5,1.25,80.33333333333333,87.4,81.3
604536,44910,North Melbourne Kangaroos,Adelaide Crows,2025-08-23,2025,24,32.0,,113,39.333333333333336,34.4,30.5,1.5,1.3333333333333333,1.1666666666666667,137.0,124.8,114.2
610528,44651,North Melbourne Kangaroos,Adelaide Crows,2025-08-23,2025,24,27.0,1.0,107,25.33333333333333,24.2,24.7,1.0,1.0,1.3333333333333333,93.0,86.6,92.3
618795,46204,West Coast Eagles,Sydney Swans,2025-08-23,2025,24,17.0,,78,26.666666666666668,23.8,24.33333333333333,,,,87.0,82.6,84.11111111111111
616439,44982,Richmond Tigers,Geelong Cats,2025-08-23,2025,24,21.0,,73,15.0,18.8,16.5,,1.0,1.0,49.66666666666666,68.0,60.9
512393,45493,Adelaide Crows,North Melbourne Kangaroos,2025-08-23,2025,24,14.0,2.0,53,16.0,17.4,17.0,,1.0,1.0,67.0,71.2,68.11111111111111
615981,44398,Sydney Swans,West Coast Eagles,2025-08-23,2025,24,22.0,,74,14.0,13.8,14.4,1.0,1.0,1.0,51.0,52.6,60.9
618453,46139,Richmond Tigers,Geelong Cats,2025-08-23,2025,24,12.0,,57,13.333333333333334,13.4,12.833333333333334,,2.0,1.5,49.333333333333336,49.0,49.833333333333336
600654,44088,West Coast Eagles,Sydney Swans,2025-08-23,2025,24,20.0,,87,14.0,15.8,15.9,,,1.0,56.333333333333336,67.0,67.5
603595,44036,West Coast Eagles,Sydney Swans,2025-08-23,2025,24,14.0,,61,19.33333333333333,17.2,18.2,,1.0,1.0,70.0,64.4,67.5
599890,45240,West Coast Eagles,Sydney Swans,2025-08-23,2025,24,2.0,1.0,46,3.333333333333333,3.8,3.7,,1.0,1.6,45.0,47.0,50.0
616108,44725,North Melbourne Kangaroos,Adelaide Crows,2025-08-23,2025,24,16.0,1.0,64,19.0,21.0,22.8,1.0,1.0,1.0,74.66666666666667,83.2,84.9
604007,45175,North Melbourne Kangaroos,Adelaide Crows,2025-08-23,2025,24,13.0,,95,15.0,12.75,10.666666666666666,1.0,1.0,1.0,84.0,60.8,64.5
615286,44209,West Coast Eagles,Sydney Swans,2025-08-23,2025,24,24.0,,75,22.666666666666668,21.8,17.6,1.0,1.5,1.25,80.66666666666667,75.8,63.3
603287,44731,Richmond Tigers,Geelong Cats,2025-08-23,2025,24,29.0,2.0,107,18.33333333333333,19.8,21.6,,,1.0,67.66666666666667,67.6,72.8
612709,43336,Richmond Tigers,Geelong Cats,2025-08-23,2025,24,13.0,,31,9.0,9.6,11.3,1.5,1.3333333333333333,1.3333333333333333,50.66666666666666,53.0,54.4
616379,45302,Richmond Tigers,Geelong Cats,2025-08-23,2025,24,17.0,,75,13.666666666666666,12.6,12.9,,,,57.66666666666666,52.4,54.0
619095,46246,North Melbourne Kangaroos,Adelaide Crows,2025-08-23,2025,24,17.0,,65,18.0,18.0,15.8,,,,70.0,71.6,60.4
618328,46113,West Coast Eagles,Sydney Swans,2025-08-23,2025,24,14.0,,56,,,,,,,,,
607483,43387,Geelong Cats,Richmond Tigers,2025-08-23,2025,24,15.0,,68,13.666666666666666,11.6,11.6,,,0.0,58.333333333333336,48.2,49.8
616462,43723,West Coast Eagles,Sydney Swans,2025-08-23,2025,24,7.0,,19,7.666666666666667,13.0,11.8,1.0,1.0,1.0,35.333333333333336,56.0,47.3
605968,44080,Richmond Tigers,Geelong Cats,2025-08-23,2025,24,29.0,,80,24.0,27.6,26.55555555555556,,2.0,1.3333333333333333,73.0,89.8,85.0
613563,44357,Richmond Tigers,Geelong Cats,2025-08-23,2025,24,15.0,1.0,59,11.5,12.5,10.666666666666666,1.3333333333333333,1.75,1.8333333333333333,70.33333333333333,69.2,61.7
615939,44331,Richmond Tigers,Geelong Cats,2025-08-23,2025,24,11.0,3.0,49,9.0,8.6,10.3,1.6666666666666667,2.0,2.125,51.333333333333336,48.2,56.9
617601,46004,North Melbourne Kangaroos,Adelaide Crows,2025-08-23,2025,24,9.0,1.0,42,6.0,6.0,6.0,,,,28.0,28.0,28.0
617657,46015,Sydney Swans,West Coast Eagles,2025-08-23,2025,24,11.0,,33,5.0,7.8,11.5,,,,20.33333333333333,32.6,48.4
608402,43885,Richmond Tigers,Geelong Cats,2025-08-23,2025,24,7.0,,25,6.0,7.6,6.6,0.0,0.0,0.125,22.33333333333333,28.8,27.4
614663,45234,Sydney Swans,West Coast Eagles,2025-08-23,2025,24,12.0,,36,16.0,15.6,14.1,,,,57.66666666666666,61.6,55.1
615561,44706,North Melbourne Kangaroos,Adelaide Crows,2025-08-23,2025,24,10.0,,47,10.0,10.6,10.4,,,,44.333333333333336,46.6,45.5
619537,46327,North Melbourne Kangaroos,Adelaide Crows,2025-08-23,2025,24,11.0,3.0,76,7.5,7.5,7.5,3.0,3.0,3.0,52.5,52.5,52.5
618087,46069,West Coast Eagles,Sydney Swans,2025-08-23,2025,24,13.0,,71,11.666666666666666,12.4,10.285714285714286,1.0,1.0,1.0,53.333333333333336,47.2,39.0
605272,43682,North Melbourne Kangaroos,Adelaide Crows,2025-08-23,2025,24,5.0,1.0,37,11.0,10.4,9.666666666666666,1.6666666666666667,1.4,1.5,63.333333333333336,59.0,50.9
602365,44007,North Melbourne Kangaroos,Adelaide Crows,2025-08-23,2025,24,6.0,1.0,28,7.333333333333333,7.8,9.11111111111111,2.0,2.6666666666666665,1.4285714285714286,41.66666666666666,46.8,47.77777777777778
603745,43953,Sydney Swans,West Coast Eagles,2025-08-23,2025,24,31.0,2.0,133,22.33333333333333,21.8,20.4,1.0,1.0,1.0,98.33333333333331,95.8,98.2
603443,45010,North Melbourne Kangaroos,Adelaide Crows,2025-08-23,2025,24,22.0,2.0,80,18.666666666666668,16.6,16.5,1.0,1.0,1.0,67.0,60.4,58.2
601789,43604,North Melbourne Kangaroos,Adelaide Crows,2025-08-23,2025,24,12.0,,46,13.0,11.5,11.333333333333334,,,,45.333333333333336,46.6,47.0
611845,44230,Geelong Cats,Richmond Tigers,2025-08-23,2025,24,3.0,,12,12.333333333333334,11.4,11.666666666666666,,1.0,1.0,50.333333333333336,49.6,51.6
604658,44449,Sydney Swans,West Coast Eagles,2025-08-23,2025,24,10.0,2.0,61,9.5,9.25,9.75,2.0,1.3333333333333333,1.5714285714285714,36.0,43.8,51.4
612733,44308,West Coast Eagles,Sydney Swans,2025-08-23,2025,24,12.0,,43,8.0,7.2,7.3,1.0,1.0,1.0,42.66666666666666,40.8,33.4
606698,44190,Sydney Swans,West Coast Eagles,2025-08-23,2025,24,17.0,,53,16.0,14.75,13.666666666666666,,,1.75,47.0,49.2,57.8
601367,44498,Sydney Swans,West Coast Eagles,2025-08-23,2025,24,29.0,,116,23.33333333333333,24.0,23.9,,1.0,1.0,90.0,93.8,90.2
606891,45116,Richmond Tigers,Geelong Cats,2025-08-23,2025,24,13.0,,52,15.666666666666666,13.4,11.3,1.0,1.0,1.0,58.0,48.8,40.4
615364,45061,Richmond Tigers,Geelong Cats,2025-08-23,2025,24,27.0,,85,24.0,26.2,24.9,2.0,1.6666666666666667,1.6666666666666667,93.66666666666669,98.8,95.2
602082,44443,North Melbourne Kangaroos,Adelaide Crows,2025-08-23,2025,24,23.0,,64,30.666666666666668,29.2,29.7,1.0,1.0,1.2,101.0,96.2,98.0
615759,43468,Richmond Tigers,Geelong Cats,2025-08-23,2025,24,20.0,1.0,73,10.333333333333334,11.6,13.2,,,1.0,40.333333333333336,44.6,52.9
602560,44745,Sydney Swans,West Coast Eagles,2025-08-23,2025,24,15.0,,55,18.0,15.2,12.9,,,,76.33333333333333,63.8,53.6
613514,43896,West Coast Eagles,Sydney Swans,2025-08-23,2025,24,7.0,,30,16.0,15.0,14.7,,,,64.0,60.8,60.7
613522,43356,West Coast Eagles,Sydney Swans,2025-08-23,2025,24,16.0,,62,11.0,10.6,9.1,,,0.0,44.66666666666666,44.4,39.7
608902,44935,North Melbourne Kangaroos,Adelaide Crows,2025-08-23,2025,24,,,113,25.33333333333333,22.6,20.4,1.0,1.0,1.25,100.0,85.0,74.8
616062,44648,Sydney Swans,West Coast Eagles,2025-08-23,2025,24,27.0,3.0,131,16.5,13.75,14.22222222222222,1.5,1.3333333333333333,1.4,61.333333333333336,53.4,55.1
618933,46230,West Coast Eagles,Sydney Swans,2025-08-23,2025,24,5.0,1.0,41,1.0,1.0,1.0,,,,7.0,7.0,7.0
601205,43676,North Melbourne Kangaroos,Adelaide Crows,2025-08-23,2025,24,22.0,,78,26.666666666666668,25.0,25.1,,,,86.0,78.8,81.5
599512,44912,Sydney Swans,West Coast Eagles,2025-08-23,2025,24,,,34,23.666666666666668,20.4,18.8,1.0,1.0,1.0,84.66666666666667,74.0,72.0
619522,46325,Richmond Tigers,Geelong Cats,2025-08-23,2025,24,10.0,,37,13.0,14.2,13.1,,,1.0,43.333333333333336,53.4,49.9
604201,43657,Sydney Swans,West Coast Eagles,2025-08-23,2025,24,14.0,,51,15.0,13.2,13.6,,,,61.66666666666666,56.0,58.5
611161,43831,West Coast Eagles,Sydney Swans,2025-08-23,2025,24,14.0,1.0,68,10.333333333333334,10.2,12.0,1.0,1.0,1.0,72.33333333333333,75.4,79.3
599165,43623,North Melbourne Kangaroos,Adelaide Crows,2025-08-23,2025,24,4.0,,19,11.333333333333334,13.2,13.88888888888889,,,,48.66666666666666,51.8,57.3
609052,44434,Richmond Tigers,Geelong Cats,2025-08-23,2025,24,10.0,,55,10.0,10.6,9.6,1.0,1.0,1.0,60.333333333333336,58.0,50.6
616728,44020,Sydney Swans,West Coast Eagles,2025-08-23,2025,24,11.0,2.0,52,10.666666666666666,11.4,11.8,3.0,2.333333333333333,1.8571428571428568,50.333333333333336,58.4,60.3
601541,43549,West Coast Eagles,Sydney Swans,2025-08-23,2025,24,15.0,,38,17.333333333333332,14.2,12.6,1.0,1.0,1.0,73.33333333333333,58.4,49.7
523388,45564,West Coast Eagles,Sydney Swans,2025-08-23,2025,24,17.0,,63,15.333333333333334,15.8,16.1,,1.0,1.0,47.0,53.4,55.5
614808,43524,Richmond Tigers,Geelong Cats,2025-08-23,2025,24,14.0,2.0,99,5.0,5.8,7.5,3.0,2.5,1.8,42.0,49.4,55.1
599781,44884,North Melbourne Kangaroos,Adelaide Crows,2025-08-23,2025,24,10.0,1.0,47,9.333333333333334,10.2,9.8,,,1.0,36.333333333333336,42.4,41.0
600261,44494,Richmond Tigers,Geelong Cats,2025-08-23,2025,24,16.0,,75,13.666666666666666,12.8,12.7,,,,62.0,58.2,59.5
601010,43950,Sydney Swans,West Coast Eagles,2025-08-23,2025,24,13.0,,89,25.666666666666668,23.8,22.6,1.0,1.0,1.0,121.0,123.6,125.2
602488,45180,Sydney Swans,West Coast Eagles,2025-08-23,2025,24,14.0,,67,12.0,12.0,12.11111111111111,1.0,1.0,1.2,39.333333333333336,37.2,44.0
600700,43519,Sydney Swans,West Coast Eagles,2025-08-23,2025,24,13.0,,54,12.666666666666666,11.4,11.5,1.3333333333333333,1.25,1.2,50.0,45.0,51.7
617714,46025,West Coast Eagles,Sydney Swans,2025-08-23,2025,24,13.0,,49,10.333333333333334,11.6,11.2,,,,42.0,45.4,42.6
610104,44844,West Coast Eagles,Sydney Swans,2025-08-23,2025,24,11.0,,58,10.0,10.0,10.6,2.0,1.75,1.375,59.0,55.8,53.9
614139,43339,Richmond Tigers,Geelong Cats,2025-08-23,2025,24,30.0,,121,19.666666666666668,20.4,21.2,,,1.0,79.66666666666667,80.4,83.8
603575,44778,Western Bulldogs,Fremantle Dockers,2025-08-24,2025,24,21.0,,68,25.666666666666668,25.6,25.1,1.6666666666666667,1.75,1.5714285714285714,102.0,95.2,94.6
605552,44343,St Kilda Saints,Greater Western Sydney Giants,2025-08-24,2025,24,2.0,,34,16.666666666666668,16.6,18.1,,,1.0,79.33333333333333,78.6,88.1
613607,45218,Western Bulldogs,Fremantle Dockers,2025-08-24,2025,24,17.0,2.0,105,10.333333333333334,12.2,12.9,1.6666666666666667,2.4,1.8,52.66666666666666,69.8,64.9
600609,44049,St Kilda Saints,Greater Western Sydney Giants,2025-08-24,2025,24,16.0,,51,21.0,19.5,18.875,,1.0,1.0,85.66666666666667,83.0,82.4
607278,44150,Western Bulldogs,Fremantle Dockers,2025-08-24,2025,24,19.0,,60,16.0,17.8,16.88888888888889,,,,64.66666666666667,72.2,64.2
614553,45051,Fremantle Dockers,Western Bulldogs,2025-08-24,2025,24,17.0,,61,10.666666666666666,12.8,13.8,1.0,1.0,1.5,49.0,56.6,62.7
618075,46066,Western Bulldogs,Fremantle Dockers,2025-08-24,2025,24,12.0,,60,11.333333333333334,14.6,14.5,2.0,1.6666666666666667,1.4285714285714286,54.0,61.8,64.1
601413,45236,St Kilda Saints,Greater Western Sydney Giants,2025-08-24,2025,24,16.0,,61,18.666666666666668,17.0,17.4,,,,84.66666666666667,76.0,77.0
605853,45003,St Kilda Saints,Greater Western Sydney Giants,2025-08-24,2025,24,18.0,,102,17.333333333333332,17.2,20.0,,1.0,1.0,77.0,79.2,92.6
613903,44366,St Kilda Saints,Greater Western Sydney Giants,2025-08-24,2025,24,21.0,,114,21.0,19.0,19.444444444444443,1.0,1.0,1.0,132.66666666666666,118.0,115.3
613139,43327,Western Bulldogs,Fremantle Dockers,2025-08-24,2025,24,20.0,1.0,76,17.0,15.8,13.3,,,,62.66666666666666,58.4,51.6
604820,43864,St Kilda Saints,Greater Western Sydney Giants,2025-08-24,2025,24,12.0,,49,18.33333333333333,17.4,15.7,1.0,1.0,1.0,82.66666666666667,72.0,66.0
611990,45172,St Kilda Saints,Greater Western Sydney Giants,2025-08-24,2025,24,23.0,,90,31.0,32.6,33.333333333333336,1.0,2.0,1.6666666666666667,102.33333333333331,121.0,118.5
605745,44945,St Kilda Saints,Greater Western Sydney Giants,2025-08-24,2025,24,34.0,,96,26.33333333333333,28.8,25.666666666666668,1.0,1.0,1.0,102.66666666666669,108.2,98.5
599026,44581,Western Bulldogs,Fremantle Dockers,2025-08-24,2025,24,9.0,2.0,64,14.666666666666666,13.8,12.8,4.333333333333333,4.4,3.9,89.33333333333333,91.8,83.8
599851,45239,Western Bulldogs,Fremantle Dockers,2025-08-24,2025,24,16.0,,42,18.33333333333333,19.8,20.1,1.0,1.0,1.0,77.0,78.6,83.7
609725,44456,Western Bulldogs,Fremantle Dockers,2025-08-24,2025,24,4.0,,17,7.666666666666667,7.4,8.11111111111111,2.0,2.0,1.75,34.0,35.4,33.9
618573,46164,St Kilda Saints,Greater Western Sydney Giants,2025-08-24,2025,24,13.0,1.0,51,4.0,6.2,6.8,2.0,2.0,1.5,25.33333333333333,35.8,35.2
563910,45560,Greater Western Sydney Giants,St Kilda Saints,2025-08-24,2025,24,9.0,3.0,68,8.0,6.5,5.222222222222222,2.5,2.5,2.0,46.0,28.0,26.5
610331,43573,Western Bulldogs,Fremantle Dockers,2025-08-24,2025,24,11.0,,44,14.333333333333334,15.2,14.0,1.0,1.0,1.0,52.66666666666666,59.4,53.7
610313,43444,Hawthorn Hawks,Brisbane Lions,2025-08-24,2025,24,5.0,,8,7.333333333333333,8.0,6.3,1.0,1.0,1.1666666666666667,34.666666666666664,37.0,32.0
610753,43414,Western Bulldogs,Fremantle Dockers,2025-08-24,2025,24,33.0,2.0,141,30.33333333333333,30.0,28.0,2.0,1.6666666666666667,1.8333333333333333,116.0,119.8,114.0
607925,43853,Western Bulldogs,Fremantle Dockers,2025-08-24,2025,24,18.0,3.0,94,17.666666666666668,16.4,17.0,1.0,1.0,1.6,60.66666666666666,60.2,64.7
613679,43865,Western Bulldogs,Fremantle Dockers,2025-08-24,2025,24,,,36,13.333333333333334,14.6,15.2,1.0,1.0,1.0,51.66666666666666,55.8,58.6
606734,44619,Western Bulldogs,Fremantle Dockers,2025-08-24,2025,24,8.0,,27,13.0,11.25,10.333333333333334,,,1.0,45.66666666666666,45.4,42.4
611292,44217,Western Bulldogs,Fremantle Dockers,2025-08-24,2025,24,23.0,,93,23.0,22.6,21.3,1.0,1.0,1.5,86.66666666666667,93.0,88.7
609649,43435,Western Bulldogs,Fremantle Dockers,2025-08-24,2025,24,14.0,,62,16.0,18.33333333333333,20.5,1.0,1.0,1.0,64.33333333333333,69.8,75.9
602404,44901,St Kilda Saints,Greater Western Sydney Giants,2025-08-24,2025,24,13.0,2.0,82,13.0,11.6,11.0,2.0,2.0,1.6666666666666667,73.0,63.8,56.9
618371,46120,St Kilda Saints,Greater Western Sydney Giants,2025-08-24,2025,24,16.0,2.0,84,16.0,17.6,17.2,1.0,1.0,1.6666666666666667,69.0,71.6,71.6
606898,45123,Brisbane Lions,Hawthorn Hawks,2025-08-24,2025,24,,,18,4.5,5.0,4.142857142857143,,,0.25,30.0,25.4,27.1
618036,46060,Western Bulldogs,Fremantle Dockers,2025-08-24,2025,24,13.0,2.0,66,10.0,10.0,10.0,2.0,2.0,2.0,54.0,54.0,54.0
611118,44691,St Kilda Saints,Greater Western Sydney Giants,2025-08-24,2025,24,3.0,2.0,24,2.6666666666666665,9.0,14.7,,,1.2,11.0,30.8,65.2
615246,43795,Western Bulldogs,Fremantle Dockers,2025-08-24,2025,24,15.0,,127,19.33333333333333,18.0,18.1,2.0,1.5,1.6,121.33333333333331,113.4,113.9
599550,43518,St Kilda Saints,Greater Western Sydney Giants,2025-08-24,2025,24,8.0,,35,7.5,9.75,10.555555555555555,,1.0,1.0,30.33333333333333,39.4,45.2
599596,44172,Western Bulldogs,Fremantle Dockers,2025-08-24,2025,24,6.0,2.0,33,4.0,4.6,5.3,,0.5,0.1428571428571428,15.666666666666666,22.2,23.8
610791,45266,St Kilda Saints,Greater Western Sydney Giants,2025-08-24,2025,24,18.0,,76,21.0,19.4,18.7,,,1.0,96.0,92.0,87.6
610154,45021,St Kilda Saints,Greater Western Sydney Giants,2025-08-24,2025,24,12.0,,38,10.0,10.0,10.7,,,,41.0,42.4,46.6
615919,44281,Western Bulldogs,Fremantle Dockers,2025-08-24,2025,24,27.0,,83,25.0,24.0,25.25,,,2.0,101.0,95.6,98.6
605484,44042,St Kilda Saints,Greater Western Sydney Giants,2025-08-24,2025,24,11.0,,47,7.333333333333333,8.2,8.8,2.333333333333333,2.6,2.125,45.0,52.2,47.9
603162,45258,St Kilda Saints,Greater Western Sydney Giants,2025-08-24,2025,24,23.0,5.0,106,11.0,11.2,11.666666666666666,1.0,1.0,1.5,56.0,50.8,54.7
609854,43595,St Kilda Saints,Greater Western Sydney Giants,2025-08-24,2025,24,4.0,2.0,37,3.6666666666666665,4.25,6.111111111111111,,1.0,1.3333333333333333,16.666666666666668,16.4,25.7
613857,44294,Western Bulldogs,Fremantle Dockers,2025-08-24,2025,24,11.0,,47,7.0,9.25,12.0,,,,48.66666666666666,47.8,54.6
617740,46031,Western Bulldogs,Fremantle Dockers,2025-08-24,2025,24,8.0,,22,7.5,8.0,8.8,,,,40.0,38.2,38.833333333333336
599689,43669,Western Bulldogs,Fremantle Dockers,2025-08-24,2025,24,23.0,,77,32.0,29.25,26.5,,,2.0,95.33333333333331,96.6,90.6
606009,45204,Greater Western Sydney Giants,St Kilda Saints,2025-08-24,2025,24,11.0,,45,8.666666666666666,9.4,13.9,,,1.0,34.666666666666664,39.4,55.7
617687,46020,St Kilda Saints,Greater Western Sydney Giants,2025-08-24,2025,24,10.0,,67,9.0,9.4,7.4,1.0,1.0,1.0,68.33333333333333,64.2,53.7
604463,44833,Greater Western Sydney Giants,St Kilda Saints,2025-08-24,2025,24,12.0,1.0,77,8.0,10.0,10.4,4.0,4.0,2.5,47.66666666666666,43.4,45.7
611048,45279,St Kilda Saints,Greater Western Sydney Giants,2025-08-24,2025,24,-1.0,,26,9.0,8.8,10.3,1.5,1.5,1.6666666666666667,71.66666666666667,68.6,71.2
602468,45155,Fremantle Dockers,Western Bulldogs,2025-08-24,2025,24,6.0,,43,13.0,14.0,15.0,,1.0,1.0,52.66666666666666,63.6,66.0
614301,43679,Western Bulldogs,Fremantle Dockers,2025-08-24,2025,24,14.0,,50,13.666666666666666,14.0,14.4,3.333333333333333,3.4,3.4,73.33333333333333,82.2,86.6
617281,44188,St Kilda Saints,Greater Western Sydney Giants,2025-08-24,2025,24,19.0,,61,13.333333333333334,14.6,15.4,,,,54.66666666666666,53.2,50.8
619459,46316,St Kilda Saints,Greater Western Sydney Giants,2025-08-24,2025,24,4.0,,22,10.333333333333334,8.6,9.555555555555555,,1.0,1.0,42.0,38.0,44.333333333333336
619534,46326,St Kilda Saints,Greater Western Sydney Giants,2025-08-24,2025,24,6.0,,36,7.333333333333333,9.0,10.125,,1.0,1.0,40.66666666666666,46.0,40.3
608855,44477,Essendon Bombers,Gold Coast Suns,2025-08-27,2025,24,10.0,3.0,77,6.666666666666667,5.4,6.7,1.0,1.0,2.0,35.666666666666664,27.6,33.6
618206,46090,Essendon Bombers,Gold Coast Suns,2025-08-27,2025,24,7.0,,28,12.333333333333334,13.4,11.625,,1.0,1.0,56.66666666666666,56.2,46.25
607367,44734,Essendon Bombers,Gold Coast Suns,2025-08-27,2025,24,13.0,,58,17.0,17.4,16.0,,,,66.33333333333333,65.8,61.8
606445,44812,Gold Coast Suns,Essendon Bombers,2025-08-27,2025,24,6.0,,20,8.5,8.75,8.11111111111111,,1.0,2.0,17.333333333333332,24.8,28.9
618719,46188,Essendon Bombers,Gold Coast Suns,2025-08-27,2025,24,7.0,,22,8.333333333333334,9.2,8.5,1.0,1.0,1.5,45.0,43.0,37.2
599591,44676,Essendon Bombers,Gold Coast Suns,2025-08-27,2025,24,12.0,,46,15.666666666666666,13.0,12.333333333333334,2.0,1.3333333333333333,1.2,66.0,56.6,48.9
508517,45839,Essendon Bombers,Gold Coast Suns,2025-08-27,2025,24,29.0,,102,29.33333333333333,27.0,25.5,,,1.0,94.66666666666669,85.8,88.3
617131,44481,Essendon Bombers,Gold Coast Suns,2025-08-27,2025,24,28.0,,90,23.33333333333333,25.8,26.0,1.0,1.0,1.0,107.66666666666669,107.4,101.4
611009,44758,Essendon Bombers,Gold Coast Suns,2025-08-27,2025,24,22.0,,80,31.33333333333333,27.4,24.4,,1.0,1.0,117.66666666666669,104.4,91.2
617986,46045,Essendon Bombers,Gold Coast Suns,2025-08-27,2025,24,21.0,,73,20.666666666666668,16.4,14.9,,1.0,1.0,88.33333333333333,69.0,60.0
619551,46332,Essendon Bombers,Gold Coast Suns,2025-08-27,2025,24,0.0,,13,2.5,2.5,2.5,1.0,1.0,1.0,36.5,36.5,36.5
618938,46231,Essendon Bombers,Gold Coast Suns,2025-08-27,2025,24,8.0,,37,8.333333333333334,7.5,7.5,,,,38.0,34.75,34.75
618559,46162,Essendon Bombers,Gold Coast Suns,2025-08-27,2025,24,17.0,1.0,73,14.0,11.2,11.8,2.0,1.3333333333333333,1.1428571428571428,61.333333333333336,52.0,52.3
611186,43952,Essendon Bombers,Gold Coast Suns,2025-08-27,2025,24,5.0,,14,10.0,8.8,9.6,2.0,1.6666666666666667,1.6,48.333333333333336,43.0,45.0
614400,43762,Essendon Bombers,Gold Coast Suns,2025-08-27,2025,24,13.0,1.0,79,22.666666666666668,21.2,21.6,,,1.0,84.0,77.4,75.6
617670,46017,Essendon Bombers,Gold Coast Suns,2025-08-27,2025,24,10.0,,45,9.0,9.6,9.9,,1.0,1.0,31.666666666666668,32.8,37.3
607437,44263,Essendon Bombers,Gold Coast Suns,2025-08-27,2025,24,11.0,,45,14.0,14.25,14.77777777777778,,,,70.66666666666667,65.8,68.1
615591,43908,Essendon Bombers,Gold Coast Suns,2025-08-27,2025,24,5.0,,33,15.666666666666666,12.4,12.5,,,1.0,78.33333333333333,61.4,64.0
613395,45285,Essendon Bombers,Gold Coast Suns,2025-08-27,2025,24,11.0,,48,9.333333333333334,11.0,10.1,1.3333333333333333,1.5,1.5,64.0,66.0,64.3
616920,43765,Essendon Bombers,Gold Coast Suns,2025-08-27,2025,24,17.0,1.0,67,19.0,19.6,18.33333333333333,1.0,1.0,1.0,83.33333333333333,79.2,77.3
599478,44420,Essendon Bombers,Gold Coast Suns,2025-08-27,2025,24,21.0,,66,29.33333333333333,27.2,23.1,1.0,1.0,1.0,106.0,96.0,75.4
609285,44257,Essendon Bombers,Gold Coast Suns,2025-08-27,2025,24,13.0,1.0,64,10.666666666666666,10.6,12.6,1.5,1.5,1.5714285714285714,50.0,48.2,57.6
618832,46212,Essendon Bombers,Gold Coast Suns,2025-08-27,2025,24,8.0,1.0,34,7.0,6.6,6.333333333333333,3.5,3.0,2.75,37.333333333333336,35.6,35.5
603405,44919,Essendon Bombers,Gold Coast Suns,2025-08-27,2025,24,28.0,,103,21.33333333333333,22.8,19.9,,,1.0,77.33333333333333,80.0,70.6
539608,45371,Adelaide Crows,Collingwood Magpies,2025-09-04,2025,QF,12.0,,47,7.0,8.4,8.4,,,,25.666666666666668,31.8,34.4
598336,45791,Collingwood Magpies,Adelaide Crows,2025-09-04,2025,QF,12.0,,58,7.333333333333333,9.8,9.142857142857142,,1.0,1.0,31.666666666666668,42.0,34.625
614319,43706,Brisbane Lions,Geelong Cats,2025-09-05,2025,QF,2.0,,31,3.0,4.25,4.222222222222222,,1.0,1.0,24.666666666666668,35.4,44.1
601439,43709,Hawthorn Hawks,Greater Western Sydney Giants,2025-09-06,2025,EF,5.0,1.0,24,7.666666666666667,7.4,7.6,1.0,1.3333333333333333,1.8571428571428568,45.333333333333336,43.8,45.8
604729,43544,Fremantle Dockers,Gold Coast Suns,2025-09-06,2025,EF,15.0,,60,10.333333333333334,9.8,11.5,,,,44.0,41.4,50.3
614748,43680,Fremantle Dockers,Gold Coast Suns,2025-09-06,2025,EF,7.0,,83,6.333333333333333,6.0,6.6,,,1.0,61.0,64.6,67.9
606427,44773,Greater Western Sydney Giants,Hawthorn Hawks,2025-09-06,2025,EF,15.0,1.0,90,10.666666666666666,10.8,11.7,1.0,1.5,1.5,57.333333333333336,60.4,66.6
614591,45068,Greater Western Sydney Giants,Hawthorn Hawks,2025-09-06,2025,EF,8.0,,42,10.0,12.0,13.444444444444445,,,,46.66666666666666,50.6,57.2
519249,43461,Greater Western Sydney Giants,Hawthorn Hawks,2025-09-06,2025,EF,11.0,,34,9.333333333333334,9.4,11.3,3.0,3.0,2.142857142857143,55.0,49.6,58.4
617512,44054,Greater Western Sydney Giants,Hawthorn Hawks,2025-09-06,2025,EF,9.0,,42,20.0,20.2,18.6,1.0,1.0,1.0,83.33333333333333,89.6,80.7
613917,43293,Greater Western Sydney Giants,Hawthorn Hawks,2025-09-06,2025,EF,18.0,,77,16.333333333333332,16.2,15.2,1.0,1.0,1.0,66.33333333333333,65.4,63.7
609369,43308,Greater Western Sydney Giants,Hawthorn Hawks,2025-09-06,2025,EF,28.0,,88,23.666666666666668,24.0,26.7,,1.0,1.0,74.66666666666667,84.8,95.3
602975,44178,Greater Western Sydney Giants,Hawthorn Hawks,2025-09-06,2025,EF,5.0,1.0,29,18.0,14.8,14.8,1.5,1.5,1.3333333333333333,70.33333333333333,57.0,61.2
609234,43445,Greater Western Sydney Giants,Hawthorn Hawks,2025-09-06,2025,EF,16.0,1.0,111,12.666666666666666,11.4,11.0,,,1.0,79.0,70.0,75.2
613309,45154,Fremantle Dockers,Gold Coast Suns,2025-09-06,2025,EF,9.0,3.0,45,9.0,9.2,9.4,3.0,3.0,2.625,46.66666666666666,51.2,50.6
609186,45280,Fremantle Dockers,Gold Coast Suns,2025-09-06,2025,EF,14.0,,57,13.333333333333334,13.6,14.1,,,,52.0,59.4,57.6
603866,43508,Greater Western Sydney Giants,Hawthorn Hawks,2025-09-06,2025,EF,34.0,1.0,134,28.666666666666668,26.0,28.9,1.0,1.0,1.0,112.0,104.0,103.5
615461,43932,Greater Western Sydney Giants,Hawthorn Hawks,2025-09-06,2025,EF,12.0,,64,19.666666666666668,17.0,14.6,3.0,2.4,2.2222222222222223,104.0,86.8,77.9
615410,43362,Greater Western Sydney Giants,Hawthorn Hawks,2025-09-06,2025,EF,13.0,2.0,69,12.666666666666666,11.4,11.2,1.3333333333333333,1.4,1.25,63.333333333333336,58.2,53.4
604690,45296,Fremantle Dockers,Gold Coast Suns,2025-09-06,2025,EF,28.0,,86,19.5,14.5,17.666666666666668,3.0,2.0,1.75,56.0,49.0,63.8
608435,44208,Greater Western Sydney Giants,Hawthorn Hawks,2025-09-06,2025,EF,18.0,2.0,63,16.333333333333332,18.0,19.3,2.0,2.0,1.5,66.33333333333333,68.6,73.9
598968,43505,Greater Western Sydney Giants,Hawthorn Hawks,2025-09-06,2025,EF,10.0,,39,10.333333333333334,10.0,11.1,3.0,2.75,3.111111111111111,63.0,64.0,72.0
609875,43276,Greater Western Sydney Giants,Hawthorn Hawks,2025-09-06,2025,EF,10.0,,47,8.0,8.8,9.0,,,,31.0,32.2,34.7
608555,45111,Fremantle Dockers,Gold Coast Suns,2025-09-06,2025,EF,15.0,2.0,89,12.0,11.6,11.0,2.333333333333333,2.5,2.375,73.66666666666667,66.8,61.7
612164,43797,Fremantle Dockers,Gold Coast Suns,2025-09-06,2025,EF,13.0,1.0,84,16.0,12.0,11.5,1.0,1.0,1.0,66.66666666666667,58.8,60.8
611649,43850,Fremantle Dockers,Gold Coast Suns,2025-09-06,2025,EF,7.0,,23,14.333333333333334,12.6,11.7,2.0,2.6666666666666665,2.1666666666666665,67.66666666666667,64.0,59.0
615866,43936,Greater Western Sydney Giants,Hawthorn Hawks,2025-09-06,2025,EF,34.0,,97,29.0,25.6,27.4,1.0,1.0,1.0,94.33333333333331,84.4,91.2
615001,43606,Greater Western Sydney Giants,Hawthorn Hawks,2025-09-06,2025,EF,,,69,15.666666666666666,16.2,14.0,1.0,1.0,2.0,57.333333333333336,61.8,54.1
604613,45080,Greater Western Sydney Giants,Hawthorn Hawks,2025-09-06,2025,EF,14.0,1.0,59,18.33333333333333,13.4,11.7,1.0,1.0,1.0,81.33333333333333,60.8,54.8
610588,44845,Fremantle Dockers,Gold Coast Suns,2025-09-06,2025,EF,23.0,,90,18.33333333333333,17.4,20.5,,,,77.33333333333333,66.4,80.0
616962,44624,Greater Western Sydney Giants,Hawthorn Hawks,2025-09-06,2025,EF,17.0,1.0,51,17.0,16.0,16.444444444444443,1.0,1.0,1.25,71.66666666666667,63.8,67.2
608797,43286,Fremantle Dockers,Gold Coast Suns,2025-09-06,2025,EF,2.0,1.0,20,6.0,7.2,6.8,3.0,3.0,2.333333333333333,36.0,45.4,40.7
614853,43412,Fremantle Dockers,Gold Coast Suns,2025-09-06,2025,EF,15.0,1.0,56,15.666666666666666,17.6,16.8,2.0,1.6666666666666667,1.6666666666666667,70.0,69.2,64.9
599285,44665,Fremantle Dockers,Gold Coast Suns,2025-09-06,2025,EF,13.0,,63,10.0,10.0,10.7,1.0,1.0,1.0,38.66666666666666,42.8,43.9
612086,44620,Fremantle Dockers,Gold Coast Suns,2025-09-06,2025,EF,12.0,,41,11.0,10.75,14.77777777777778,,,1.0,36.0,39.0,57.4
545092,45524,Greater Western Sydney Giants,Hawthorn Hawks,2025-09-06,2025,EF,9.0,,48,10.666666666666666,11.2,10.88888888888889,,,,44.66666666666666,46.4,44.7
600932,43632,Fremantle Dockers,Gold Coast Suns,2025-09-06,2025,EF,8.0,,36,8.666666666666666,9.0,9.7,,,,37.66666666666666,40.8,44.1
612020,43858,Fremantle Dockers,Gold Coast Suns,2025-09-06,2025,EF,5.0,,20,5.333333333333333,6.75,10.333333333333334,,,1.0,15.666666666666666,16.8,26.4
599642,43337,Fremantle Dockers,Gold Coast Suns,2025-09-06,2025,EF,11.0,,51,16.666666666666668,16.6,14.8,,,,63.0,62.6,59.7
602158,44123,Greater Western Sydney Giants,Hawthorn Hawks,2025-09-06,2025,EF,9.0,,27,14.0,17.0,17.77777777777778,,,,60.333333333333336,68.6,70.4
607744,44067,Greater Western Sydney Giants,Hawthorn Hawks,2025-09-06,2025,EF,9.0,3.0,55,5.666666666666667,8.8,10.3,1.5,2.75,3.125,33.0,55.6,63.6
608090,43567,Fremantle Dockers,Gold Coast Suns,2025-09-06,2025,EF,20.0,,70,23.5,24.5,25.55555555555556,,,1.0,72.0,77.2,89.3
609602,45230,Greater Western Sydney Giants,Hawthorn Hawks,2025-09-06,2025,EF,36.0,,121,28.33333333333333,28.2,26.3,,,,107.66666666666669,110.0,99.9
601272,44895,Fremantle Dockers,Gold Coast Suns,2025-09-06,2025,EF,35.0,,137,26.0,23.4,24.7,1.0,1.0,1.25,85.33333333333333,78.6,86.4
618169,46081,Fremantle Dockers,Gold Coast Suns,2025-09-06,2025,EF,5.0,2.0,43,6.666666666666667,6.4,7.1,1.5,1.3333333333333333,1.2857142857142858,27.33333333333333,26.6,36.5
606131,44631,Fremantle Dockers,Gold Coast Suns,2025-09-06,2025,EF,9.0,,34,16.333333333333332,16.0,15.6,,,1.0,53.0,58.0,59.4
619226,46267,Fremantle Dockers,Gold Coast Suns,2025-09-06,2025,EF,15.0,1.0,69,10.333333333333334,10.8,9.9,1.3333333333333333,1.2,1.125,54.0,56.2,55.8
610432,44128,Fremantle Dockers,Gold Coast Suns,2025-09-06,2025,EF,18.0,1.0,105,15.333333333333334,18.8,17.2,1.5,1.25,1.625,79.0,88.8,95.4
606531,45033,Greater Western Sydney Giants,Hawthorn Hawks,2025-09-06,2025,EF,10.0,,32,10.333333333333334,12.0,10.3,2.333333333333333,2.8,2.4444444444444446,59.333333333333336,66.2,54.2
599427,43439,Fremantle Dockers,Gold Coast Suns,2025-09-06,2025,EF,32.0,,115,21.33333333333333,23.8,24.7,1.0,1.0,1.0,80.66666666666667,82.8,93.0
599254,44584,Adelaide Crows,Hawthorn Hawks,2025-09-12,2025,SF,14.0,,70,15.333333333333334,15.4,16.7,1.0,1.0,1.5,62.0,66.4,73.6
606493,44981,Adelaide Crows,Hawthorn Hawks,2025-09-12,2025,SF,15.0,1.0,54,18.33333333333333,18.4,20.9,,1.0,1.25,61.0,64.6,79.9
613818,44249,Adelaide Crows,Hawthorn Hawks,2025-09-12,2025,SF,30.0,,118,24.0,23.8,23.666666666666668,1.0,1.0,1.0,92.66666666666669,93.6,94.0
608137,43700,Adelaide Crows,Hawthorn Hawks,2025-09-12,2025,SF,21.0,,103,21.666666666666668,22.4,23.444444444444443,1.0,1.3333333333333333,1.3333333333333333,92.66666666666669,110.0,107.2
610886,44201,Adelaide Crows,Hawthorn Hawks,2025-09-12,2025,SF,19.0,,69,16.666666666666668,17.6,16.4,,,,61.333333333333336,63.2,61.2
612426,44564,Adelaide Crows,Hawthorn Hawks,2025-09-12,2025,SF,1.0,,20,0.3333333333333333,1.8,3.1,,,,24.666666666666668,30.8,33.8
601062,44961,Adelaide Crows,Hawthorn Hawks,2025-09-12,2025,SF,15.0,,70,9.0,12.0,12.6,1.0,1.0,1.0,39.66666666666666,47.8,50.2
613468,44613,Adelaide Crows,Hawthorn Hawks,2025-09-12,2025,SF,7.0,,61,8.666666666666666,12.2,12.0,,,1.0,83.0,89.6,92.5
615161,45161,Adelaide Crows,Hawthorn Hawks,2025-09-12,2025,SF,7.0,,36,14.666666666666666,14.0,13.1,1.6666666666666667,2.2,2.111111111111111,67.0,68.0,64.2
602635,43663,Adelaide Crows,Hawthorn Hawks,2025-09-12,2025,SF,12.0,,60,12.666666666666666,13.2,16.9,1.0,1.0,1.2,62.0,66.8,80.6
598472,45915,Adelaide Crows,Hawthorn Hawks,2025-09-12,2025,SF,15.0,,68,6.5,10.5,8.875,1.0,1.0,1.0,32.0,41.8,36.9
602889,43832,Adelaide Crows,Hawthorn Hawks,2025-09-12,2025,SF,13.0,1.0,56,13.666666666666666,12.6,12.2,1.5,1.25,1.5,58.0,54.8,60.2
616538,44490,Adelaide Crows,Hawthorn Hawks,2025-09-12,2025,SF,,,86,17.0,17.6,16.75,,,,71.33333333333333,68.4,76.9
610541,44672,Adelaide Crows,Hawthorn Hawks,2025-09-12,2025,SF,4.0,1.0,26,7.666666666666667,7.0,6.4,2.333333333333333,2.0,1.625,49.0,43.6,41.4
614176,43381,Adelaide Crows,Hawthorn Hawks,2025-09-12,2025,SF,7.0,,37,11.666666666666666,10.2,11.1,,,1.3333333333333333,59.333333333333336,61.8,68.3
604904,43654,Adelaide Crows,Hawthorn Hawks,2025-09-12,2025,SF,11.0,,71,7.0,9.4,9.4,1.0,1.0,1.0,60.0,64.4,59.8
608471,44742,Adelaide Crows,Hawthorn Hawks,2025-09-12,2025,SF,4.0,2.0,34,9.0,10.0,11.5,2.0,2.6666666666666665,2.375,40.0,49.6,60.5
611598,44485,Adelaide Crows,Hawthorn Hawks,2025-09-12,2025,SF,22.0,,86,13.0,13.8,12.555555555555555,,,3.0,54.0,55.6,52.7
600096,44203,Adelaide Crows,Hawthorn Hawks,2025-09-12,2025,SF,14.0,1.0,59,16.333333333333332,14.8,17.1,3.0,2.0,2.0,76.33333333333333,66.0,72.0
611834,44058,Adelaide Crows,Hawthorn Hawks,2025-09-12,2025,SF,9.0,,40,13.666666666666666,14.2,13.3,,,,49.66666666666666,53.8,55.8
606776,44670,Adelaide Crows,Hawthorn Hawks,2025-09-12,2025,SF,17.0,1.0,71,15.666666666666666,13.4,17.1,2.0,1.6666666666666667,1.4,68.33333333333333,56.0,69.9
613731,45077,Adelaide Crows,Hawthorn Hawks,2025-09-12,2025,SF,12.0,3.0,78,14.666666666666666,14.2,14.1,2.0,2.6,3.2222222222222223,94.33333333333331,91.2,88.6
608673,45282,Adelaide Crows,Hawthorn Hawks,2025-09-12,2025,SF,33.0,,114,24.0,21.4,21.4,,,,83.0,80.2,80.4
616883,44726,Gold Coast Suns,Brisbane Lions,2025-09-13,2025,SF,12.0,,57,20.666666666666668,18.8,18.0,1.0,1.0,1.0,79.0,74.2,74.4
600143,44225,Gold Coast Suns,Brisbane Lions,2025-09-13,2025,SF,6.0,2.0,51,8.0,7.8,7.5,5.0,4.5,3.4444444444444446,61.0,61.6,52.5
612644,43289,Gold Coast Suns,Brisbane Lions,2025-09-13,2025,SF,26.0,1.0,94,29.0,27.6,29.8,3.0,3.0,1.75,87.33333333333333,89.0,98.1
602109,43480,Gold Coast Suns,Brisbane Lions,2025-09-13,2025,SF,11.0,,52,9.333333333333334,10.4,13.1,2.0,1.5,1.25,44.333333333333336,45.4,55.7
599733,44105,Gold Coast Suns,Brisbane Lions,2025-09-13,2025,SF,14.0,,62,12.0,13.25,14.666666666666666,2.0,2.5,2.125,62.0,72.4,69.8
607168,45271,Gold Coast Suns,Brisbane Lions,2025-09-13,2025,SF,8.0,,77,14.666666666666666,14.0,12.9,1.0,1.0,1.0,90.33333333333331,96.8,91.6
603202,45047,Gold Coast Suns,Brisbane Lions,2025-09-13,2025,SF,6.0,,42,7.0,7.2,6.1,,,1.0,25.666666666666668,30.8,25.6
600856,43817,Gold Coast Suns,Brisbane Lions,2025-09-13,2025,SF,17.0,,61,20.33333333333333,19.6,22.3,1.0,1.3333333333333333,1.1666666666666667,81.66666666666667,77.6,91.9
600513,45140,Gold Coast Suns,Brisbane Lions,2025-09-13,2025,SF,19.0,,81,16.333333333333332,16.6,15.8,,,,65.0,69.8,65.0
608863,43807,Gold Coast Suns,Brisbane Lions,2025-09-13,2025,SF,8.0,,34,7.333333333333333,8.6,8.6,1.3333333333333333,1.25,1.2222222222222223,42.66666666666666,49.4,52.5
616235,44497,Gold Coast Suns,Brisbane Lions,2025-09-13,2025,SF,,,94,19.666666666666668,22.4,23.4,,,1.3333333333333333,87.33333333333333,96.4,92.1
599201,43689,Gold Coast Suns,Brisbane Lions,2025-09-13,2025,SF,12.0,,50,17.0,16.0,17.5,1.0,1.0,1.0,59.66666666666666,56.4,61.7
608021,44603,Gold Coast Suns,Brisbane Lions,2025-09-13,2025,SF,17.0,,77,21.33333333333333,19.2,21.1,,,,87.33333333333333,79.6,89.9
600012,43273,Gold Coast Suns,Brisbane Lions,2025-09-13,2025,SF,10.0,1.0,48,15.0,13.25,14.625,2.0,1.6666666666666667,1.5714285714285714,48.66666666666666,48.6,55.7
611425,44829,Gold Coast Suns,Brisbane Lions,2025-09-13,2025,SF,23.0,1.0,100,28.666666666666668,28.2,28.2,2.0,1.5,1.6666666666666667,93.33333333333331,96.4,109.4
602701,44790,Gold Coast Suns,Brisbane Lions,2025-09-13,2025,SF,16.0,,52,13.666666666666666,16.4,17.8,1.0,1.0,1.0,45.0,61.0,65.5
614445,43825,Gold Coast Suns,Brisbane Lions,2025-09-13,2025,SF,20.0,1.0,76,14.0,14.6,18.9,,,1.0,42.333333333333336,48.2,62.8
600184,44305,Gold Coast Suns,Brisbane Lions,2025-09-13,2025,SF,4.0,,30,11.333333333333334,11.0,10.666666666666666,2.0,2.2,2.25,63.0,58.6,54.8
610679,43291,Gold Coast Suns,Brisbane Lions,2025-09-13,2025,SF,9.0,,40,18.0,17.2,16.7,1.0,1.0,1.0,66.66666666666667,67.6,66.1
607976,44142,Gold Coast Suns,Brisbane Lions,2025-09-13,2025,SF,18.0,,72,16.0,15.4,20.4,,,1.0,49.333333333333336,52.8,74.6
603812,44755,Gold Coast Suns,Brisbane Lions,2025-09-13,2025,SF,4.0,,21,10.0,9.0,8.8,1.0,1.3333333333333333,1.5,43.0,42.2,44.3
609554,45208,Gold Coast Suns,Brisbane Lions,2025-09-13,2025,SF,13.0,,47,17.0,16.0,15.25,,,,63.333333333333336,56.8,55.1
614263,43601,Gold Coast Suns,Brisbane Lions,2025-09-13,2025,SF,12.0,,59,11.0,11.2,11.6,,,,39.333333333333336,44.0,51.6
615701,43346,Hawthorn Hawks,Geelong Cats,2025-09-19,2025,PF,10.0,,34,9.0,9.25,9.77777777777778,,,,31.33333333333333,31.4,37.9
608266,43354,Hawthorn Hawks,Geelong Cats,2025-09-19,2025,PF,,,68,17.333333333333332,19.0,18.6,,,,59.66666666666666,66.8,69.5
606201,44589,Hawthorn Hawks,Geelong Cats,2025-09-19,2025,PF,20.0,,70,30.0,27.5,21.55555555555556,1.0,1.0,1.0,90.66666666666669,90.0,76.1
606944,45281,Hawthorn Hawks,Geelong Cats,2025-09-19,2025,PF,16.0,,62,21.33333333333333,22.4,21.11111111111111,,1.0,1.0,71.0,71.8,70.4
612513,45192,Hawthorn Hawks,Geelong Cats,2025-09-19,2025,PF,5.0,1.0,27,12.333333333333334,10.8,11.5,1.3333333333333333,1.4,1.4,62.66666666666666,51.8,49.5
611098,43673,Hawthorn Hawks,Geelong Cats,2025-09-19,2025,PF,12.0,,64,14.333333333333334,17.2,19.0,,,1.0,44.333333333333336,56.6,68.2
605393,43955,Hawthorn Hawks,Geelong Cats,2025-09-19,2025,PF,15.0,3.0,88,11.0,11.6,12.0,3.333333333333333,4.2,3.5,70.66666666666667,83.0,74.5
608592,45177,Hawthorn Hawks,Geelong Cats,2025-09-19,2025,PF,8.0,,47,22.0,21.8,20.3,,,1.0,72.66666666666667,73.4,75.3
602207,44335,Hawthorn Hawks,Geelong Cats,2025-09-19,2025,PF,13.0,1.0,55,16.0,18.8,16.0,2.0,1.6666666666666667,1.3333333333333333,65.66666666666667,73.0,69.2
616194,45019,Geelong Cats,Hawthorn Hawks,2025-09-19,2025,PF,2.0,,21,18.33333333333333,16.8,15.2,1.0,1.0,1.0,105.33333333333331,92.8,84.9
603382,44522,Hawthorn Hawks,Geelong Cats,2025-09-19,2025,PF,26.0,1.0,106,17.666666666666668,22.0,21.8,1.0,1.25,1.25,69.33333333333333,84.4,86.7
602347,44578,Hawthorn Hawks,Geelong Cats,2025-09-19,2025,PF,23.0,1.0,96,20.0,20.4,20.0,,,1.0,60.66666666666666,66.6,75.9
605687,44885,Hawthorn Hawks,Geelong Cats,2025-09-19,2025,PF,15.0,,70,14.333333333333334,15.0,13.9,,,,63.66666666666666,62.4,55.8
608635,45201,Hawthorn Hawks,Geelong Cats,2025-09-19,2025,PF,7.0,,53,9.333333333333334,11.8,13.0,1.0,1.0,1.0,67.33333333333333,75.4,76.5
601674,44149,Hawthorn Hawks,Geelong Cats,2025-09-19,2025,PF,5.0,,29,8.666666666666666,10.4,10.444444444444445,,,,26.0,34.8,38.8
610215,44466,Hawthorn Hawks,Geelong Cats,2025-09-19,2025,PF,13.0,,88,16.0,13.6,14.1,1.0,2.0,2.0,99.33333333333331,96.0,101.0
606868,44926,Hawthorn Hawks,Geelong Cats,2025-09-19,2025,PF,16.0,,56,19.0,21.0,20.6,,,,75.33333333333333,81.4,82.9
614184,43494,Hawthorn Hawks,Geelong Cats,2025-09-19,2025,PF,7.0,,39,10.0,12.8,9.7,1.5,1.5,1.0,61.333333333333336,65.0,49.3
607077,44125,Hawthorn Hawks,Geelong Cats,2025-09-19,2025,PF,14.0,1.0,62,19.666666666666668,22.6,22.9,,,3.0,73.33333333333333,87.6,92.0
600402,43993,Hawthorn Hawks,Geelong Cats,2025-09-19,2025,PF,10.0,,56,18.33333333333333,17.0,17.11111111111111,,,,78.66666666666667,67.8,69.2
605320,43897,Hawthorn Hawks,Geelong Cats,2025-09-19,2025,PF,,1.0,79,16.0,19.0,20.0,2.5,2.5,1.5714285714285714,60.66666666666666,66.4,74.5
610635,43550,Hawthorn Hawks,Geelong Cats,2025-09-19,2025,PF,9.0,1.0,90,5.0,5.4,5.1,2.5,2.6666666666666665,2.4285714285714284,68.0,64.4,60.6
611857,44280,Hawthorn Hawks,Geelong Cats,2025-09-19,2025,PF,9.0,3.0,64,5.0,5.5,7.222222222222222,1.0,1.0,1.2857142857142858,25.0,38.2,41.2
609159,43285,Hawthorn Hawks,Geelong Cats,2025-09-19,2025,PF,28.0,,96,24.666666666666668,25.0,23.8,1.0,1.0,1.0,81.0,87.0,86.0
605229,43641,Collingwood Magpies,Brisbane Lions,2025-09-20,2025,PF,13.0,,88,16.0,15.0,15.9,1.0,1.0,1.0,97.33333333333331,85.0,85.9
604999,44740,Collingwood Magpies,Brisbane Lions,2025-09-20,2025,PF,15.0,,55,14.5,12.25,14.875,,,,63.333333333333336,59.6,63.9
547819,45472,Collingwood Magpies,Brisbane Lions,2025-09-20,2025,PF,17.0,,52,21.0,18.0,14.8,1.0,1.0,1.2857142857142858,77.0,61.6,58.1
600899,44383,Collingwood Magpies,Brisbane Lions,2025-09-20,2025,PF,16.0,,55,18.0,17.4,16.1,1.0,1.0,1.0,78.33333333333333,70.4,68.8
604414,44678,Collingwood Magpies,Brisbane Lions,2025-09-20,2025,PF,14.0,,68,13.666666666666666,14.8,14.9,,,,58.0,59.2,57.5
607641,44097,Collingwood Magpies,Brisbane Lions,2025-09-20,2025,PF,13.0,,45,5.5,8.75,12.22222222222222,,,,13.666666666666666,29.2,46.4
613281,44285,Collingwood Magpies,Brisbane Lions,2025-09-20,2025,PF,14.0,1.0,59,14.333333333333334,15.2,16.9,1.0,1.0,1.5,55.333333333333336,56.8,67.5
612118,44307,Collingwood Magpies,Brisbane Lions,2025-09-20,2025,PF,13.0,,69,20.666666666666668,16.2,16.555555555555557,1.0,1.0,1.0,84.33333333333333,67.4,72.6
609529,44878,Collingwood Magpies,Brisbane Lions,2025-09-20,2025,PF,13.0,1.0,60,17.0,16.0,13.666666666666666,2.0,1.3333333333333333,1.1666666666666667,80.33333333333333,82.8,70.6
602603,44090,Collingwood Magpies,Brisbane Lions,2025-09-20,2025,PF,12.0,1.0,42,18.666666666666668,17.8,16.1,1.0,1.0,1.0,77.0,64.4,60.7
615328,44472,Collingwood Magpies,Brisbane Lions,2025-09-20,2025,PF,11.0,2.0,74,8.333333333333334,7.4,8.6,2.0,1.3333333333333333,1.75,41.333333333333336,36.8,47.0
610969,43635,Collingwood Magpies,Brisbane Lions,2025-09-20,2025,PF,6.0,2.0,49,8.0,6.2,6.888888888888889,,,1.0,49.66666666666666,39.0,42.1
612282,43668,Collingwood Magpies,Brisbane Lions,2025-09-20,2025,PF,27.0,,90,25.5,26.0,31.666666666666668,1.0,1.0,1.2857142857142858,101.66666666666669,97.0,114.0
608314,43667,Collingwood Magpies,Brisbane Lions,2025-09-20,2025,PF,21.0,,101,15.666666666666666,17.2,20.5,,,2.0,79.0,82.8,91.5
614705,44673,Collingwood Magpies,Brisbane Lions,2025-09-20,2025,PF,,,0,22.666666666666668,23.75,23.5,,,1.0,87.0,87.4,88.1
600303,43844,Collingwood Magpies,Brisbane Lions,2025-09-20,2025,PF,7.0,,31,13.666666666666666,11.4,11.3,,,,60.333333333333336,48.2,45.9
603022,44521,Collingwood Magpies,Brisbane Lions,2025-09-20,2025,PF,9.0,,28,12.0,11.75,11.22222222222222,,,,52.0,48.4,45.9
607028,43788,Collingwood Magpies,Brisbane Lions,2025-09-20,2025,PF,16.0,4.0,103,12.0,10.0,10.9,2.6666666666666665,2.25,2.2222222222222223,80.66666666666667,60.6,65.3
599971,44405,Collingwood Magpies,Brisbane Lions,2025-09-20,2025,PF,13.0,,56,14.333333333333334,12.2,12.4,,,1.0,58.333333333333336,56.4,57.6
614976,44927,Collingwood Magpies,Brisbane Lions,2025-09-20,2025,PF,18.0,,66,17.333333333333332,18.2,18.3,2.0,2.0,2.0,74.33333333333333,78.0,79.1
601095,44488,Collingwood Magpies,Brisbane Lions,2025-09-20,2025,PF,7.0,,32,9.0,8.8,10.1,1.0,1.3333333333333333,1.625,40.66666666666666,48.2,58.8
619414,46308,Collingwood Magpies,Brisbane Lions,2025-09-20,2025,PF,12.0,,45,5.666666666666667,9.0,9.0,,,,25.0,36.0,36.0
602842,43514,Collingwood Magpies,Brisbane Lions,2025-09-20,2025,PF,15.0,,104,17.666666666666668,16.2,17.8,1.0,1.0,1.0,97.33333333333331,93.0,96.9
607128,43380,Brisbane Lions,Collingwood Magpies,2025-09-20,2025,PF,11.0,,39,21.666666666666668,20.8,20.8,1.0,1.0,1.25,86.66666666666667,82.0,87.0
607799,43566,Geelong Cats,Brisbane Lions,2025-09-27,2025,GF,14.0,,56,7.0,7.2,9.3,,,1.0,21.666666666666668,25.8,38.1
519185,45314,Brisbane Lions,Geelong Cats,2025-09-27,2025,GF,17.0,,78,15.333333333333334,15.8,15.2,1.0,1.0,1.0,63.66666666666666,70.2,67.9
602938,43866,Brisbane Lions,Geelong Cats,2025-09-27,2025,GF,14.0,,62,13.0,11.4,11.0,,,,65.0,54.2,47.8
617010,43322,Brisbane Lions,Geelong Cats,2025-09-27,2025,GF,23.0,3.0,127,18.5,22.5,23.0,2.0,2.0,2.111111111111111,82.0,93.4,93.6
604074,44487,Geelong Cats,Brisbane Lions,2025-09-27,2025,GF,16.0,,73,24.0,22.4,23.9,1.0,1.3333333333333333,1.1666666666666667,84.0,88.0,93.8
605105,43424,Geelong Cats,Brisbane Lions,2025-09-27,2025,GF,16.0,1.0,61,13.333333333333334,13.0,14.0,1.0,1.0,1.2857142857142858,58.0,53.4,58.5
605568,44372,Geelong Cats,Brisbane Lions,2025-09-27,2025,GF,1.0,,3,10.0,12.5,14.333333333333334,1.0,1.8,1.7142857142857142,58.0,66.0,71.0
603256,45307,Brisbane Lions,Geelong Cats,2025-09-27,2025,GF,28.0,,116,29.666666666666668,27.6,25.5,1.0,1.0,1.0,120.33333333333331,111.4,100.2
613235,43674,Geelong Cats,Brisbane Lions,2025-09-27,2025,GF,10.0,,38,22.33333333333333,20.0,16.8,2.5,1.75,1.8333333333333333,93.66666666666669,87.0,72.8
610840,43405,Geelong Cats,Brisbane Lions,2025-09-27,2025,GF,11.0,1.0,65,13.666666666666666,15.0,15.6,1.0,1.3333333333333333,1.3333333333333333,88.33333333333333,83.8,78.2
615658,43312,Geelong Cats,Brisbane Lions,2025-09-27,2025,GF,20.0,,68,23.0,22.0,20.9,1.0,1.0,1.0,109.33333333333331,96.2,90.8
599804,44960,Geelong Cats,Brisbane Lions,2025-09-27,2025,GF,29.0,,99,30.666666666666668,30.5,30.22222222222222,1.0,1.0,1.0,109.66666666666669,111.6,106.4
609493,44585,Brisbane Lions,Geelong Cats,2025-09-27,2025,GF,17.0,1.0,66,34.666666666666664,31.8,27.8,1.0,1.0,1.0,117.66666666666669,112.6,97.5
605441,44030,Geelong Cats,Brisbane Lions,2025-09-27,2025,GF,12.0,,49,9.333333333333334,10.4,12.2,,,,43.333333333333336,46.6,55.6
603121,45255,Brisbane Lions,Geelong Cats,2025-09-27,2025,GF,17.0,,68,25.0,24.6,23.7,,,1.5,92.33333333333331,93.2,94.0
613124,44429,Brisbane Lions,Geelong Cats,2025-09-27,2025,GF,8.0,,46,6.666666666666667,7.4,8.2,,,1.5,42.66666666666666,54.6,61.4
602913,43842,Brisbane Lions,Geelong Cats,2025-09-27,2025,GF,9.0,,98,11.5,12.0,10.22222222222222,,1.0,1.0,88.0,84.8,71.0
604794,44400,Brisbane Lions,Geelong Cats,2025-09-27,2025,GF,26.0,4.0,123,28.0,28.8,28.22222222222222,1.0,1.3333333333333333,1.2,90.33333333333331,99.4,96.9
614896,44586,Geelong Cats,Brisbane Lions,2025-09-27,2025,GF,5.0,1.0,29,6.333333333333333,8.2,9.4,2.0,2.4,2.7777777777777777,47.333333333333336,63.2,65.4
608993,44299,Brisbane Lions,Geelong Cats,2025-09-27,2025,GF,17.0,2.0,71,13.666666666666666,12.2,11.5,2.0,2.0,1.6666666666666667,69.33333333333333,67.6,61.6
616578,43307,Brisbane Lions,Geelong Cats,2025-09-27,2025,GF,32.0,1.0,135,26.0,25.8,27.0,2.0,2.0,2.0,108.66666666666669,102.6,105.7
600748,45002,Brisbane Lions,Geelong Cats,2025-09-27,2025,GF,4.0,,19,11.0,11.8,10.9,,,,46.66666666666666,51.2,46.6
601595,44753,Brisbane Lions,Geelong Cats,2025-09-27,2025,GF,11.0,1.0,51,13.0,14.8,16.0,2.0,2.0,2.0,65.66666666666667,72.8,79.6
613640,45000,Geelong Cats,Brisbane Lions,2025-09-27,2025,GF,6.0,,35,9.666666666666666,8.6,9.88888888888889,1.0,1.0,1.0,75.0,63.6,65.5
610924,44617,Geelong Cats,Brisbane Lions,2025-09-27,2025,GF,13.0,,46,8.666666666666666,11.6,11.2,,,,28.33333333333333,46.2,46.3
618762,46198,Brisbane Lions,Geelong Cats,2025-09-27,2025,GF,4.0,,20,10.666666666666666,15.2,11.9,,,1.0,37.66666666666666,56.2,43.5
604166,43290,Brisbane Lions,Geelong Cats,2025-09-27,2025,GF,13.0,,76,13.0,12.8,10.1,,,,88.33333333333333,91.6,71.8
607583,43516,Geelong Cats,Brisbane Lions,2025-09-27,2025,GF,8.0,,44,16.333333333333332,14.8,14.2,3.0,3.25,4.444444444444445,98.66666666666669,90.0,92.2
580955,45474,Geelong Cats,Brisbane Lions,2025-09-27,2025,GF,5.0,,39,7.666666666666667,7.0,6.777777777777778,1.0,1.0,1.0,64.0,55.2,47.2
612841,43717,Geelong Cats,Brisbane Lions,2025-09-27,2025,GF,19.0,4.0,94,18.666666666666668,17.8,18.0,2.0,1.5,1.2857142857142858,74.33333333333333,77.0,77.3
551870,45609,Geelong Cats,Brisbane Lions,2025-09-27,2025,GF,23.0,,98,10.333333333333334,10.8,12.7,,,1.0,46.0,48.4,55.7
601750,43512,Brisbane Lions,Geelong Cats,2025-09-27,2025,GF,10.0,4.0,76,10.333333333333334,10.8,10.22222222222222,1.0,1.75,1.8333333333333333,50.0,56.2,52.2
602233,44639,Geelong Cats,Brisbane Lions,2025-09-27,2025,GF,12.0,,50,9.333333333333334,10.2,11.4,,,,41.0,53.0,55.7
614026,44276,Brisbane Lions,Geelong Cats,2025-09-27,2025,GF,14.0,,72,13.0,14.6,12.444444444444445,,1.0,1.0,56.66666666666666,71.8,52.9
617583,45999,Brisbane Lions,Geelong Cats,2025-09-27,2025,GF,17.0,1.0,65,14.0,16.0,17.6,,,1.3333333333333333,57.333333333333336,63.2,68.4
616511,45006,Geelong Cats,Brisbane Lions,2025-09-27,2025,GF,7.0,,51,9.333333333333334,8.0,8.5,2.5,2.6666666666666665,2.142857142857143,76.33333333333333,70.6,64.3
612770,44551,Geelong Cats,Brisbane Lions,2025-09-27,2025,GF,0.0,1.0,27,4.666666666666667,4.4,5.6,1.0,1.0,1.0,41.66666666666666,40.0,45.6
600564,43581,Geelong Cats,Brisbane Lions,2025-09-27,2025,GF,12.0,1.0,53,13.666666666666666,12.8,13.3,1.0,1.0,1.1666666666666667,58.0,53.4,59.4
617086,43957,Geelong Cats,Brisbane Lions,2025-09-27,2025,GF,16.0,,54,16.666666666666668,16.6,17.2,,,,68.33333333333333,75.4,78.7
607332,43827,Brisbane Lions,Geelong Cats,2025-09-27,2025,GF,29.0,,106,19.666666666666668,22.6,22.444444444444443,1.0,1.0,1.0,81.66666666666667,92.8,89.6
608399,43756,Brisbane Lions,Geelong Cats,2025-09-27,2025,GF,16.0,,66,23.0,25.2,26.6,1.0,1.0,1.0,129.0,122.8,124.1
618285,46105,Brisbane Lions,Geelong Cats,2025-09-27,2025,GF,10.0,,31,10.333333333333334,8.4,8.4,2.0,2.0,2.0,57.333333333333336,47.6,47.6
601120,44770,Brisbane Lions,Geelong Cats,2025-09-27,2025,GF,11.0,,38,9.0,9.4,9.4,1.0,1.0,1.0,40.333333333333336,42.0,41.1
611542,44073,Geelong Cats,Brisbane Lions,2025-09-27,2025,GF,33.0,1.0,134,24.666666666666668,24.8,27.3,1.0,1.0,1.2,100.66666666666669,93.0,104.2
614931,44356,Geelong Cats,Brisbane Lions,2025-09-27,2025,GF,11.0,1.0,74,11.0,12.4,14.1,2.0,2.5,2.142857142857143,80.0,91.8,93.2
610286,44534,Brisbane Lions,Geelong Cats,2025-09-27,2025,GF,9.0,1.0,62,9.333333333333334,8.5,8.88888888888889,1.3333333333333333,1.8,2.333333333333333,48.333333333333336,48.2,54.5
